tile_id,patch_row,patch_col,tile_center_lat,tile_center_lon,ndvi,ndbi,albedo,lst_c
0,0,0,51.13274883219548,2.9725412477833446,0.6139003837114511,-0.2036923127200358,0.1875348103515625,30.262378058515644
0,0,1,51.13274883219548,2.9725412477833446,0.5685674461980189,-0.1462026820292156,0.1630069029296875,31.06554537200002
0,0,2,51.13274883219548,2.9725412477833446,0.5689709167634062,-0.16026163272224542,0.17447156757812504,31.32830628781252
0,0,3,51.13274883219548,2.9725412477833446,0.6453080881612707,-0.24473038644176132,0.1769493126953125,30.650476872382832
0,0,4,51.13274883219548,2.9725412477833446,0.5975636279404835,-0.18857963754268525,0.18085893652343754,31.105173669687517
0,0,5,51.13274883219548,2.9725412477833446,0.5916485755970156,-0.17589003653756258,0.17431032050781253,31.09209573769533
0,0,6,51.13274883219548,2.9725412477833446,0.4939285957757408,-0.060119933106241,0.16163100371093753,33.452912805546895
0,0,7,51.13274883219548,2.9725412477833446,0.534452760173755,-0.10417976255935625,0.16273935039062504,32.70770433570315
0,0,8,51.13274883219548,2.9725412477833446,0.5755177542211176,-0.12398949363575729,0.17109545371093754,33.29025644363283
0,0,9,51.13274883219548,2.9725412477833446,0.5770281794754584,-0.18017558369368886,0.19804452792968752,31.849327359921894
0,0,10,51.13274883219548,2.9725412477833446,0.5370376849551628,-0.0850995766711446,0.1735537537109375,32.37082241527346
0,0,11,51.13274883219548,2.9725412477833446,0.4807168586900521,-0.013413545102564046,0.17653046738281253,32.2882825729297
0,0,12,51.13274883219548,2.9725412477833446,0.5351347343184243,-0.07883507579238042,0.18134810585937503,32.33160197093752
0,0,13,51.13274883219548,2.9725412477833446,0.4919250041774803,-0.07004879590011315,0.1669796513671875,35.569721965156276
0,1,0,51.13274883219548,2.9725412477833446,0.5454980810468464,-0.17062489250151158,0.182640246484375,31.694021076171893
0,1,1,51.13274883219548,2.9725412477833446,0.5114052694011474,-0.1347290823266276,0.16426937031250002,31.22241442601564
0,1,2,51.13274883219548,2.9725412477833446,0.5568773057739148,-0.139220078950896,0.1637604623046875,32.9307101132422
0,1,3,51.13274883219548,2.9725412477833446,0.5643403039929697,-0.13289315044376598,0.168329242578125,32.64017173742189
0,1,4,51.13274883219548,2.9725412477833446,0.47478343218148833,-0.0547612647573375,0.15291362539062497,33.54811667902345
0,1,5,51.13274883219548,2.9725412477833446,0.43186769386978086,-0.015790421124684612,0.14241039921875,34.27387180847658
0,1,6,51.13274883219548,2.9725412477833446,0.4875033905133531,-0.07939853287763178,0.14183884316406253,33.5997875282422
0,1,7,51.13274883219548,2.9725412477833446,0.542503104944801,-0.09784313584967137,0.15565978027343752,32.86901885773439
0,1,8,51.13274883219548,2.9725412477833446,0.5681779670564032,-0.11614282694575043,0.1704586734375,32.03531571382814
0,1,9,51.13274883219548,2.9725412477833446,0.6306074725421522,-0.17600584937737446,0.16771727285156252,30.47622461058596
0,1,10,51.13274883219548,2.9725412477833446,0.5791853743840194,-0.13429081175759164,0.17470992109375,30.18384370835939
0,1,11,51.13274883219548,2.9725412477833446,0.6725592873778213,-0.2444346703914507,0.18617995742187501,29.652168027031273
0,1,12,51.13274883219548,2.9725412477833446,0.6269681905507205,-0.19047342355866526,0.179260137890625,29.903793046250023
0,1,13,51.13274883219548,2.9725412477833446,0.6777137207490945,-0.2604018091793783,0.181434203515625,31.303138445234392
0,2,0,51.13274883219548,2.9725412477833446,0.4856245211588609,-0.10570398228421085,0.1901156158203125,32.48803646832033
0,2,1,51.13274883219548,2.9725412477833446,0.5459506983401323,-0.12731195297904963,0.19120312421875,32.63425028480471
0,2,2,51.13274883219548,2.9725412477833446,0.5408831495731365,-0.11970556016812661,0.16860267695312503,32.15685569843752
0,2,3,51.13274883219548,2.9725412477833446,0.4146002306738815,-0.04230951563383727,0.1540461572265625,34.62919234460939
0,2,4,51.13274883219548,2.9725412477833446,0.4881117028498951,-0.07039755832178109,0.151095621484375,34.173267196367206
0,2,5,51.13274883219548,2.9725412477833446,0.49171832629522993,-0.07387564909642465,0.14989698847656252,33.503054891914076
0,2,6,51.13274883219548,2.9725412477833446,0.5832802125375656,-0.11373100224891154,0.1661464826171875,31.83403973140627
0,2,7,51.13274883219548,2.9725412477833446,0.5999720581606947,-0.13869211183704527,0.17408233632812503,31.5277197163672
0,2,8,51.13274883219548,2.9725412477833446,0.6116797815790584,-0.16911719230470584,0.1861422830078125,31.76707457785158
0,2,9,51.13274883219548,2.9725412477833446,0.6771398252038909,-0.19797943361175635,0.17871961425781252,30.44654391347658
0,2,10,51.13274883219548,2.9725412477833446,0.5948779235954327,-0.0956271150768343,0.1821383685546875,31.21820198339846
0,2,11,51.13274883219548,2.9725412477833446,0.6793358650917576,-0.1637859222734815,0.18070338984375,29.608541541289082
0,2,12,51.13274883219548,2.9725412477833446,0.6070179429266434,-0.11737889271656232,0.18351348886718752,30.289762273437518
0,2,13,51.13274883219548,2.9725412477833446,0.7008603788417156,-0.2722552578184749,0.179750148828125,28.636655592734396
0,3,0,51.13274883219548,2.9725412477833446,0.6436503304681568,-0.24572539125047274,0.19901606992187498,31.400425174648458
0,3,1,51.13274883219548,2.9725412477833446,0.6259469648552912,-0.20691302696283703,0.183040230078125,30.785421904179707
0,3,2,51.13274883219548,2.9725412477833446,0.5646926327812365,-0.12116204897767752,0.16784234785156252,32.06989646304689
0,3,3,51.13274883219548,2.9725412477833446,0.34128997422983204,-0.014086195244856053,0.14346018320312504,36.018797721757835
0,3,4,51.13274883219548,2.9725412477833446,0.4441380391984734,-0.0628455838956177,0.1679018802734375,33.551454589179706
0,3,5,51.13274883219548,2.9725412477833446,0.585004013972626,-0.16012165779744295,0.17964954648437503,30.563597746835956
0,3,6,51.13274883219548,2.9725412477833446,0.6362489338412841,-0.16950528590882524,0.1834223955078125,30.20756957375002
0,3,7,51.13274883219548,2.9725412477833446,0.6544999406127848,-0.23132144897275372,0.1727518900390625,29.340106806523455
0,3,8,51.13274883219548,2.9725412477833446,0.6505291757405263,-0.21642206852031903,0.17875440839843754,30.11942204234377
0,3,9,51.13274883219548,2.9725412477833446,0.5762705324883779,-0.1606060245586735,0.18409680527343752,31.322498324140646
0,3,10,51.13274883219548,2.9725412477833446,0.5946804160842423,-0.13371291271041114,0.18352521875000002,30.963158944179703
0,3,11,51.13274883219548,2.9725412477833446,0.5990340450278131,-0.09442366958642492,0.18857286171875004,31.06373685300783
0,3,12,51.13274883219548,2.9725412477833446,0.5936701970773575,-0.15868210286954004,0.1807937048828125,29.06697897007814
0,3,13,51.13274883219548,2.9725412477833446,0.558260503040475,-0.10190960057165545,0.1812481677734375,31.769598037929704
0,4,0,51.13274883219548,2.9725412477833446,0.6454347537978339,-0.2797977861563469,0.19441347324218752,31.43765622453127
0,4,1,51.13274883219548,2.9725412477833446,0.59513218840922,-0.15569848850001441,0.1725167333984375,31.25340358390627
0,4,2,51.13274883219548,2.9725412477833446,0.6576019235564763,-0.23517413022350983,0.1747847796875,30.793085745898455
0,4,3,51.13274883219548,2.9725412477833446,0.6074445840219743,-0.16174114958587663,0.1753821810546875,30.301051085585954
0,4,4,51.13274883219548,2.9725412477833446,0.6773919780082318,-0.24753109239698404,0.174006301171875,29.02287182527346
0,4,5,51.13274883219548,2.9725412477833446,0.5826673966081668,-0.18407061724852825,0.1792872201171875,29.80159958890627
0,4,6,51.13274883219548,2.9725412477833446,0.5779912588206519,-0.13084280588827318,0.19105526347656251,29.87736347363283
0,4,7,51.13274883219548,2.9725412477833446,0.6078916612393772,-0.1665726548288627,0.18598651972656252,29.79393574718752
0,4,8,51.13274883219548,2.9725412477833446,0.6550261357287882,-0.1842441010607639,0.18572753515625,29.600143359335952
0,4,9,51.13274883219548,2.9725412477833446,0.677092616019715,-0.20598862607696508,0.18812993066406253,29.379914723046895
0,4,10,51.13274883219548,2.9725412477833446,0.6178099013368575,-0.15023807800624553,0.180557635546875,31.54643204070314
0,4,11,51.13274883219548,2.9725412477833446,0.5920442296954522,-0.13267685367882193,0.1961939548828125,33.10875424097658
0,4,12,51.13274883219548,2.9725412477833446,0.6441710424698607,-0.17626173813449225,0.19176425742187503,29.72371946914064
0,4,13,51.13274883219548,2.9725412477833446,0.5779770953897252,-0.15162591508006604,0.1893222681640625,32.7581535098047
0,5,0,51.13274883219548,2.9725412477833446,0.4905420479899603,-0.07258342768834021,0.185395683984375,34.04577238003908
0,5,1,51.13274883219548,2.9725412477833446,0.5065653186900335,-0.08868232831389818,0.19357444550781253,32.95135842546877
0,5,2,51.13274883219548,2.9725412477833446,0.5352330266708696,-0.12252260676859578,0.1768588771484375,30.47589081957033
0,5,3,51.13274883219548,2.9725412477833446,0.6525073730032139,-0.21122441938045727,0.16058456171875002,29.452287291054706
0,5,4,51.13274883219548,2.9725412477833446,0.7375789660070952,-0.3650932179610086,0.18957379570312502,29.450277869140645
0,5,5,51.13274883219548,2.9725412477833446,0.5601449603816057,-0.18406647157674458,0.1743019330078125,29.611071677187518
0,5,6,51.13274883219548,2.9725412477833446,0.6499469820631849,-0.20281101124994205,0.17603745292968753,29.800277776484393
0,5,7,51.13274883219548,2.9725412477833446,0.6757585864036316,-0.23355479254042794,0.1783076251953125,30.269080582109392
0,5,8,51.13274883219548,2.9725412477833446,0.5898033426977183,-0.13543877350619793,0.1846412244140625,32.176162170781275
0,5,9,51.13274883219548,2.9725412477833446,0.57709570791955,-0.0940202068361,0.18462184648437502,32.205208664960956
0,5,10,51.13274883219548,2.9725412477833446,0.5112222627491965,-0.03723970492677884,0.18716767792968753,33.07232428953127
0,5,11,51.13274883219548,2.9725412477833446,0.45646625767557436,-0.04673062349146744,0.19744632714843752,34.52440199316408
0,5,12,51.13274883219548,2.9725412477833446,0.5640735479431612,-0.12099127703814305,0.1852733091796875,31.532733257421892
0,5,13,51.13274883219548,2.9725412477833446,0.6319080235018006,-0.16821946582199854,0.17512863125,30.849690026328144
0,6,0,51.13274883219548,2.9725412477833446,0.7260575257691829,-0.34707533025336257,0.18437048554687502,29.935937121054707
0,6,1,51.13274883219548,2.9725412477833446,0.5969912843125447,-0.19666289763092093,0.18291941054687502,30.926682261992205
0,6,2,51.13274883219548,2.9725412477833446,0.5858380672230707,-0.1343840438924169,0.1941779794921875,29.64167363750002
0,6,3,51.13274883219548,2.9725412477833446,0.5786805899743841,-0.20274165238273395,0.16905896015625002,30.992025191210956
0,6,4,51.13274883219548,2.9725412477833446,0.6876073225614708,-0.3015652062157051,0.17224224726562504,30.261763883046896
0,6,5,51.13274883219548,2.9725412477833446,0.6223904659228057,-0.19113434711762592,0.19000231484375002,30.66472974875002
0,6,6,51.13274883219548,2.9725412477833446,0.5143999204610793,-0.12640341559874288,0.183281553515625,31.782649266640643
0,6,7,51.13274883219548,2.9725412477833446,0.6079301950945246,-0.16581506510497693,0.17986149941406251,31.53382141613283
0,6,8,51.13274883219548,2.9725412477833446,0.5649110529403041,-0.12881138234487072,0.17599047734375,31.631668914453144
0,6,9,51.13274883219548,2.9725412477833446,0.6693323588713874,-0.19698461756855898,0.18051339238281253,30.155851993789078
0,6,10,51.13274883219548,2.9725412477833446,0.5700779643572926,-0.10855156801855693,0.1876229958984375,31.637149762929702
0,6,11,51.13274883219548,2.9725412477833446,0.529025258819964,-0.06564983919272716,0.18374972578125,32.997354827421894
0,6,12,51.13274883219548,2.9725412477833446,0.5827099702260004,-0.12360749676754355,0.18387155410156253,31.70739942007814
0,6,13,51.13274883219548,2.9725412477833446,0.6163669967938483,-0.16782963141597884,0.176847671484375,34.81624882976564
0,7,0,51.13274883219548,2.9725412477833446,0.68436993628887,-0.29576562693439806,0.18928456328125,29.412132231875017
0,7,1,51.13274883219548,2.9725412477833446,0.6341569515258854,-0.23461188266198243,0.19092181933593752,31.4981792114844
0,7,2,51.13274883219548,2.9725412477833446,0.6665036984980934,-0.2506808038016225,0.18517518789062504,29.956038016015643
0,7,3,51.13274883219548,2.9725412477833446,0.6739042779427729,-0.27998874009524,0.19111836074218752,29.438715348359395
0,7,4,51.13274883219548,2.9725412477833446,0.548541241423521,-0.13058327474518344,0.16969459414062502,32.73960808097658
0,7,5,51.13274883219548,2.9725412477833446,0.4903693760402649,-0.04846867655876407,0.1853625296875,33.179344364960954
0,7,6,51.13274883219548,2.9725412477833446,0.5106373568355409,-0.12987483803393995,0.1827878697265625,31.519682028710957
0,7,7,51.13274883219548,2.9725412477833446,0.6355059727600231,-0.1706725480959431,0.18184718691406251,30.743330857109395
0,7,8,51.13274883219548,2.9725412477833446,0.6377284226668372,-0.20152471438193215,0.16230441582031252,29.107227490742208
0,7,9,51.13274883219548,2.9725412477833446,0.6468324409538402,-0.18051940137155037,0.183290371484375,30.55591387765627
0,7,10,51.13274883219548,2.9725412477833446,0.6000780080832295,-0.12197682316739103,0.18921889824218752,31.58191402566408
0,7,11,51.13274883219548,2.9725412477833446,0.6209961361537404,-0.16967660515516061,0.18842228339843753,32.04896109054689
0,7,12,51.13274883219548,2.9725412477833446,0.5917695868415599,-0.15643663538836527,0.17444496835937504,33.618887050156275
0,7,13,51.13274883219548,2.9725412477833446,0.5451227243119743,-0.10068469656146295,0.16141692636718752,34.47707710296877
0,8,0,51.13274883219548,2.9725412477833446,0.6149376451132381,-0.20810818445723847,0.17624077109375,29.570542772070333
0,8,1,51.13274883219548,2.9725412477833446,0.6071799927377314,-0.1918703055032355,0.19389659921875002,29.834110833828145
0,8,2,51.13274883219548,2.9725412477833446,0.5696281086292855,-0.15931241443601812,0.19582043808593752,30.369351403203144
0,8,3,51.13274883219548,2.9725412477833446,0.5522802115149967,-0.1668644306802352,0.20557210312500002,30.964867954179702
0,8,4,51.13274883219548,2.9725412477833446,0.5852859149783385,-0.11070006459202114,0.1817046015625,31.4064801436719
0,8,5,51.13274883219548,2.9725412477833446,0.5511792818212712,-0.08384174978743932,0.17602072109375,31.40639335800783
0,8,6,51.13274883219548,2.9725412477833446,0.6713049109045097,-0.21426260564228516,0.16735066875000001,29.572685710390644
0,8,7,51.13274883219548,2.9725412477833446,0.6404411299395139,-0.14818119731492718,0.1733480658203125,29.651260115468766
0,8,8,51.13274883219548,2.9725412477833446,0.6612414200569882,-0.20341071651172093,0.17628252539062503,29.66314975144533
0,8,9,51.13274883219548,2.9725412477833446,0.5500503173176147,-0.14437841012005598,0.17189203066406253,30.843708491328144
0,8,10,51.13274883219548,2.9725412477833446,0.6452835178199814,-0.18431469178385382,0.1790442341796875,31.25431149546877
0,8,11,51.13274883219548,2.9725412477833446,0.5904496380567987,-0.14884953053776787,0.1884532759765625,33.03963279746096
0,8,12,51.13274883219548,2.9725412477833446,0.5707773419779756,-0.17707453724332692,0.14943360664062502,33.87625327484376
0,8,13,51.13274883219548,2.9725412477833446,0.5254433331943156,-0.10340619581220979,0.1595864724609375,37.49219799546877
0,9,0,51.13274883219548,2.9725412477833446,0.5811749762379281,-0.1472319854581195,0.18794821875,31.027447093789082
0,9,1,51.13274883219548,2.9725412477833446,0.4899107193640447,-0.09622282616728743,0.17418440351562503,30.882601820468764
0,9,2,51.13274883219548,2.9725412477833446,0.4986379383101157,-0.10501294001617922,0.20020957890625002,30.508295251367205
0,9,3,51.13274883219548,2.9725412477833446,0.5236453936209945,-0.08212815555515804,0.18981649667968753,32.687863797734394
0,9,4,51.13274883219548,2.9725412477833446,0.4903687690085087,-0.0510221175798651,0.17009312285156253,33.80487540406252
0,9,5,51.13274883219548,2.9725412477833446,0.5212663105279749,-0.07504884797143199,0.1778632583984375,33.02652816218752
0,9,6,51.13274883219548,2.9725412477833446,0.647737668861436,-0.19256710231954774,0.18184888437500002,30.191006863554705
0,9,7,51.13274883219548,2.9725412477833446,0.7028996116386554,-0.23987334209091998,0.17915917226562503,28.30753097550783
0,9,8,51.13274883219548,2.9725412477833446,0.5410380115264151,-0.09166634877646267,0.1792650607421875,31.05634004410158
0,9,9,51.13274883219548,2.9725412477833446,0.521418104340331,-0.08648142524677663,0.186567241796875,32.230489996484394
0,9,10,51.13274883219548,2.9725412477833446,0.5998942478397667,-0.16097754633365458,0.17504951328125,31.55040415378908
0,9,11,51.13274883219548,2.9725412477833446,0.5447900571161983,-0.09092989220893091,0.166944226953125,33.60948081933596
0,9,12,51.13274883219548,2.9725412477833446,0.6188084464992856,-0.1373289866230059,0.18729679843750002,33.743344368242205
0,9,13,51.13274883219548,2.9725412477833446,0.4716402550673234,-0.058820480756317337,0.19181589843750002,35.15092772949221
0,10,0,51.13274883219548,2.9725412477833446,0.4168969557911436,-0.08292486949155373,0.20259662968750003,31.611134091171895
0,10,1,51.13274883219548,2.9725412477833446,0.46078272282810906,-0.06650974602194112,0.18942402597656252,30.68673992832033
0,10,2,51.13274883219548,2.9725412477833446,0.5572113950548988,-0.10768514747874393,0.18464338867187502,31.364061981406266
0,10,3,51.13274883219548,2.9725412477833446,0.5391793101710094,-0.0638048221363465,0.1799224322265625,33.43047537347658
0,10,4,51.13274883219548,2.9725412477833446,0.49069880294625073,-0.046595733089595984,0.179225641796875,34.33140402792971
0,10,5,51.13274883219548,2.9725412477833446,0.5625555369946063,-0.0923204927177861,0.17711741562500002,32.26870906777346
0,10,6,51.13274883219548,2.9725412477833446,0.5662783296196372,-0.11467635042254548,0.1840562083984375,31.41109313550783
0,10,7,51.13274883219548,2.9725412477833446,0.6384075618989118,-0.19008708888365106,0.18601711972656249,30.281097058671893
0,10,8,51.13274883219548,2.9725412477833446,0.6526535094345393,-0.1747966560859987,0.1819041814453125,31.087716399570333
0,10,9,51.13274883219548,2.9725412477833446,0.584540938610074,-0.11104881767325604,0.18222885859375,32.12654747421877
0,10,10,51.13274883219548,2.9725412477833446,0.5585919385804674,-0.0914319219666897,0.1782042087890625,32.532904656640646
0,10,11,51.13274883219548,2.9725412477833446,0.6015762247324081,-0.11875283027155065,0.1719273103515625,34.82090187652345
0,10,12,51.13274883219548,2.9725412477833446,0.6013319552419405,-0.1157822700767272,0.179570284375,33.6582610383594
0,10,13,51.13274883219548,2.9725412477833446,0.5477684750088883,-0.04795948964625624,0.179185180078125,36.30689942316408
0,11,0,51.13274883219548,2.9725412477833446,0.49413721166597296,-0.12519788139032859,0.20265884687500002,30.40317778472658
0,11,1,51.13274883219548,2.9725412477833446,0.5337416242705999,-0.08380630736459121,0.18779959765625,30.961603478046896
0,11,2,51.13274883219548,2.9725412477833446,0.5710291660761476,-0.13948155128482964,0.19225533261718752,31.977282807851584
0,11,3,51.13274883219548,2.9725412477833446,0.494125296261574,-0.05127853207116376,0.18475036718750001,34.435453363320335
0,11,4,51.13274883219548,2.9725412477833446,0.6006542268715744,-0.16529163859097307,0.18530464570312502,31.743348712460953
0,11,5,51.13274883219548,2.9725412477833446,0.6030580316937183,-0.15375297972928703,0.18578762890625,30.956563233710952
0,11,6,51.13274883219548,2.9725412477833446,0.5958707618055,-0.12547880723548094,0.17860305605468751,31.655461538046893
0,11,7,51.13274883219548,2.9725412477833446,0.6313628029739972,-0.16058120452129107,0.18459792050781254,31.43616084078127
0,11,8,51.13274883219548,2.9725412477833446,0.6141662445514987,-0.14960940250923338,0.18757794101562503,31.88817395832033
0,11,9,51.13274883219548,2.9725412477833446,0.5983661061723302,-0.15026773054244924,0.18501088281250003,33.139903618554705
0,11,10,51.13274883219548,2.9725412477833446,0.607677412556675,-0.09142399953186511,0.1807176154296875,32.223500412617206
0,11,11,51.13274883219548,2.9725412477833446,0.6026205739754131,-0.11353756059873696,0.173407049609375,32.45686706328127
0,11,12,51.13274883219548,2.9725412477833446,0.618158037123486,-0.15953327933726485,0.1732169365234375,35.53642297343751
0,11,13,51.13274883219548,2.9725412477833446,0.5646007379637401,-0.12564935235586497,0.1757369884765625,35.041844825585954
0,12,0,51.13274883219548,2.9725412477833446,0.5256812419059569,-0.0627503426759062,0.18130597148437502,31.81513380828127
0,12,1,51.13274883219548,2.9725412477833446,0.43465871939715606,0.0018839673885999858,0.18892927519531252,31.879929320234396
0,12,2,51.13274883219548,2.9725412477833446,0.5641505588736858,-0.12530018615143346,0.18951795683593753,31.059824822304705
0,12,3,51.13274883219548,2.9725412477833446,0.4898408635306378,-0.043322076315545154,0.1814424349609375,32.46204749984377
0,12,4,51.13274883219548,2.9725412477833446,0.40743685431548515,0.033192027345822994,0.18075760605468752,34.02352854675783
0,12,5,51.13274883219548,2.9725412477833446,0.5225641436913181,-0.06985148437272053,0.178772144140625,33.089821614570326
0,12,6,51.13274883219548,2.9725412477833446,0.5605064635175564,-0.0691880752111462,0.181074386328125,31.372413432617208
0,12,7,51.13274883219548,2.9725412477833446,0.5967640978587951,-0.12023185613760504,0.1842098919921875,31.114626631250022
0,12,8,51.13274883219548,2.9725412477833446,0.5516931461529759,-0.07866327377926245,0.18195735078125003,31.243429908359396
0,12,9,51.13274883219548,2.9725412477833446,0.5774121136110416,-0.11362950467042293,0.1803014373046875,32.52217661339846
0,12,10,51.13274883219548,2.9725412477833446,0.6130240565809522,-0.11212650934091253,0.18363434550781252,32.16183586039065
0,12,11,51.13274883219548,2.9725412477833446,0.6699950542197927,-0.19521672393933032,0.1750279611328125,31.19231982804689
0,12,12,51.13274883219548,2.9725412477833446,0.6026534747876688,-0.1521587667152255,0.186527956640625,34.87879459027345
0,12,13,51.13274883219548,2.9725412477833446,0.5990428654108316,-0.14058467154546261,0.18582141640625,33.34868322300783
0,13,0,51.13274883219548,2.9725412477833446,0.5848958671275597,-0.1316898196419617,0.18369999277343751,31.192720377265644
0,13,1,51.13274883219548,2.9725412477833446,0.574863687715128,-0.11239381662061414,0.17690343984375,31.03093854781252
0,13,2,51.13274883219548,2.9725412477833446,0.6599461031657391,-0.20893826926654946,0.1781583578125,29.945603708867207
0,13,3,51.13274883219548,2.9725412477833446,0.5148264639730514,-0.045854308116792517,0.1827824791015625,33.00746869519533
0,13,4,51.13274883219548,2.9725412477833446,0.5248453024157578,-0.044861786490741684,0.18469411230468752,32.289517599687514
0,13,5,51.13274883219548,2.9725412477833446,0.46068893676095535,0.013276844459119967,0.191543198046875,33.56018656214846
0,13,6,51.13274883219548,2.9725412477833446,0.48695363123408336,-0.04038768040963012,0.186439653515625,32.91267872257814
0,13,7,51.13274883219548,2.9725412477833446,0.6134138460025543,-0.14204144670216862,0.1840129166015625,30.905186120585956
0,13,8,51.13274883219548,2.9725412477833446,0.6001672603732275,-0.12911642850531008,0.17590842324218753,33.02148791785158
0,13,9,51.13274883219548,2.9725412477833446,0.5092473472083741,-0.03609807258480645,0.18438869882812503,33.74413211503908
0,13,10,51.13274883219548,2.9725412477833446,0.6429233054776361,-0.15933783296557816,0.18132513164062503,31.905944991992207
0,13,11,51.13274883219548,2.9725412477833446,0.6562936563222053,-0.1869719881815528,0.17391839492187502,33.73064695800783
0,13,12,51.13274883219548,2.9725412477833446,0.5815525264910877,-0.12238539996635683,0.16857034414062502,31.752260932578142
0,13,13,51.13274883219548,2.9725412477833446,0.6365182461385552,-0.1562983267517217,0.1840647712890625,32.575596527539076
1,0,0,51.01201581027669,5.279427902627849,0.4736589854800267,-0.030350318650251142,0.13677635976562502,34.43925858089845
1,0,1,51.01201581027669,5.279427902627849,0.6684843694869664,-0.1893097365590692,0.146957504296875,30.562442829921892
1,0,2,51.01201581027669,5.279427902627849,0.7277371513709007,-0.25597560930063606,0.140151827734375,29.348885510234393
1,0,3,51.01201581027669,5.279427902627849,0.8030535349413374,-0.3468476977052374,0.13697788125000002,27.081369707070333
1,0,4,51.01201581027669,5.279427902627849,0.7338566411633568,-0.2758562974919805,0.12982545449218752,28.299439881289082
1,0,5,51.01201581027669,5.279427902627849,0.5974022925132136,-0.1280899090757949,0.14677068066406251,31.87862753527346
1,0,6,51.01201581027669,5.279427902627849,0.5391485237765862,-0.06994611300835578,0.1398315251953125,34.39812885195314
1,0,7,51.01201581027669,5.279427902627849,0.5836306499471015,-0.1226428447275846,0.143429999609375,32.64282203808595
1,0,8,51.01201581027669,5.279427902627849,0.6391244538693448,-0.15879974946262354,0.14273227226562502,31.546378634140638
1,0,9,51.01201581027669,5.279427902627849,0.42894860706197324,-0.031236323592137693,0.1311977013671875,36.89718213101564
1,0,10,51.01201581027669,5.279427902627849,0.5165877196949907,-0.07305727648934085,0.136102087109375,34.60406455695314
1,0,11,51.01201581027669,5.279427902627849,0.6903014796325837,-0.2272967400735176,0.14331690664062502,29.94336063324221
1,0,12,51.01201581027669,5.279427902627849,0.7488755600594672,-0.2955071137852105,0.15000539609375002,27.886507015859394
1,0,13,51.01201581027669,5.279427902627849,0.5396643645414766,-0.12508247411790677,0.1390138341796875,32.78442286273439
1,1,0,51.01201581027669,5.279427902627849,0.5991620783686853,-0.09237752637229628,0.148502257421875,32.58177166132815
1,1,1,51.01201581027669,5.279427902627849,0.7088022375817516,-0.2180392609601295,0.1547468716796875,30.26701775363283
1,1,2,51.01201581027669,5.279427902627849,0.6715893853216676,-0.17553296281769604,0.1534380451171875,30.955248097109394
1,1,3,51.01201581027669,5.279427902627849,0.6825340375682778,-0.1809733391755205,0.1448960685546875,29.687623308710954
1,1,4,51.01201581027669,5.279427902627849,0.7136933915481065,-0.22765786167836094,0.14558230117187498,29.167169681328144
1,1,5,51.01201581027669,5.279427902627849,0.5981661635800298,-0.10780362887576705,0.14637489785156252,32.375208429218766
1,1,6,51.01201581027669,5.279427902627849,0.5126626362084744,-0.057373925371092496,0.1358643146484375,34.8743885488672
1,1,7,51.01201581027669,5.279427902627849,0.511655315829325,-0.07721248433147525,0.133355862109375,34.82435995144533
1,1,8,51.01201581027669,5.279427902627849,0.5936246028308478,-0.13967307938070297,0.14182952207031252,32.51021354339845
1,1,9,51.01201581027669,5.279427902627849,0.6130506893607283,-0.13209913210672,0.15194738437500005,31.773737046523458
1,1,10,51.01201581027669,5.279427902627849,0.773345442574514,-0.2796717124152069,0.16125548750000002,27.81657779808596
1,1,11,51.01201581027669,5.279427902627849,0.8513326805445767,-0.37648699710382516,0.1535511353515625,25.510769489609395
1,1,12,51.01201581027669,5.279427902627849,0.7829021068637547,-0.2935716901571939,0.15155295937500002,27.858194861914086
1,1,13,51.01201581027669,5.279427902627849,0.6721559595673601,-0.16993891256978735,0.1422592705078125,29.70231678921877
1,2,0,51.01201581027669,5.279427902627849,0.6585475152754233,-0.18073195430322367,0.1621368876953125,31.249564987226584
1,2,1,51.01201581027669,5.279427902627849,0.6168571654763214,-0.09539316217896171,0.1592375228515625,31.31661692644533
1,2,2,51.01201581027669,5.279427902627849,0.6904973460014744,-0.23986477180462898,0.1277612810546875,28.424644891250026
1,2,3,51.01201581027669,5.279427902627849,0.5866029243932046,-0.15971393250547858,0.12803318828125002,31.685102180234395
1,2,4,51.01201581027669,5.279427902627849,0.6193473879152303,-0.2005240579139791,0.13267155607843137,31.635093610273454
1,2,5,51.01201581027669,5.279427902627849,0.5809509495685333,-0.11752925500157509,0.140549051171875,32.84059321484377
1,2,6,51.01201581027669,5.279427902627849,0.47420818512556223,-0.03575973399628298,0.135122139453125,34.86590358125002
1,2,7,51.01201581027669,5.279427902627849,0.4819765592583205,-0.03473952757785486,0.13430817773437503,35.308977775390645
1,2,8,51.01201581027669,5.279427902627849,0.7069577967167845,-0.20055809486896684,0.162616163671875,29.517089478828144
1,2,9,51.01201581027669,5.279427902627849,0.8032399419120324,-0.30539993399610355,0.16865984589843752,27.637979577265646
1,2,10,51.01201581027669,5.279427902627849,0.8101625881965697,-0.33288246608945754,0.1561727091796875,27.153415159882833
1,2,11,51.01201581027669,5.279427902627849,0.7685597692021572,-0.30122418660431227,0.14757193417968753,28.485494993398458
1,2,12,51.01201581027669,5.279427902627849,0.7803591952732545,-0.30195335397969814,0.15068172363281251,26.944041407421892
1,2,13,51.01201581027669,5.279427902627849,0.702803391674059,-0.1862181652593266,0.15041277929687502,29.787506932226584
1,3,0,51.01201581027669,5.279427902627849,0.5093406814581128,-0.04043637328128261,0.14634620253906253,35.02374000089846
1,3,1,51.01201581027669,5.279427902627849,0.4696067359152909,-0.009538905888931134,0.1436533734375,34.50056263882814
1,3,2,51.01201581027669,5.279427902627849,0.7767528510967392,-0.3167692357964688,0.1364920298828125,27.027235480156268
1,3,3,51.01201581027669,5.279427902627849,0.8482148726119025,-0.39699317779380194,0.1384524564453125,25.406072599648457
1,3,4,51.01201581027669,5.279427902627849,0.5780218628427403,-0.1291923932495351,0.1333635453125,32.17461338046877
1,3,5,51.01201581027669,5.279427902627849,0.508953906736279,-0.06083571974317713,0.13813231093750003,34.15163753855471
1,3,6,51.01201581027669,5.279427902627849,0.6076556309832156,-0.11428363740527675,0.148915348046875,32.4398437214844
1,3,7,51.01201581027669,5.279427902627849,0.7096104639243764,-0.2039719833758466,0.158307244921875,29.314064431484393
1,3,8,51.01201581027669,5.279427902627849,0.859037894383344,-0.3909430832573967,0.15654271425781252,25.424651407578146
1,3,9,51.01201581027669,5.279427902627849,0.8340604183895881,-0.3487893526753199,0.16814612851562502,26.796806190429706
1,3,10,51.01201581027669,5.279427902627849,0.7087204775407445,-0.22051633436312232,0.1499862787109375,30.340151365156267
1,3,11,51.01201581027669,5.279427902627849,0.548307618140113,-0.09006508364409674,0.135888764453125,34.11867233785158
1,3,12,51.01201581027669,5.279427902627849,0.6530603104916438,-0.19817665150796007,0.139467505859375,31.0551183689844
1,3,13,51.01201581027669,5.279427902627849,0.644134148030556,-0.18390268204606633,0.14239212578125,30.50449670960939
1,4,0,51.01201581027669,5.279427902627849,0.5459483737573905,-0.0652084313274046,0.148398384765625,33.69308211710939
1,4,1,51.01201581027669,5.279427902627849,0.6587696995014198,-0.1649570748274179,0.147725960546875,30.117813169648457
1,4,2,51.01201581027669,5.279427902627849,0.7243039929265161,-0.25400097087122786,0.140297041796875,28.71023648421877
1,4,3,51.01201581027669,5.279427902627849,0.6925651506859,-0.18897548160535801,0.148937616796875,30.05488021156252
1,4,4,51.01201581027669,5.279427902627849,0.6064508287174766,-0.13107311744402153,0.14752072753906253,31.424992193398456
1,4,5,51.01201581027669,5.279427902627849,0.6991960379361843,-0.22611411688160182,0.154485264453125,28.968290318398456
1,4,6,51.01201581027669,5.279427902627849,0.8232697328856788,-0.35949175787480636,0.15145540253906253,26.584949032812517
1,4,7,51.01201581027669,5.279427902627849,0.807396989380412,-0.31135566266284853,0.1544947857421875,26.931677788203146
1,4,8,51.01201581027669,5.279427902627849,0.8210489674943258,-0.35518290503553307,0.16720490234375002,27.346199498867204
1,4,9,51.01201581027669,5.279427902627849,0.7720755256692553,-0.2962282239106566,0.16178660781250004,28.244531259218768
1,4,10,51.01201581027669,5.279427902627849,0.6091866776667054,-0.10449459753408163,0.14973886015625001,32.65344994402346
1,4,11,51.01201581027669,5.279427902627849,0.5011358119579385,-0.06318006246608557,0.1295470267578125,35.02196423269534
1,4,12,51.01201581027669,5.279427902627849,0.5009463750319517,-0.04447887879291966,0.13392720839843753,34.996629494609394
1,4,13,51.01201581027669,5.279427902627849,0.5616985754478521,-0.08785716854725262,0.14489991796875,33.57300413714846
1,5,0,51.01201581027669,5.279427902627849,0.654397685525938,-0.12906219375894945,0.14518556033057853,29.448727081338603
1,5,1,51.01201581027669,5.279427902627849,0.7014550822668267,-0.2139792621971071,0.14752866523437502,28.17917497835939
1,5,2,51.01201581027669,5.279427902627849,0.6006074887595425,-0.10894952805606982,0.15145511464843753,30.71487851093752
1,5,3,51.01201581027669,5.279427902627849,0.5773324375224171,-0.06952364274640771,0.15925937109375002,31.327792249648454
1,5,4,51.01201581027669,5.279427902627849,0.660511994647656,-0.16586101603434938,0.14969651718750004,28.61584038500002
1,5,5,51.01201581027669,5.279427902627849,0.8534024897710204,-0.39363239105937586,0.1599834447265625,25.702906274023455
1,5,6,51.01201581027669,5.279427902627849,0.7940387771531049,-0.32129256241126536,0.143093243359375,27.88647363675783
1,5,7,51.01201581027669,5.279427902627849,0.6474506259041142,-0.14783922434253338,0.14527470703125,31.565631699921894
1,5,8,51.01201581027669,5.279427902627849,0.5922978246074334,-0.11110577930947531,0.1443369412109375,32.60559098820315
1,5,9,51.01201581027669,5.279427902627849,0.5488980935478804,-0.08134730208388191,0.1476588138671875,33.52789561929689
1,5,10,51.01201581027669,5.279427902627849,0.49086802866272417,-0.029196157694553415,0.1378908736328125,34.716919299335956
1,5,11,51.01201581027669,5.279427902627849,0.5699091287419703,-0.07867659756069537,0.14475097226562503,33.09135037742189
1,5,12,51.01201581027669,5.279427902627849,0.5930505934154213,-0.09581189733521517,0.14587204160156253,31.95046603765627
1,5,13,51.01201581027669,5.279427902627849,0.678180616443567,-0.19060305718093895,0.14821455878906253,29.887297094257832
1,6,0,51.01201581027669,5.279427902627849,0.5501407200932728,-0.1289408730217938,0.1410005030373832,30.47069340065791
1,6,1,51.01201581027669,5.279427902627849,0.67659159699317,-0.23267470381440397,0.1547133138671875,29.841981625976583
1,6,2,51.01201581027669,5.279427902627849,0.6653317305210499,-0.14212629609642444,0.1594541650390625,29.453081713671892
1,6,3,51.01201581027669,5.279427902627849,0.8089235416474687,-0.32546750499741023,0.16085126523437498,26.21920754117189
1,6,4,51.01201581027669,5.279427902627849,0.769557161876312,-0.2709272079768688,0.163522644140625,27.76150228050783
1,6,5,51.01201581027669,5.279427902627849,0.818473415685606,-0.351577715275876,0.14233839511718752,27.151071946953145
1,6,6,51.01201581027669,5.279427902627849,0.6215186287511676,-0.15828541191444734,0.1399733654296875,31.81146878292971
1,6,7,51.01201581027669,5.279427902627849,0.5365374322121661,-0.07502283206727106,0.13975060625000002,33.59574865695314
1,6,8,51.01201581027669,5.279427902627849,0.49205705961892865,-0.03464653912018886,0.13614058554687503,35.03852026707033
1,6,9,51.01201581027669,5.279427902627849,0.49930412623177556,-0.043718337977247466,0.13550231074218752,34.75845625332033
1,6,10,51.01201581027669,5.279427902627849,0.5580889889281107,-0.14017355189565406,0.146610237890625,33.3036414633594
1,6,11,51.01201581027669,5.279427902627849,0.78003372489139,-0.29556391001116056,0.15450316132812503,27.629260955937518
1,6,12,51.01201581027669,5.279427902627849,0.8304091756048488,-0.3597450230569087,0.15307578300781252,26.511321410585957
1,6,13,51.01201581027669,5.279427902627849,0.7552651819982479,-0.27582294245345834,0.14451578378906252,27.54324968703127
1,7,0,51.01201581027669,5.279427902627849,0.5520608950752571,-0.16560790070833753,0.13919678674033148,27.959853986600017
1,7,1,51.01201581027669,5.279427902627849,0.517217930471758,-0.18864846846792868,0.1413954075757576,28.407735038398457
1,7,2,51.01201581027669,5.279427902627849,0.8191752714559806,-0.34684675090395334,0.15571092095435685,25.644773230742203
1,7,3,51.01201581027669,5.279427902627849,0.7558923686302874,-0.26113535659912185,0.15906796015625002,28.040157696171896
1,7,4,51.01201581027669,5.279427902627849,0.6200148126448979,-0.12961874489232839,0.1536838828125,31.02787434628908
1,7,5,51.01201581027669,5.279427902627849,0.5733706635099469,-0.08980968616798923,0.15147225957031252,32.56954155851564
1,7,6,51.01201581027669,5.279427902627849,0.5849161042927069,-0.09959403093654207,0.1506875658203125,32.18729076324221
1,7,7,51.01201581027669,5.279427902627849,0.5981272138401015,-0.11610662047118817,0.14751274375,31.960726773476583
1,7,8,51.01201581027669,5.279427902627849,0.524142671735069,-0.06160728229827258,0.1389130564453125,33.645430111718774
1,7,9,51.01201581027669,5.279427902627849,0.5585743381573653,-0.10008433550952262,0.1372060158203125,32.05610421828127
1,7,10,51.01201581027669,5.279427902627849,0.7688707093127856,-0.3087243908236019,0.1386580765625,27.14044404101565
1,7,11,51.01201581027669,5.279427902627849,0.7750157675416739,-0.31597108237638316,0.14263516386718753,26.94646473019533
1,7,12,51.01201581027669,5.279427902627849,0.7498845753197966,-0.26651853269508374,0.15208430234375003,27.910406452578144
1,7,13,51.01201581027669,5.279427902627849,0.8319815941664087,-0.35460650032718655,0.13958326210937502,25.66350558253908
1,8,0,51.01201581027669,5.279427902627849,0.8437737775824551,-0.4100178387004225,0.14245674410377357,24.838871318000017
1,8,1,51.01201581027669,5.279427902627849,0.8296051091932652,-0.35629361526710185,0.14568973709016395,25.790706662773456
1,8,2,51.01201581027669,5.279427902627849,0.842301266769603,-0.3736527684465848,0.1568083853515625,26.090811489101583
1,8,3,51.01201581027669,5.279427902627849,0.732405752663378,-0.22769241455846886,0.158231414453125,29.358111493906268
1,8,4,51.01201581027669,5.279427902627849,0.6542411579926439,-0.1504195319039799,0.15805329472656252,31.09197557292971
1,8,5,51.01201581027669,5.279427902627849,0.6481165016333938,-0.18477909422373526,0.14655405625,29.827682018867208
1,8,6,51.01201581027669,5.279427902627849,0.7450354895523672,-0.2899020319258363,0.129750676953125,27.573911729726582
1,8,7,51.01201581027669,5.279427902627849,0.7847836804106145,-0.324161493813951,0.14241218980000003,26.81447708679689
1,8,8,51.01201581027669,5.279427902627849,0.7868460274381177,-0.3480576916780476,0.12401924695121952,25.861884258945334
1,8,9,51.01201581027669,5.279427902627849,0.8311263261028909,-0.3346502495935392,0.1390951251953125,25.305968674062516
1,8,10,51.01201581027669,5.279427902627849,0.8467317923831594,-0.3788882035423713,0.1389947181640625,24.77042769277346
1,8,11,51.01201581027669,5.279427902627849,0.8333061018515535,-0.3679393764198425,0.1484755119140625,25.30480040550783
1,8,12,51.01201581027669,5.279427902627849,0.8046282256239404,-0.33262150448955274,0.1434100046875,25.92085177976565
1,8,13,51.01201581027669,5.279427902627849,0.8553255521974172,-0.3927703415615727,0.149286119140625,25.27758976191408
1,9,0,51.01201581027669,5.279427902627849,0.7408523777337483,-0.3142831338823981,0.14081783671875,28.327084453203142
1,9,1,51.01201581027669,5.279427902627849,0.5302113872457112,-0.1484359400273168,0.13714627091346154,31.093884857539084
1,9,2,51.01201581027669,5.279427902627849,0.5251872531743893,-0.058138646131798206,0.1441204392578125,33.45452835406251
1,9,3,51.01201581027669,5.279427902627849,0.5700730701798253,-0.11265757219234926,0.137833134765625,32.988162222851585
1,9,4,51.01201581027669,5.279427902627849,0.6963026575436525,-0.2199465587410669,0.14985487792968752,29.179993932148456
1,9,5,51.01201581027669,5.279427902627849,0.8124546194467867,-0.3347107360967083,0.14915853183593752,26.177697290468767
1,9,6,51.01201581027669,5.279427902627849,0.7954119144053313,-0.43598064812437953,0.13312790000000002,25.29974680953127
1,9,7,51.01201581027669,5.279427902627849,0.8454185660096836,-0.38878740982506327,0.1304694834,24.522133907890645
1,9,8,51.01201581027669,5.279427902627849,0.8487850534360963,-0.39066131411143135,0.13036043858267718,24.514289819023453
1,9,9,51.01201581027669,5.279427902627849,0.8676749081011847,-0.41248959248006084,0.13665173281250004,24.186340146171894
1,9,10,51.01201581027669,5.279427902627849,0.8313106030668209,-0.3909677785713869,0.12404488886554622,24.075681748671894
1,9,11,51.01201581027669,5.279427902627849,0.8651920320096544,-0.39257972793719986,0.14034485097656252,24.484335413281272
1,9,12,51.01201581027669,5.279427902627849,0.8499558275988904,-0.3721489378940145,0.1414294546875,24.76960656687502
1,9,13,51.01201581027669,5.279427902627849,0.8661446454258945,-0.3991647043452004,0.1450406359375,24.865591511328148
1,10,0,51.01201581027669,5.279427902627849,0.23457154202849678,-0.01807971714335229,0.18509141875000001,39.568451546679704
1,10,1,51.01201581027669,5.279427902627849,0.4037138573059887,-0.032110228409476985,0.14732315259067358,33.20773489195124
1,10,2,51.01201581027669,5.279427902627849,0.558195891720204,-0.09619032473414274,0.14520455390624998,33.152661111171895
1,10,3,51.01201581027669,5.279427902627849,0.672376618453532,-0.19371508411262225,0.14131928027343751,30.234286206640643
1,10,4,51.01201581027669,5.279427902627849,0.7540106124848658,-0.29142323422708266,0.13717334820000002,27.87271477109377
1,10,5,51.01201581027669,5.279427902627849,0.7934528429244927,-0.33249858181273584,0.11960554964788733,25.83498737890627
1,10,6,51.01201581027669,5.279427902627849,0.7548227033302981,-0.40025590758423024,0.12460039385964913,25.678379310195332
1,10,7,51.01201581027669,5.279427902627849,0.7895052559408515,-0.3021257975287204,0.122671608203125,26.36494069859377
1,10,8,51.01201581027669,5.279427902627849,0.8319467758823647,-0.39902227916853505,0.1136411126953125,24.954226377617207
1,10,9,51.01201581027669,5.279427902627849,0.8230954050831983,-0.40378177128770343,0.11974291659663866,24.78143612046877
1,10,10,51.01201581027669,5.279427902627849,0.840684661576499,-0.413707839887634,0.12622534764150944,23.77577327000002
1,10,11,51.01201581027669,5.279427902627849,0.8487320490696328,-0.4086648112883239,0.13250271788617887,24.252310602500017
1,10,12,51.01201581027669,5.279427902627849,0.8225270966205626,-0.4097522741857798,0.13222331809045226,25.20629200097658
1,10,13,51.01201581027669,5.279427902627849,0.8052782040946588,-0.32233491888785715,0.15026973496093754,26.688497681679706
1,11,0,51.01201581027669,5.279427902627849,0.3641948920871344,-0.038233161269186335,0.155956023828125,38.94855489992189
1,11,1,51.01201581027669,5.279427902627849,0.3066428787455186,0.019031796612689424,0.15254638727678574,36.08848661000001
1,11,2,51.01201581027669,5.279427902627849,0.731007122235189,-0.2255346225469292,0.15038922920353984,29.2844373554217
1,11,3,51.01201581027669,5.279427902627849,0.6729452300399543,-0.2242637017025297,0.12558414296875003,30.081309784179705
1,11,4,51.01201581027669,5.279427902627849,0.6187043998646056,-0.18122637909109915,0.1263246958984375,30.194905542617207
1,11,5,51.01201581027669,5.279427902627849,0.7761455737847067,-0.34584652842562075,0.13957593917322833,25.90686593621096
1,11,6,51.01201581027669,5.279427902627849,0.800350483006665,-0.3459089040755079,0.13599260468750002,27.06886589562502
1,11,7,51.01201581027669,5.279427902627849,0.7473974022335261,-0.25607689644146314,0.131338897265625,28.376398737851584
1,11,8,51.01201581027669,5.279427902627849,0.7707473567225102,-0.28130104011061124,0.14391303535156252,27.46407445812502
1,11,9,51.01201581027669,5.279427902627849,0.8026630230656961,-0.32511553899565293,0.154958521484375,26.090284099296895
1,11,10,51.01201581027669,5.279427902627849,0.8368838257276785,-0.3535858583907598,0.14982308671875003,25.317117293984396
1,11,11,51.01201581027669,5.279427902627849,0.8482283381832977,-0.4017916920427124,0.13155178241106721,24.56594731660158
1,11,12,51.01201581027669,5.279427902627849,0.7387359032416332,-0.3112581463236156,0.12431172301587304,27.13559071964846
1,11,13,51.01201581027669,5.279427902627849,0.6380783728554114,-0.12775880986091107,0.15841368984375,29.78144528738283
1,12,0,51.01201581027669,5.279427902627849,0.46720096769320285,-0.11391911566049559,0.14950627128906252,37.23999885570314
1,12,1,51.01201581027669,5.279427902627849,0.28198912525775394,0.015541927590764356,0.15419656914062502,37.619699487617204
1,12,2,51.01201581027669,5.279427902627849,0.5614360321415576,-0.18210137807280924,0.13187111263440862,30.556138818855953
1,12,3,51.01201581027669,5.279427902627849,0.5662869364963531,-0.15083619794792097,0.12497767441406252,31.519261452031266
1,12,4,51.01201581027669,5.279427902627849,0.7852319537977317,-0.33017102510840224,0.13707535878906252,27.570420275703142
1,12,5,51.01201581027669,5.279427902627849,0.7314424549037781,-0.2612833634206808,0.1439742482421875,29.39849353097658
1,12,6,51.01201581027669,5.279427902627849,0.5685555134535425,-0.1242109860148528,0.1411087322265625,32.40103050218752
1,12,7,51.01201581027669,5.279427902627849,0.681029107136139,-0.19491628005009598,0.1543509880859375,30.251002460703145
1,12,8,51.01201581027669,5.279427902627849,0.7774888291602238,-0.28883263146197835,0.15766678457031252,27.901567666484393
1,12,9,51.01201581027669,5.279427902627849,0.7213989284584732,-0.20458081710748263,0.17196442871093748,28.63600136234377
1,12,10,51.01201581027669,5.279427902627849,0.7459380510708253,-0.24697856303038584,0.167879614453125,28.875596553359394
1,12,11,51.01201581027669,5.279427902627849,0.7040418414011707,-0.21833991474959075,0.13604311165048544,27.84547742421877
1,12,12,51.01201581027669,5.279427902627849,0.6370394563729688,-0.21251325262328072,0.12781178283582087,26.57680715000002
1,12,13,51.01201581027669,5.279427902627849,0.7175629625348396,-0.24180698876293275,0.1469693311320755,27.212068917148457
1,13,0,51.01201581027669,5.279427902627849,0.7832041075289846,-0.33754622070532536,0.14172910546218487,28.143639586835956
1,13,1,51.01201581027669,5.279427902627849,0.33916481295891726,-0.03199882952167059,0.15490575566406253,37.578189236914085
1,13,2,51.01201581027669,5.279427902627849,0.1834152820974588,0.012228325471158015,0.1567846741071429,31.648011322578142
1,13,3,51.01201581027669,5.279427902627849,0.657278137433799,-0.19554177439033515,0.15246347018348624,30.01312295550783
1,13,4,51.01201581027669,5.279427902627849,0.73348039967543,-0.26963488698147997,0.1516136927734375,28.791347701015646
1,13,5,51.01201581027669,5.279427902627849,0.7588196197411113,-0.30138081032833675,0.14684663183593752,27.107492191953142
1,13,6,51.01201581027669,5.279427902627849,0.6860479087720068,-0.20552408829354513,0.14600815605468753,30.385747217890646
1,13,7,51.01201581027669,5.279427902627849,0.6259199156331643,-0.13991668544641128,0.1566579291015625,31.803350985429706
1,13,8,51.01201581027669,5.279427902627849,0.6391905143941231,-0.1629235719061321,0.14782585078125002,31.439672322265643
1,13,9,51.01201581027669,5.279427902627849,0.6995225191958379,-0.24052602344590227,0.143141789453125,29.546850285781268
1,13,10,51.01201581027669,5.279427902627849,0.7261800151572348,-0.26399170320771465,0.136773458203125,28.50277201636721
1,13,11,51.01201581027669,5.279427902627849,0.7139086979445757,-0.24618025000446575,0.1314230411894273,27.48912881175783
1,13,12,51.01201581027669,5.279427902627849,0.7630854541774226,-0.391669520814532,0.11539863314606742,24.757463249726584
1,13,13,51.01201581027669,5.279427902627849,0.7870583717132332,-0.3681817270512338,0.11330969428571429,24.922322632343768
2,0,0,50.95164929931729,5.6639090117686,0.6586604035020556,-0.07347594406577099,0.1230873642578125,32.64821610089845
2,0,1,50.95164929931729,5.6639090117686,0.6699465008071153,-0.10135958915834534,0.1251163064453125,31.398749543750014
2,0,2,50.95164929931729,5.6639090117686,0.6151210607450269,-0.035844426388749774,0.12403813515625002,32.932225524453145
2,0,3,50.95164929931729,5.6639090117686,0.6992323104055961,-0.1671668126294623,0.1339864419921875,29.410142837421894
2,0,4,50.95164929931729,5.6639090117686,0.8184307550890823,-0.36357881795223534,0.12096408496093751,25.20720658835939
2,0,5,50.95164929931729,5.6639090117686,0.8186465954878153,-0.36397761888172064,0.133310284765625,25.76273497566408
2,0,6,50.95164929931729,5.6639090117686,0.7331476918327033,-0.2927527997233592,0.139538848046875,28.35169820269533
2,0,7,50.95164929931729,5.6639090117686,0.772703363127005,-0.3478132946443353,0.13380838828125,28.469459673007833
2,0,8,50.95164929931729,5.6639090117686,0.45836422210101535,-0.03933838857448359,0.13755970390625,35.16759057699221
2,0,9,50.95164929931729,5.6639090117686,0.5172869545723366,-0.11714425435104803,0.12963311230468752,33.3863682286719
2,0,10,50.95164929931729,5.6639090117686,0.4691291078845732,-0.0554906280120121,0.143012449609375,35.44962395773439
2,0,11,50.95164929931729,5.6639090117686,0.4544463763755986,-0.04513155129628943,0.1328171708984375,36.9295198046094
2,0,12,50.95164929931729,5.6639090117686,0.48696063407524226,-0.08275878929608911,0.134666197265625,35.29762220503908
2,0,13,50.95164929931729,5.6639090117686,0.5190579683716144,-0.0708564757040284,0.13871991699218753,33.92497341148439
2,1,0,50.95164929931729,5.6639090117686,0.6692527668034292,-0.07893395852601298,0.12686551914062502,31.06074608550783
2,1,1,50.95164929931729,5.6639090117686,0.6726478290639519,-0.09835424716347646,0.12621145625000002,31.627296252148458
2,1,2,50.95164929931729,5.6639090117686,0.6523868405219445,-0.08111386227816275,0.1312929447265625,31.759090296757833
2,1,3,50.95164929931729,5.6639090117686,0.6142220667591141,-0.0922951204360049,0.14122387545454546,30.462379707668177
2,1,4,50.95164929931729,5.6639090117686,0.5806294754246766,-0.15412285020073888,0.12963549588235296,28.62100767963353
2,1,5,50.95164929931729,5.6639090117686,0.6786135270115468,-0.1824885816383678,0.142787117578125,28.105200213476586
2,1,6,50.95164929931729,5.6639090117686,0.7734619218627953,-0.32714861323051514,0.12574836757812502,26.457908172265647
2,1,7,50.95164929931729,5.6639090117686,0.6473124376611441,-0.2064764584900828,0.12918781406250002,30.037269397578143
2,1,8,50.95164929931729,5.6639090117686,0.48143757300052803,-0.06659769908238464,0.132029053515625,34.17206554871096
2,1,9,50.95164929931729,5.6639090117686,0.6354525404646565,-0.22740439490328357,0.131169351953125,31.44457237437502
2,1,10,50.95164929931729,5.6639090117686,0.4770243020747521,-0.08103886125676998,0.133129066796875,35.59342112726564
2,1,11,50.95164929931729,5.6639090117686,0.47343263413311815,-0.05618045615347691,0.1337504916015625,35.82107327574221
2,1,12,50.95164929931729,5.6639090117686,0.46768425845817374,-0.055881148404389264,0.14121548046875002,35.333758420390645
2,1,13,50.95164929931729,5.6639090117686,0.5268882616115168,-0.09283457481670204,0.14093123671875002,33.25298533882814
2,2,0,50.95164929931729,5.6639090117686,0.7279658954693389,-0.24365873380664316,0.1185808302734375,27.771422549492204
2,2,1,50.95164929931729,5.6639090117686,0.4806778224894633,-0.023936685687770364,0.1772598875510204,32.2039136888048
2,2,2,50.95164929931729,5.6639090117686,0.3579293326688092,0.07172531542259758,0.19943439156976744,32.60453969163046
2,2,3,50.95164929931729,5.6639090117686,0.3440247469231513,0.0815041604793837,0.21791832500000002,31.720848353037994
2,2,4,50.95164929931729,5.6639090117686,0.6934571710809367,-0.18386982696254509,0.13136385698689956,26.96997344146343
2,2,5,50.95164929931729,5.6639090117686,0.7655533182671227,-0.2667056125547948,0.13667047167968754,27.460075641757832
2,2,6,50.95164929931729,5.6639090117686,0.8133410115204034,-0.381473504514864,0.119468019921875,25.620306349296897
2,2,7,50.95164929931729,5.6639090117686,0.7470377372127817,-0.30103406234381813,0.126934725390625,28.03554470433596
2,2,8,50.95164929931729,5.6639090117686,0.6709810386176904,-0.24544749793792137,0.13231643613281252,30.73343729140627
2,2,9,50.95164929931729,5.6639090117686,0.4370898492561308,-0.033704858130036,0.1473841779296875,36.35842340433596
2,2,10,50.95164929931729,5.6639090117686,0.42859539682431735,-0.03063560868846316,0.136225908203125,36.704284303085956
2,2,11,50.95164929931729,5.6639090117686,0.4215073530420076,-0.03166600426468484,0.131029203125,36.82988318644533
2,2,12,50.95164929931729,5.6639090117686,0.5111072747444161,-0.09121490732845285,0.14350793437500003,35.063868356796895
2,2,13,50.95164929931729,5.6639090117686,0.6134049286345118,-0.17310671476140566,0.16329748261718752,31.773937321132827
2,3,0,50.95164929931729,5.6639090117686,0.7366689251881074,-0.2584756454453279,0.12251298769531252,27.15628576261721
2,3,1,50.95164929931729,5.6639090117686,0.38644766894519006,-0.06535296487650728,0.18577927979452055,28.516070752080946
2,3,2,50.95164929931729,5.6639090117686,0.15705286048163913,0.038940318534829564,0.21177745172413792,28.48230024250002
2,3,3,50.95164929931729,5.6639090117686,0.42448839650951353,0.06517461130798312,0.18974087734375,31.539202127304705
2,3,4,50.95164929931729,5.6639090117686,0.7903962485991293,-0.3032100908221132,0.1354493185546875,26.802941269296895
2,3,5,50.95164929931729,5.6639090117686,0.8124152755772801,-0.36385662670059965,0.1230902357421875,25.42543915437502
2,3,6,50.95164929931729,5.6639090117686,0.8245183845897779,-0.4072741289883047,0.11184124179687502,24.776622854023458
2,3,7,50.95164929931729,5.6639090117686,0.7034380142833305,-0.2821519804049678,0.126491276171875,28.949270906328145
2,3,8,50.95164929931729,5.6639090117686,0.5585178403574347,-0.14534500610612677,0.13198024238281253,33.089207439101585
2,3,9,50.95164929931729,5.6639090117686,0.45801089129790484,-0.05881379431831231,0.13029150488281252,35.79208686394533
2,3,10,50.95164929931729,5.6639090117686,0.3512838487199128,0.019778194755939806,0.12867365253906252,37.98273727203127
2,3,11,50.95164929931729,5.6639090117686,0.327925414927217,0.0078141785099383,0.12546584355468754,38.44726755265627
2,3,12,50.95164929931729,5.6639090117686,0.4574973399450547,-0.021210991857699594,0.14653579433593752,35.959476382460956
2,3,13,50.95164929931729,5.6639090117686,0.5667334632037769,-0.07198088923839374,0.152523723046875,32.58187847445315
2,4,0,50.95164929931729,5.6639090117686,0.7444562427114403,-0.28241483123336514,0.12479477890625001,27.786549958320336
2,4,1,50.95164929931729,5.6639090117686,0.5342118424045529,-0.09018114300230295,0.14683057831325302,29.20136823090911
2,4,2,50.95164929931729,5.6639090117686,0.6080694665488993,-0.11447568370798467,0.13934482424242425,29.01213729851854
2,4,3,50.95164929931729,5.6639090117686,0.7565750972346486,-0.2571313741368795,0.1280946185546875,27.99004898890627
2,4,4,50.95164929931729,5.6639090117686,0.8132100343821418,-0.37250645082510636,0.1219206673828125,25.52667129359377
2,4,5,50.95164929931729,5.6639090117686,0.8416245599343499,-0.41555630430833723,0.1240872484375,24.548376557539083
2,4,6,50.95164929931729,5.6639090117686,0.8433202404391161,-0.41178070308169745,0.12058426015625001,24.803766739414083
2,4,7,50.95164929931729,5.6639090117686,0.7983109844838192,-0.3442759777408907,0.1256564638671875,27.025893640273456
2,4,8,50.95164929931729,5.6639090117686,0.5469498998310011,-0.11919388633301425,0.1398082251953125,33.04497345371095
2,4,9,50.95164929931729,5.6639090117686,0.4562751762148456,-0.05142399059542302,0.132967244921875,35.65213496691408
2,4,10,50.95164929931729,5.6639090117686,0.41198233639465076,0.00647478525523577,0.14406325000000003,35.502109257031265
2,4,11,50.95164929931729,5.6639090117686,0.38251782409384183,-0.018097113175452872,0.13418648515625003,36.89732232324221
2,4,12,50.95164929931729,5.6639090117686,0.39544450503128403,-0.005362692973388,0.134708228515625,36.81575715066408
2,4,13,50.95164929931729,5.6639090117686,0.6048356471439622,-0.19025939996678176,0.14943168007812502,32.232385929453145
2,5,0,50.95164929931729,5.6639090117686,0.6368149953056086,-0.09328928261100665,0.1438167189453125,31.405779182539078
2,5,1,50.95164929931729,5.6639090117686,0.6415580062891761,-0.10847401382418068,0.1326234985232068,30.04905384996065
2,5,2,50.95164929931729,5.6639090117686,0.5828483935211954,-0.09559263027299618,0.12650066838709678,26.351995827228933
2,5,3,50.95164929931729,5.6639090117686,0.716199237066421,-0.21943133952637348,0.13642083399209487,28.702285582226583
2,5,4,50.95164929931729,5.6639090117686,0.7329512623240199,-0.22965018159279585,0.13264229960937501,28.147184447421896
2,5,5,50.95164929931729,5.6639090117686,0.7994583022144859,-0.3369025618342331,0.141573457421875,26.307602077929708
2,5,6,50.95164929931729,5.6639090117686,0.8147517384855363,-0.38378144147732385,0.11966701445312501,25.611627782890643
2,5,7,50.95164929931729,5.6639090117686,0.8081939459978257,-0.37064426628508984,0.1308401703125,26.947940086484394
2,5,8,50.95164929931729,5.6639090117686,0.6171721055804056,-0.1832828677959133,0.14230990136718752,31.624338863750015
2,5,9,50.95164929931729,5.6639090117686,0.50808597125651,-0.06050522422379824,0.15053071328125,34.68601692710939
2,5,10,50.95164929931729,5.6639090117686,0.43581897526591573,0.002301453361698013,0.1429184232421875,35.13489240910158
2,5,11,50.95164929931729,5.6639090117686,0.5120754095252831,-0.0997304099422047,0.1408702703125,35.54096920707033
2,5,12,50.95164929931729,5.6639090117686,0.44233637130013825,-0.030274803547523915,0.138421280859375,35.69710329253908
2,5,13,50.95164929931729,5.6639090117686,0.5763397869172087,-0.15331888535675894,0.15381059647058823,33.09748545628908
2,6,0,50.95164929931729,5.6639090117686,0.6483469344295552,-0.13342402703704093,0.1431054736328125,28.493045346171893
2,6,1,50.95164929931729,5.6639090117686,0.7242767192565198,-0.2507015687317299,0.12489423333333335,27.116337653867205
2,6,2,50.95164929931729,5.6639090117686,0.7170351524421583,-0.252038603342255,0.11195012536231885,23.798268035585956
2,6,3,50.95164929931729,5.6639090117686,0.608091858239101,-0.07500868858866291,0.1146490539408867,27.949767089140643
2,6,4,50.95164929931729,5.6639090117686,0.7391818183007776,-0.21670601667091555,0.135852425390625,28.068209493125018
2,6,5,50.95164929931729,5.6639090117686,0.6760380165430206,-0.21021005278291172,0.14274273750000002,28.819352767226583
2,6,6,50.95164929931729,5.6639090117686,0.6909955894419137,-0.2579934391306692,0.1325867648305085,28.101150321785735
2,6,7,50.95164929931729,5.6639090117686,0.6697136576417493,-0.21765375827110545,0.13803233320312502,30.762597274531267
2,6,8,50.95164929931729,5.6639090117686,0.7060176095644524,-0.2474435182019478,0.1494374916015625,30.34499133488283
2,6,9,50.95164929931729,5.6639090117686,0.6498513238069825,-0.19995592733819023,0.16129154179687502,32.03288571523439
2,6,10,50.95164929931729,5.6639090117686,0.6368217659592972,-0.19983306768997078,0.151806817578125,31.24654084062502
2,6,11,50.95164929931729,5.6639090117686,0.5154026316573795,-0.1510984645110464,0.1478392609375,35.14544020519533
2,6,12,50.95164929931729,5.6639090117686,0.45766943527035214,-0.07021095947766584,0.1481345802734375,36.490838300234394
2,6,13,50.95164929931729,5.6639090117686,0.5610572007691529,-0.14170908998534187,0.1476818201171875,32.88869917601565
2,7,0,50.95164929931729,5.6639090117686,0.8335968308565692,-0.40496552205954256,0.12847191191406254,24.74669515156252
2,7,1,50.95164929931729,5.6639090117686,0.8407583973362258,-0.38878997646713354,0.1317575220703125,25.102182583203145
2,7,2,50.95164929931729,5.6639090117686,0.8147986686915034,-0.3698207909435267,0.12333396542968751,25.27622121875002
2,7,3,50.95164929931729,5.6639090117686,0.7929257808552157,-0.3406474202205829,0.11368312128906251,25.627482856132833
2,7,4,50.95164929931729,5.6639090117686,0.6762308100221682,-0.21555268420940293,0.13723276113281252,28.46188261695314
2,7,5,50.95164929931729,5.6639090117686,0.5496822459721022,-0.024043157110355973,0.1442829017578125,32.03492851625002
2,7,6,50.95164929931729,5.6639090117686,0.8066800519219284,-0.38331365832423575,0.13235408808593752,25.977389301992208
2,7,7,50.95164929931729,5.6639090117686,0.5850203204144503,-0.14498846878793215,0.13899423574218753,32.61114527070315
2,7,8,50.95164929931729,5.6639090117686,0.4998980624549044,-0.04803875905309031,0.15043441503906252,35.66301655402346
2,7,9,50.95164929931729,5.6639090117686,0.4973545989428725,-0.0525908746914185,0.155153808984375,34.80363820519534
2,7,10,50.95164929931729,5.6639090117686,0.5981509326912684,-0.1628251979367405,0.1725867416015625,32.27123252785158
2,7,11,50.95164929931729,5.6639090117686,0.35533967052683474,-0.037200410045260576,0.15515402050781252,37.89790094750002
2,7,12,50.95164929931729,5.6639090117686,0.262825945378373,0.024549450433189436,0.16597913457031252,39.43584972781252
2,7,13,50.95164929931729,5.6639090117686,0.4298971336176935,-0.10218056628731262,0.1703877908203125,33.11740610410158
2,8,0,50.95164929931729,5.6639090117686,0.8191504151396932,-0.3929455944077589,0.1156823736328125,24.607157155390645
2,8,1,50.95164929931729,5.6639090117686,0.7818760214133762,-0.33073172097026826,0.11848043984375001,25.233148826093768
2,8,2,50.95164929931729,5.6639090117686,0.821186053145176,-0.3640639580983474,0.1231226125,24.92622798722658
2,8,3,50.95164929931729,5.6639090117686,0.8298863483453838,-0.38064199286059286,0.13582783242187502,25.81196915046877
2,8,4,50.95164929931729,5.6639090117686,0.5476802590301263,0.0166641738391358,0.1530896240234375,32.48662787023439
2,8,5,50.95164929931729,5.6639090117686,0.6461652191024775,-0.10683560294642538,0.13424546718750002,30.022108609648456
2,8,6,50.95164929931729,5.6639090117686,0.8160661143914067,-0.3769046125946727,0.12328382812500002,26.149104752070333
2,8,7,50.95164929931729,5.6639090117686,0.53524970796228,-0.08398610502046824,0.13933965585937502,33.49565140718752
2,8,8,50.95164929931729,5.6639090117686,0.4659032367697126,-0.03514514980045455,0.14443273535156254,36.20125456671877
2,8,9,50.95164929931729,5.6639090117686,0.4712630538018376,-0.04132343272938781,0.150297731640625,34.312197692890635
2,8,10,50.95164929931729,5.6639090117686,0.6200091633471111,-0.13503697033482326,0.17209619648437502,32.60974334843752
2,8,11,50.95164929931729,5.6639090117686,0.2997064240677058,-0.011494621240008305,0.1645554513671875,38.66889143539064
2,8,12,50.95164929931729,5.6639090117686,0.29527446567861015,-0.016202424612801872,0.1908117134765625,38.95291421058596
2,8,13,50.95164929931729,5.6639090117686,0.48672526364671453,-0.1183295579190552,0.15756134531250002,33.60868639671877
2,9,0,50.95164929931729,5.6639090117686,0.8113816600110622,-0.3977424428966975,0.1089998955078125,24.42905962109377
2,9,1,50.95164929931729,5.6639090117686,0.8042070750382367,-0.3911022883196574,0.10973896992187501,24.732101808359396
2,9,2,50.95164929931729,5.6639090117686,0.8406839153000724,-0.40300225255641386,0.1254847990234375,24.547508700898454
2,9,3,50.95164929931729,5.6639090117686,0.804081321343442,-0.29799258233244186,0.1403146888671875,26.5748418408594
2,9,4,50.95164929931729,5.6639090117686,0.6673699846850096,-0.11864377285723804,0.1318508271484375,29.94473585222658
2,9,5,50.95164929931729,5.6639090117686,0.7740615444339436,-0.3114033600204945,0.11567397812500002,27.376754728437522
2,9,6,50.95164929931729,5.6639090117686,0.804011694922396,-0.3672301385754204,0.11767923027343752,26.807934782890648
2,9,7,50.95164929931729,5.6639090117686,0.6293385846381712,-0.16963074290131847,0.1392523521484375,30.883009045507833
2,9,8,50.95164929931729,5.6639090117686,0.6397431912103189,-0.17658161511311038,0.149185645703125,31.102870511679704
2,9,9,50.95164929931729,5.6639090117686,0.5548053413402511,-0.11181465132114393,0.150339648828125,33.03250969718752
2,9,10,50.95164929931729,5.6639090117686,0.6300099897293275,-0.18764817154098584,0.169817275,31.657991673945332
2,9,11,50.95164929931729,5.6639090117686,0.34786577404931135,-0.02149797649319697,0.1607980380859375,36.62258561410159
2,9,12,50.95164929931729,5.6639090117686,0.39910886617942487,-0.04726349952441696,0.1714977802734375,36.42898682503909
2,9,13,50.95164929931729,5.6639090117686,0.48538720811012975,-0.09308601493214277,0.1657258640625,34.41600002292971
2,10,0,50.95164929931729,5.6639090117686,0.8221958159851006,-0.3970780971408178,0.118291705078125,24.40291710875002
2,10,1,50.95164929931729,5.6639090117686,0.8386809911544769,-0.4103164387442317,0.12528449863281252,24.69053815109377
2,10,2,50.95164929931729,5.6639090117686,0.8283877307645757,-0.3755735089723996,0.1309599556640625,25.44139436492189
2,10,3,50.95164929931729,5.6639090117686,0.7690012660914307,-0.2537650987597687,0.146193071484375,28.067982515234394
2,10,4,50.95164929931729,5.6639090117686,0.6453347350568398,-0.06312131084332522,0.13600841406250003,31.57120600988283
2,10,5,50.95164929931729,5.6639090117686,0.6493514279924532,-0.083954468666954,0.1432826390625,31.33290592800783
2,10,6,50.95164929931729,5.6639090117686,0.7308824435393422,-0.22348559329988835,0.1311239025390625,29.24932232609377
2,10,7,50.95164929931729,5.6639090117686,0.5575798377873324,-0.02660175275151934,0.15704433359683795,33.081870712578144
2,10,8,50.95164929931729,5.6639090117686,0.7884621016300765,-0.28611332925263916,0.1397934986328125,27.263225728203146
2,10,9,50.95164929931729,5.6639090117686,0.6227192094086169,-0.14980989883509244,0.15499468808593753,30.52136650753908
2,10,10,50.95164929931729,5.6639090117686,0.7136759057776942,-0.30385463427747095,0.17756973417968752,29.87696292441408
2,10,11,50.95164929931729,5.6639090117686,0.6469369345281305,-0.2709338003981593,0.1978560240234375,30.18942469414064
2,10,12,50.95164929931729,5.6639090117686,0.6146553176440137,-0.2615760309602924,0.202196066015625,29.69795747855471
2,10,13,50.95164929931729,5.6639090117686,0.596948063830266,-0.14871026432493062,0.17256497470588236,30.732916577421896
2,11,0,50.95164929931729,5.6639090117686,0.8453981981997756,-0.4035237554395884,0.13551551738281253,24.397643210703144
2,11,1,50.95164929931729,5.6639090117686,0.7987259725863868,-0.30018646324411935,0.13668041953125,25.66146945734377
2,11,2,50.95164929931729,5.6639090117686,0.799607199635945,-0.294791940944435,0.1427903841796875,26.606298306171894
2,11,3,50.95164929931729,5.6639090117686,0.7451587486220534,-0.23004772555149938,0.1329519609375,27.57294373578127
2,11,4,50.95164929931729,5.6639090117686,0.7240669928427903,-0.19170123953743856,0.137096777734375,28.467229949023455
2,11,5,50.95164929931729,5.6639090117686,0.7080254730669782,-0.22376274558500941,0.12196513703703704,27.99950195046877
2,11,6,50.95164929931729,5.6639090117686,0.7039512690260423,-0.17318906721827773,0.13970140195312503,30.642579376953144
2,11,7,50.95164929931729,5.6639090117686,0.45149449236596884,0.04742808529271104,0.14988392226562502,36.56024680402346
2,11,8,50.95164929931729,5.6639090117686,0.8307120928548024,-0.352066685058329,0.15165497558593752,25.91653919984377
2,11,9,50.95164929931729,5.6639090117686,0.7463031521487854,-0.27936203656779024,0.14727956992187502,27.835376908085955
2,11,10,50.95164929931729,5.6639090117686,0.7355659939152156,-0.3209963615718088,0.1485631671875,28.154427712460958
2,11,11,50.95164929931729,5.6639090117686,0.5545171601760652,-0.18395733827006608,0.187875862109375,31.23258170035158
2,11,12,50.95164929931729,5.6639090117686,0.6262001616502254,-0.2359599008113777,0.1890777712890625,29.402098473945333
2,11,13,50.95164929931729,5.6639090117686,0.6644275072635725,-0.1808402344166869,0.17717219435146445,30.304954602591113
2,12,0,50.95164929931729,5.6639090117686,0.8300398286016999,-0.3882490876556167,0.1240673275390625,24.55405768062502
2,12,1,50.95164929931729,5.6639090117686,0.8443320253088865,-0.4167093455784714,0.12635348359375,24.46366039777346
2,12,2,50.95164929931729,5.6639090117686,0.8001358146708946,-0.32842908570687146,0.140034687109375,25.987723471835956
2,12,3,50.95164929931729,5.6639090117686,0.8220506347185037,-0.35263976156446253,0.13620125312500003,25.31427339453127
2,12,4,50.95164929931729,5.6639090117686,0.7006305033483212,-0.15361953685226148,0.14281305195312502,28.597168115585955
2,12,5,50.95164929931729,5.6639090117686,0.7385603516732875,-0.18000164271383365,0.14030242578125002,28.740444571132834
2,12,6,50.95164929931729,5.6639090117686,0.6474958644870494,-0.1143254739205698,0.14937156210937502,31.46508049437502
2,12,7,50.95164929931729,5.6639090117686,0.624865219462295,-0.1476120309428635,0.15029011640625,31.17668505687502
2,12,8,50.95164929931729,5.6639090117686,0.8142624391620437,-0.3566241481328343,0.14460117402343753,26.668683846992202
2,12,9,50.95164929931729,5.6639090117686,0.7034878667324762,-0.25160068960257603,0.1399978912109375,28.512612175507833
2,12,10,50.95164929931729,5.6639090117686,0.4571360073801182,-0.041655439727388804,0.1420569794921875,34.75802900082033
2,12,11,50.95164929931729,5.6639090117686,0.5852469736728805,-0.1536110493747952,0.15799972832031253,32.215910004921895
2,12,12,50.95164929931729,5.6639090117686,0.5224188216571404,-0.09619793118875676,0.16627781367187502,32.94659188976564
2,12,13,50.95164929931729,5.6639090117686,0.647126003385357,-0.185883077984137,0.15658531484375002,30.409366270156266
2,13,0,50.95164929931729,5.6639090117686,0.8240909527871079,-0.37727992179742187,0.12458016972656251,24.78058829128908
2,13,1,50.95164929931729,5.6639090117686,0.8070624864011923,-0.3396616025411634,0.12782060683593752,26.198392333437518
2,13,2,50.95164929931729,5.6639090117686,0.7761303420387894,-0.253312952273646,0.14430329257812502,27.284060963398453
2,13,3,50.95164929931729,5.6639090117686,0.7405153169315692,-0.21002451028714295,0.1458791232421875,27.32101830464846
2,13,4,50.95164929931729,5.6639090117686,0.7693913768231362,-0.2839760238719172,0.12522124472656251,25.93790850066408
2,13,5,50.95164929931729,5.6639090117686,0.8156694915232022,-0.3425222568160291,0.133396071875,26.051317336132833
2,13,6,50.95164929931729,5.6639090117686,0.7879355494831695,-0.3181786699382465,0.13651282285156252,27.547675755898457
2,13,7,50.95164929931729,5.6639090117686,0.7984892576798808,-0.32051065971336895,0.139567805859375,27.445555732578143
2,13,8,50.95164929931729,5.6639090117686,0.7419762169676252,-0.2905600242504832,0.142949132421875,28.53105079121096
2,13,9,50.95164929931729,5.6639090117686,0.7908456402814024,-0.3443712152867481,0.13342590839843751,27.083352425703143
2,13,10,50.95164929931729,5.6639090117686,0.4184249320248994,-0.02431502615487147,0.13873205097656252,35.11000495097658
2,13,11,50.95164929931729,5.6639090117686,0.4752762430848225,-0.056158763557445306,0.14803719980468752,34.09209589718752
2,13,12,50.95164929931729,5.6639090117686,0.5229181218098476,-0.0994899900631954,0.14991664453125003,32.58448204437502
2,13,13,50.95164929931729,5.6639090117686,0.5395020136591041,-0.1310476282067465,0.15267720410156252,31.22047255078742
3,0,0,51.19311534315488,4.41434540706116,0.42456245953291777,-0.021720991428951713,0.17522670253906253,33.49698657125002
3,0,1,51.19311534315488,4.41434540706116,0.43921757987931986,-0.09000431823535507,0.13660422500000002,34.70806716160158
3,0,2,51.19311534315488,4.41434540706116,0.37767616369964285,-0.048487078767566,0.14102595800781254,34.94009864820315
3,0,3,51.19311534315488,4.41434540706116,0.5490839019781484,-0.15197740941952273,0.16210551546391752,30.164885322727297
3,0,4,51.19311534315488,4.41434540706116,0.22099152970729122,0.05627041227314109,0.10299790731707317,34.756286964625566
3,0,5,51.19311534315488,4.41434540706116,0.21962224528225294,0.04082525339151759,0.093449550390625,37.878888211250015
3,0,6,51.19311534315488,4.41434540706116,0.24684783701548135,0.036270744507289544,0.09701196796875,39.02055362199221
3,0,7,51.19311534315488,4.41434540706116,0.2542347095216184,-0.008598255049976116,0.10610259550781251,38.42250693511721
3,0,8,51.19311534315488,4.41434540706116,0.25421327071297284,0.018857131931481533,0.10063691621093751,39.520472426093775
3,0,9,51.19311534315488,4.41434540706116,0.2760773555686617,0.020940811165615504,0.10597692988281252,38.56372056218752
3,0,10,51.19311534315488,4.41434540706116,0.2556111138540646,0.028456168291063746,0.0951969107421875,39.109695850625016
3,0,11,51.19311534315488,4.41434540706116,0.2776425441211489,-0.0004022050576035709,0.13130711542968748,36.56519358687502
3,0,12,51.19311534315488,4.41434540706116,0.49889369347844315,-0.137613099638203,0.13972981308593752,33.767677733281275
3,0,13,51.19311534315488,4.41434540706116,0.4130029436744992,-0.06668626287417856,0.11786878593750001,35.63378313687501
3,1,0,51.19311534315488,4.41434540706116,0.37992399760157664,-0.04605599771613939,0.16711126464435147,35.28986478868646
3,1,1,51.19311534315488,4.41434540706116,0.4440052273543989,-0.08240285769223624,0.13748541370967743,31.896182222916682
3,1,2,51.19311534315488,4.41434540706116,0.5216130565362309,-0.15258447816062004,0.14010386718061676,32.565019167098235
3,1,3,51.19311534315488,4.41434540706116,0.23338143396402758,0.007953396156271202,0.1354103548387097,32.93182159710845
3,1,4,51.19311534315488,4.41434540706116,0.25243564976719973,0.022451498737218866,0.10066337792968749,37.53086434671877
3,1,5,51.19311534315488,4.41434540706116,0.19192083304625132,0.045601370516502954,0.09583234296875001,38.785544719531266
3,1,6,51.19311534315488,4.41434540706116,0.22140873692730811,0.0255117345561704,0.09736746289682541,38.767773685859396
3,1,7,51.19311534315488,4.41434540706116,0.21692160705810382,0.020033327874509052,0.0981478751984127,37.41959177375002
3,1,8,51.19311534315488,4.41434540706116,0.39289480760818124,-0.07725515291847167,0.11552126875000002,36.10025608121096
3,1,9,51.19311534315488,4.41434540706116,0.30198705172159557,-0.007172724599031651,0.10332569199218751,37.877699915234395
3,1,10,51.19311534315488,4.41434540706116,0.3113035140975814,-0.004850002213662448,0.104939288671875,38.664999432148456
3,1,11,51.19311534315488,4.41434540706116,0.35716650184313914,-0.03740869516318851,0.11740747832031251,36.715085780351586
3,1,12,51.19311534315488,4.41434540706116,0.5574599795443973,-0.16535203507728624,0.1364145857421875,32.81264823101564
3,1,13,51.19311534315488,4.41434540706116,0.7082662910027808,-0.25852995457784794,0.1470979228515625,29.60763362972658
3,2,0,51.19311534315488,4.41434540706116,0.4620357323334254,-0.08981180054483859,0.1396306052631579,27.423350174000014
3,2,1,51.19311534315488,4.41434540706116,0.5105494196990287,-0.14567300475154332,0.14680507448979593,26.57513907167787
3,2,2,51.19311534315488,4.41434540706116,0.5433384214747558,-0.21050446907034456,0.14976911203703705,28.177060128867943
3,2,3,51.19311534315488,4.41434540706116,0.23191814957315343,0.02076519246059616,0.13407865187165777,34.71107531267329
3,2,4,51.19311534315488,4.41434540706116,0.30306477520143094,-0.007366736559966751,0.10359716621093751,36.48019704265627
3,2,5,51.19311534315488,4.41434540706116,0.29096807606788555,-0.01351128630072718,0.09816281074218751,37.38013767570314
3,2,6,51.19311534315488,4.41434540706116,0.45273633369154986,-0.1255149960779272,0.11187848125000001,34.33332666417971
3,2,7,51.19311534315488,4.41434540706116,0.37320328342409403,-0.07072232154754132,0.112254037109375,35.49328382257814
3,2,8,51.19311534315488,4.41434540706116,0.23569452858966095,0.02563761748087621,0.101807545703125,37.45435944593752
3,2,9,51.19311534315488,4.41434540706116,0.32540478190584243,-0.017135127565943962,0.099029467578125,37.22575933097658
3,2,10,51.19311534315488,4.41434540706116,0.2764907141333951,0.016995375243779108,0.0907858859375,39.9325774898047
3,2,11,51.19311534315488,4.41434540706116,0.40529626365637644,-0.08111750012372715,0.1181244001953125,35.90933429609376
3,2,12,51.19311534315488,4.41434540706116,0.40622353590384525,-0.07209784112721852,0.10764555859375,38.47067297867189
3,2,13,51.19311534315488,4.41434540706116,0.5122284696025245,-0.13370567725932445,0.12144953613281251,35.60202625964846
3,3,0,51.19311534315488,4.41434540706116,0.4892903202581225,-0.14467137618374812,0.14331232060606064,28.07423325656979
3,3,1,51.19311534315488,4.41434540706116,0.5653721597380758,-0.21095379524516503,0.15071523750000002,27.78505367243245
3,3,2,51.19311534315488,4.41434540706116,0.2667346744808207,-0.0036493755691808043,0.1569338349264706,34.02272604722224
3,3,3,51.19311534315488,4.41434540706116,0.2645717507434299,0.0035581359757915353,0.12185502871093751,35.77288720472658
3,3,4,51.19311534315488,4.41434540706116,0.3486300747437562,-0.05315983448957596,0.10641439394531252,35.96407602265627
3,3,5,51.19311534315488,4.41434540706116,0.3316541148654979,-0.03625643527144998,0.1027499478515625,36.693809941015644
3,3,6,51.19311534315488,4.41434540706116,0.315465798876545,-0.0075115708066056264,0.09810732167968751,37.700009605976575
3,3,7,51.19311534315488,4.41434540706116,0.3637333307216677,-0.0490727481510217,0.10073208496093751,36.666412374453145
3,3,8,51.19311534315488,4.41434540706116,0.26707531361128206,0.017365728057811353,0.09811556503906252,38.143050421015644
3,3,9,51.19311534315488,4.41434540706116,0.30024712128978637,-0.008574289623510357,0.09763990761718752,37.93197433437503
3,3,10,51.19311534315488,4.41434540706116,0.370957602124912,-0.04880444998341501,0.1259668380859375,36.202823384492206
3,3,11,51.19311534315488,4.41434540706116,0.4483180137864966,-0.07893353799316978,0.12764537949218752,34.64996749742188
3,3,12,51.19311534315488,4.41434540706116,0.4003031495333218,-0.06318707496140186,0.10614133925781252,37.953830970078144
3,3,13,51.19311534315488,4.41434540706116,0.41914017756577626,-0.06497417963167586,0.12087420058593752,37.52300690621095
3,4,0,51.19311534315488,4.41434540706116,0.3241688701996653,-0.059220328150257136,0.150071165,31.927427040000023
3,4,1,51.19311534315488,4.41434540706116,0.3322306108270434,-0.027977921373353785,0.156376435828877,32.89596554966347
3,4,2,51.19311534315488,4.41434540706116,0.36907745016702626,-0.021475544720978082,0.1587324197265625,34.208014841093764
3,4,3,51.19311534315488,4.41434540706116,0.2947130846489233,-0.01627079762057384,0.11488627070312502,36.97261890054689
3,4,4,51.19311534315488,4.41434540706116,0.28816054250267686,0.004321686857662654,0.10230322226562502,36.55850441492189
3,4,5,51.19311534315488,4.41434540706116,0.37044147259339244,-0.04989231155273806,0.1049567919921875,36.386541959492206
3,4,6,51.19311534315488,4.41434540706116,0.41988127728593244,-0.08830406488265048,0.11206302519531251,34.83624291160158
3,4,7,51.19311534315488,4.41434540706116,0.3985013845152767,-0.06752819750227826,0.10470589082031251,35.79714045992189
3,4,8,51.19311534315488,4.41434540706116,0.3908338807473288,-0.05747803080514967,0.11586446757812502,36.0849551010547
3,4,9,51.19311534315488,4.41434540706116,0.38350234482720175,-0.07138412629054605,0.10819161484375,37.565538557421895
3,4,10,51.19311534315488,4.41434540706116,0.4602804969674355,-0.10190802392730985,0.128229346875,34.57983800503908
3,4,11,51.19311534315488,4.41434540706116,0.4590425066325313,-0.10562775290594104,0.11324899804687502,37.67667093816408
3,4,12,51.19311534315488,4.41434540706116,0.5241628950605539,-0.1463818366831373,0.12134109921875,36.036148178750025
3,4,13,51.19311534315488,4.41434540706116,0.4686344789409542,-0.10538698752068103,0.1151441560546875,38.51738369339846
3,5,0,51.19311534315488,4.41434540706116,0.5032958299673046,-0.11737090186000969,0.1521768749019608,34.02025739480471
3,5,1,51.19311534315488,4.41434540706116,0.4829370887541315,-0.1163805986832569,0.1452718412109375,34.362293048515646
3,5,2,51.19311534315488,4.41434540706116,0.5359929000709951,-0.1222352398294513,0.14513277050781254,32.702931124179706
3,5,3,51.19311534315488,4.41434540706116,0.4026257451259317,-0.054096736565759994,0.12678529941406252,36.16224107281252
3,5,4,51.19311534315488,4.41434540706116,0.36238873711840314,-0.053282933774379856,0.11590628867187501,36.26016868097658
3,5,5,51.19311534315488,4.41434540706116,0.43607249434278017,-0.08011741430301123,0.11633834042968752,35.3656154349219
3,5,6,51.19311534315488,4.41434540706116,0.5535703008852799,-0.15756534337532002,0.1260793083984375,32.128837280585955
3,5,7,51.19311534315488,4.41434540706116,0.3411758083474238,-0.020719991104336217,0.10831107460937502,36.241195999648454
3,5,8,51.19311534315488,4.41434540706116,0.2748927896074927,0.020143284460673865,0.105951155078125,38.34364546976565
3,5,9,51.19311534315488,4.41434540706116,0.2985426146840107,0.003169253287705412,0.105434009765625,37.028081615703144
3,5,10,51.19311534315488,4.41434540706116,0.43195701236228634,-0.09364788047043489,0.12115892226562501,35.62810201378909
3,5,11,51.19311534315488,4.41434540706116,0.42483484067852106,-0.0747110136251616,0.1081584953125,38.39097703578127
3,5,12,51.19311534315488,4.41434540706116,0.5805932418694004,-0.17776558235868906,0.13355663085937503,35.046457817421896
3,5,13,51.19311534315488,4.41434540706116,0.5283529052511442,-0.14456210603955,0.12314022011718752,36.152213990703146
3,6,0,51.19311534315488,4.41434540706116,0.4156219607079489,-0.0580979585535507,0.1220244158203125,36.366995157617204
3,6,1,51.19311534315488,4.41434540706116,0.4366631720969546,-0.07763217469137745,0.1428975375,35.876529315078145
3,6,2,51.19311534315488,4.41434540706116,0.5289802911686394,-0.13969009243695318,0.143305788671875,32.70941334570314
3,6,3,51.19311534315488,4.41434540706116,0.45872868761986146,-0.08542945960886321,0.1353010728515625,34.46259057289064
3,6,4,51.19311534315488,4.41434540706116,0.5005280616169046,-0.1322371502241017,0.1348959814453125,33.48521710003908
3,6,5,51.19311534315488,4.41434540706116,0.49490967543146913,-0.1385054683985078,0.11510980644531252,34.65848584414064
3,6,6,51.19311534315488,4.41434540706116,0.39918562750883657,-0.06784435527700258,0.111485219921875,35.642535137304705
3,6,7,51.19311534315488,4.41434540706116,0.33461673376633694,-0.018259362295783177,0.11038636503906252,36.19138102847658
3,6,8,51.19311534315488,4.41434540706116,0.37455233327148757,-0.040200958670915735,0.1235690123046875,36.145865285585955
3,6,9,51.19311534315488,4.41434540706116,0.5660766464186086,-0.1824142817380907,0.12943387519531252,32.65847016089846
3,6,10,51.19311534315488,4.41434540706116,0.4330459103452833,-0.07574758037508834,0.1241876708984375,36.36980567796877
3,6,11,51.19311534315488,4.41434540706116,0.3651460852771369,-0.0302251575730019,0.11672543671875,39.63828730296877
3,6,12,51.19311534315488,4.41434540706116,0.47681909523086646,-0.07151562693717191,0.1484993779296875,36.79267883984377
3,6,13,51.19311534315488,4.41434540706116,0.46404001272059825,-0.06890258337422092,0.14250283945312503,36.86857624097658
3,7,0,51.19311534315488,4.41434540706116,0.40954924152403666,-0.08550197866316601,0.13385834882812503,36.240501714335956
3,7,1,51.19311534315488,4.41434540706116,0.37712120578740627,-0.052485658205562266,0.121498192578125,36.788466397226586
3,7,2,51.19311534315488,4.41434540706116,0.5372007213738188,-0.12850789468844825,0.15099290742187502,34.99097507480471
3,7,3,51.19311534315488,4.41434540706116,0.45719591781331825,-0.10247319849291087,0.12480125371093752,36.786603843359394
3,7,4,51.19311534315488,4.41434540706116,0.4548992285666593,-0.10258007776861758,0.122972625390625,36.25114297191408
3,7,5,51.19311534315488,4.41434540706116,0.47502872647468364,-0.10995156683838611,0.1394233943359375,33.67296119468752
3,7,6,51.19311534315488,4.41434540706116,0.5523215164104375,-0.15720063306189966,0.13126617734375,33.08257167371095
3,7,7,51.19311534315488,4.41434540706116,0.5443552549296945,-0.15766981634739616,0.12803467421875,33.45568327097658
3,7,8,51.19311534315488,4.41434540706116,0.5466829412869707,-0.16894305257234554,0.12720199179687502,33.2760302705469
3,7,9,51.19311534315488,4.41434540706116,0.5601816975525388,-0.16888681328412658,0.13390606484375,33.677741082031275
3,7,10,51.19311534315488,4.41434540706116,0.4571589454703035,-0.0834441358065274,0.131763291015625,36.24431360773439
3,7,11,51.19311534315488,4.41434540706116,0.5901832926519708,-0.18376195687601043,0.14303623613281252,34.93284870734377
3,7,12,51.19311534315488,4.41434540706116,0.379374367529359,-0.004381495835351718,0.14085338691406252,38.417640262109394
3,7,13,51.19311534315488,4.41434540706116,0.5076856073567196,-0.004411183165561198,0.17479920585937503,37.198815720195334
3,8,0,51.19311534315488,4.41434540706116,0.42394531672590424,-0.09014360045253889,0.14811107851562502,37.01579810632815
3,8,1,51.19311534315488,4.41434540706116,0.36081334769896223,-0.032341200700886086,0.11890603828125001,38.47259561492189
3,8,2,51.19311534315488,4.41434540706116,0.3310094579287676,-0.025280445504658418,0.1178775990234375,38.349727142070336
3,8,3,51.19311534315488,4.41434540706116,0.3983086760813838,-0.060970072873225784,0.11342376015625,37.79046697121096
3,8,4,51.19311534315488,4.41434540706116,0.5314877614841329,-0.10787045125815362,0.1457769458984375,35.50961955488283
3,8,5,51.19311534315488,4.41434540706116,0.6639490803535157,-0.221393674502735,0.14123247421875001,30.715733015937516
3,8,6,51.19311534315488,4.41434540706116,0.7236396319473577,-0.23624152588725816,0.160067395703125,30.193390131406268
3,8,7,51.19311534315488,4.41434540706116,0.5663347167372341,-0.13003342914374671,0.14128520996093752,33.696800549023465
3,8,8,51.19311534315488,4.41434540706116,0.4781619581003844,-0.09393683683801185,0.1269767958984375,34.30103572132815
3,8,9,51.19311534315488,4.41434540706116,0.4771665528020757,-0.10692599691964583,0.1264281810546875,34.74465733273439
3,8,10,51.19311534315488,4.41434540706116,0.5959836955648807,-0.17027801637856038,0.15584677539062503,33.480517322539086
3,8,11,51.19311534315488,4.41434540706116,0.5512501455024021,-0.14701788113939435,0.1436975802734375,33.87034517386721
3,8,12,51.19311534315488,4.41434540706116,0.47251585841774824,-0.0862423691386098,0.14402129804687502,36.50634623082033
3,8,13,51.19311534315488,4.41434540706116,0.4962851610182473,-0.060668771805299934,0.16410277968750003,36.386595366054706
3,9,0,51.19311534315488,4.41434540706116,0.37481209992519393,-0.05106687122047964,0.12277910800781253,38.055009702734395
3,9,1,51.19311534315488,4.41434540706116,0.33153664861444976,-0.02623141467984011,0.11337391191406251,39.2743950135547
3,9,2,51.19311534315488,4.41434540706116,0.35489026502341603,-0.03477550592031455,0.12184569121093752,38.13789001191408
3,9,3,51.19311534315488,4.41434540706116,0.3714795489494672,-0.03559106564964417,0.11687691972656251,38.151355141484395
3,9,4,51.19311534315488,4.41434540706116,0.5747101957280804,-0.16299083486243035,0.1331319544921875,32.37692411503908
3,9,5,51.19311534315488,4.41434540706116,0.7738908284193411,-0.30913452746912645,0.1525089798828125,28.301355841718767
3,9,6,51.19311534315488,4.41434540706116,0.7387859222965054,-0.2816640833483784,0.155696328125,29.144658815234394
3,9,7,51.19311534315488,4.41434540706116,0.5721070181800215,-0.1260717168917574,0.155491667578125,32.74793950472659
3,9,8,51.19311534315488,4.41434540706116,0.4548144413845949,-0.08349926639465871,0.12848266308593753,36.005900036914085
3,9,9,51.19311534315488,4.41434540706116,0.5088308478261557,-0.1336776815932682,0.12676711972656252,34.94553276593752
3,9,10,51.19311534315488,4.41434540706116,0.5121099081194356,-0.12546297194168748,0.12152031289062501,35.985852548515645
3,9,11,51.19311534315488,4.41434540706116,0.48919198057218294,-0.09225243009008752,0.124792292578125,34.1471513873047
3,9,12,51.19311534315488,4.41434540706116,0.5315438260198491,-0.14254119891986444,0.1520429591796875,34.5803854223047
3,9,13,51.19311534315488,4.41434540706116,0.6889105086307351,-0.24466749536773233,0.1577073568359375,31.529515512031267
3,10,0,51.19311534315488,4.41434540706116,0.3723955172357074,-0.04583597265711989,0.121722308984375,36.96993522078127
3,10,1,51.19311534315488,4.41434540706116,0.4053674763326748,-0.06410477122643654,0.12242333906250001,36.80842709996095
3,10,2,51.19311534315488,4.41434540706116,0.4104944173983658,-0.0607534939760602,0.1243502130859375,36.90333723734377
3,10,3,51.19311534315488,4.41434540706116,0.47874898003819466,-0.11427918498765985,0.13172557734375,35.81472457062501
3,10,4,51.19311534315488,4.41434540706116,0.5965042296575295,-0.18082938510548885,0.13995654921875,33.27884079089846
3,10,5,51.19311534315488,4.41434540706116,0.6191204996782175,-0.19293486742641078,0.1476240365234375,31.753636151562517
3,10,6,51.19311534315488,4.41434540706116,0.6659739555543529,-0.21850559061497368,0.1504970560546875,31.197346720742207
3,10,7,51.19311534315488,4.41434540706116,0.5836773210302676,-0.18072556590440725,0.148831837890625,32.51427911796877
3,10,8,51.19311534315488,4.41434540706116,0.4743240076192544,-0.10309723227430831,0.1179024390625,36.391522121445334
3,10,9,51.19311534315488,4.41434540706116,0.46810154856780906,-0.091602283836818,0.11956482031250001,37.31303900574221
3,10,10,51.19311534315488,4.41434540706116,0.420699823657608,-0.060263144375945585,0.12098379082031252,37.42604061617189
3,10,11,51.19311534315488,4.41434540706116,0.46616486791649836,-0.10077087500387344,0.12234141269531251,34.92306863058596
3,10,12,51.19311534315488,4.41434540706116,0.5697861112601903,-0.1591111019402902,0.135988180078125,33.156185944296894
3,10,13,51.19311534315488,4.41434540706116,0.5134935731845484,-0.14460759521181302,0.12788258105468753,35.18131606355471
3,11,0,51.19311534315488,4.41434540706116,0.39657035200481855,-0.01984617850653715,0.13976237890625,36.189738776679704
3,11,1,51.19311534315488,4.41434540706116,0.5794398251102768,-0.16639887221688948,0.14706479218750002,33.413612251367205
3,11,2,51.19311534315488,4.41434540706116,0.4919446665585939,-0.07681347667579641,0.14004896777343753,36.38841786500002
3,11,3,51.19311534315488,4.41434540706116,0.4206475126076589,-0.06944958471287806,0.1215452474609375,37.388282176484395
3,11,4,51.19311534315488,4.41434540706116,0.42058633593660827,-0.05641755960274898,0.126373723828125,37.31651043230471
3,11,5,51.19311534315488,4.41434540706116,0.5047791900973488,-0.1273088510765122,0.1299795228515625,34.65047485976565
3,11,6,51.19311534315488,4.41434540706116,0.6044788951674747,-0.1958367891311158,0.1373660513671875,32.068855035078144
3,11,7,51.19311534315488,4.41434540706116,0.5608175854499188,-0.16675067059912463,0.13490583222656252,32.341689135429704
3,11,8,51.19311534315488,4.41434540706116,0.46141226895704224,-0.0845155492303902,0.12183997089843751,35.98210741332033
3,11,9,51.19311534315488,4.41434540706116,0.49657247745956046,-0.1063806037492843,0.1280745650390625,37.61274328285158
3,11,10,51.19311534315488,4.41434540706116,0.44087093713093206,-0.09808230718093851,0.12541174609375,37.452757249062515
3,11,11,51.19311534315488,4.41434540706116,0.505326653018283,-0.12777978717206892,0.11626304570312501,35.55488829242189
3,11,12,51.19311534315488,4.41434540706116,0.6103201682338246,-0.1958261893761124,0.13226735605468753,33.53628712542971
3,11,13,51.19311534315488,4.41434540706116,0.695330320119925,-0.2616410771655431,0.13144751137254904,31.014702952812517
3,12,0,51.19311534315488,4.41434540706116,0.6588088605312039,-0.22892679908592148,0.1515399021484375,31.252916249023453
3,12,1,51.19311534315488,4.41434540706116,0.5550191844064503,-0.14185075282939377,0.1554887181640625,33.43080248867189
3,12,2,51.19311534315488,4.41434540706116,0.43423862787190604,-0.07041547015953095,0.14032663925781252,36.86575236898439
3,12,3,51.19311534315488,4.41434540706116,0.35209331703028734,-0.019945267691345865,0.1212099353515625,37.728255001718765
3,12,4,51.19311534315488,4.41434540706116,0.48207064007217904,-0.10303203818592921,0.1289751669921875,34.49795239308595
3,12,5,51.19311534315488,4.41434540706116,0.6000194326118409,-0.1855697303614677,0.1420252400390625,31.891792252929708
3,12,6,51.19311534315488,4.41434540706116,0.6088135107645766,-0.18118123797983923,0.14653965195312502,31.87762616222658
3,12,7,51.19311534315488,4.41434540706116,0.5990665512824991,-0.18327848605202074,0.13750260019531252,32.99707444296877
3,12,8,51.19311534315488,4.41434540706116,0.5382908088784597,-0.1307682543744747,0.13620140761718752,34.49592294371095
3,12,9,51.19311534315488,4.41434540706116,0.599104310045082,-0.18706265370399447,0.14001224199218754,32.02088259031252
3,12,10,51.19311534315488,4.41434540706116,0.47907056879417176,-0.11493325867357532,0.1387949712890625,35.15344451375002
3,12,11,51.19311534315488,4.41434540706116,0.4692175538928553,-0.07871025091402126,0.12045461230468751,37.24244220593752
3,12,12,51.19311534315488,4.41434540706116,0.4268432037521749,-0.06717069037658385,0.12164486582031252,36.61530896996096
3,12,13,51.19311534315488,4.41434540706116,0.5659022647442661,-0.16396958975321418,0.1264130748046875,33.63020924140626
3,13,0,51.19311534315488,4.41434540706116,0.738989301093779,-0.2726860801387165,0.16102994335937498,29.68720273203127
3,13,1,51.19311534315488,4.41434540706116,0.7945130632440267,-0.329274472346497,0.144364578125,28.07892418472658
3,13,2,51.19311534315488,4.41434540706116,0.5473242605209254,-0.16941091476348283,0.126763561328125,34.09729636121096
3,13,3,51.19311534315488,4.41434540706116,0.39998097945082095,-0.05199726569021103,0.12659408164062502,37.086875565195335
3,13,4,51.19311534315488,4.41434540706116,0.504105134021383,-0.10929123227504012,0.13825692578125,34.93286873480471
3,13,5,51.19311534315488,4.41434540706116,0.65777144670919,-0.21588936862771826,0.142724232421875,31.166824870273455
3,13,6,51.19311534315488,4.41434540706116,0.6453437029808682,-0.20819537120739506,0.1525309404296875,30.792144455234393
3,13,7,51.19311534315488,4.41434540706116,0.5538209368896021,-0.14663822725143097,0.1375405974609375,34.37028400542971
3,13,8,51.19311534315488,4.41434540706116,0.5118673682909952,-0.10693208078226599,0.139853434765625,34.91368910304689
3,13,9,51.19311534315488,4.41434540706116,0.731514161376756,-0.3247569676376252,0.144617978125,28.605205803242207
3,13,10,51.19311534315488,4.41434540706116,0.6715546877155529,-0.2551046715038319,0.15186634140625,31.53825416082033
3,13,11,51.19311534315488,4.41434540706116,0.5076663995055409,-0.10570944428010257,0.1375402087890625,34.77035256511721
3,13,12,51.19311534315488,4.41434540706116,0.5131842132418803,-0.10934631371596197,0.136982254296875,34.19547765054689
3,13,13,51.19311534315488,4.41434540706116,0.5211443579307784,-0.11805197672250424,0.1357323181640625,34.2953479224219
4,0,0,50.770549766439096,5.183307625342661,0.62353583153528,-0.20825980764527932,0.1867442763671875,29.228440360156267
4,0,1,50.770549766439096,5.183307625342661,0.6309792730318555,-0.19616719939141253,0.1675755998046875,30.571361725859397
4,0,2,50.770549766439096,5.183307625342661,0.5889601566712268,-0.17487360584091333,0.1760434138671875,30.067230479140644
4,0,3,50.770549766439096,5.183307625342661,0.7645337448825656,-0.3505191937008925,0.18596775195312504,28.881858472812517
4,0,4,50.770549766439096,5.183307625342661,0.5467323704416277,-0.18736926448656993,0.2065845447265625,29.562618573359394
4,0,5,50.770549766439096,5.183307625342661,0.6406452496100723,-0.20226044793972525,0.1608977515625,30.055067134531264
4,0,6,50.770549766439096,5.183307625342661,0.5341466499003203,-0.12015082868167798,0.1691521462890625,29.849098050429703
4,0,7,50.770549766439096,5.183307625342661,0.5621492071442209,-0.18546543097165408,0.16623019140625,32.06969618843752
4,0,8,50.770549766439096,5.183307625342661,0.5911582202735167,-0.2712442468805103,0.20903286074218752,31.633137594921894
4,0,9,50.770549766439096,5.183307625342661,0.4756426838394628,-0.12456135863933696,0.1965395966796875,34.47255089679689
4,0,10,50.770549766439096,5.183307625342661,0.4913727765522238,-0.10936307232459336,0.1750838427734375,33.55982606785158
4,0,11,50.770549766439096,5.183307625342661,0.6045651751108303,-0.1790101966342191,0.17122119628906252,32.28958435789064
4,0,12,50.770549766439096,5.183307625342661,0.6721030850277749,-0.20773062271729759,0.1597342896484375,29.859679225625015
4,0,13,50.770549766439096,5.183307625342661,0.7150944359067536,-0.2602569811188238,0.17319833925781253,29.95530367578127
4,1,0,50.770549766439096,5.183307625342661,0.5040542230327376,-0.14518801475873833,0.18725308808593752,30.92556740000002
4,1,1,50.770549766439096,5.183307625342661,0.5987244357166771,-0.18068776257838653,0.17602796699218753,30.39112792906252
4,1,2,50.770549766439096,5.183307625342661,0.5877706588696958,-0.16289854062416775,0.1855098150390625,30.469655603398458
4,1,3,50.770549766439096,5.183307625342661,0.8250403844653716,-0.43232933030758636,0.18714089140625,27.299008125078146
4,1,4,50.770549766439096,5.183307625342661,0.540328192463548,-0.15472035218819316,0.18074776796875003,29.877617154804703
4,1,5,50.770549766439096,5.183307625342661,0.6232233083953708,-0.16262665518067904,0.17441013906250002,31.15988869296877
4,1,6,50.770549766439096,5.183307625342661,0.5669321392230144,-0.11660475615004566,0.16967196210937502,29.521114998476584
4,1,7,50.770549766439096,5.183307625342661,0.6484624228480995,-0.1971717353208006,0.168930498828125,30.424613843750016
4,1,8,50.770549766439096,5.183307625342661,0.5455253592412249,-0.12607062024440488,0.18619103222656253,33.751428786640645
4,1,9,50.770549766439096,5.183307625342661,0.6590589599384524,-0.2180981548547062,0.19115819218750002,34.006224820507825
4,1,10,50.770549766439096,5.183307625342661,0.5491645713307375,-0.09435560451939974,0.17454959824218752,34.524094905429706
4,1,11,50.770549766439096,5.183307625342661,0.5718743160828985,-0.15033144524589634,0.1770792517578125,32.80605252054689
4,1,12,50.770549766439096,5.183307625342661,0.5258265074939982,-0.11803277553970495,0.1753919533203125,33.43105616984377
4,1,13,50.770549766439096,5.183307625342661,0.5896326155796969,-0.17937960500093414,0.1865143072265625,32.49455206894533
4,2,0,50.770549766439096,5.183307625342661,0.661650497841869,-0.25199872098628734,0.17205802558593752,30.061622790078147
4,2,1,50.770549766439096,5.183307625342661,0.7616107533679968,-0.3686343100290209,0.193518815625,29.346689165351584
4,2,2,50.770549766439096,5.183307625342661,0.686370096567708,-0.3262828813001704,0.19835367011718752,29.717123758671892
4,2,3,50.770549766439096,5.183307625342661,0.4200899144905904,-0.053466039415964665,0.21164459980468753,32.934862473476585
4,2,4,50.770549766439096,5.183307625342661,0.6355287510423073,-0.2228966356118344,0.18756609238281252,31.54690602394533
4,2,5,50.770549766439096,5.183307625342661,0.604256566683431,-0.15808871582881692,0.17499820332031252,31.904256009453146
4,2,6,50.770549766439096,5.183307625342661,0.5950255005136806,-0.14871294257021078,0.17428093222656252,30.94850551859377
4,2,7,50.770549766439096,5.183307625342661,0.6026849319651659,-0.16207560864314138,0.17579460195312502,32.86969979140626
4,2,8,50.770549766439096,5.183307625342661,0.5139108849568661,-0.013552892723740571,0.1725812037109375,36.368116695429705
4,2,9,50.770549766439096,5.183307625342661,0.5733363942940967,-0.05015245925955845,0.1622535255859375,34.98435266105471
4,2,10,50.770549766439096,5.183307625342661,0.6945524958703551,-0.23117127365089526,0.1673011896484375,31.001504856054705
4,2,11,50.770549766439096,5.183307625342661,0.6418571749895419,-0.22068052625973023,0.19184618417968752,31.46093480996096
4,2,12,50.770549766439096,5.183307625342661,0.7304547677957655,-0.3273087172004324,0.19421850468750002,30.370399506992207
4,2,13,50.770549766439096,5.183307625342661,0.4704585706304005,-0.11746474647453574,0.2017011162109375,34.616254604843775
4,3,0,50.770549766439096,5.183307625342661,0.6159060104199996,-0.19635608847870456,0.16439513242187503,31.096728756992206
4,3,1,50.770549766439096,5.183307625342661,0.5618867779318251,-0.19052563001540954,0.1907424763671875,30.33596562582033
4,3,2,50.770549766439096,5.183307625342661,0.7259603678374285,-0.3011224152417259,0.17061990136718752,28.579784279492205
4,3,3,50.770549766439096,5.183307625342661,0.6087414268279758,-0.2360399628451064,0.19729131269531253,30.322881018007834
4,3,4,50.770549766439096,5.183307625342661,0.4795015537156358,-0.10278771212294202,0.2000079673828125,32.77303391328127
4,3,5,50.770549766439096,5.183307625342661,0.6542984849957965,-0.18719107051422273,0.1604878572265625,31.753228926523455
4,3,6,50.770549766439096,5.183307625342661,0.6506019585576958,-0.17960877010528015,0.1607564416015625,31.968584213984393
4,3,7,50.770549766439096,5.183307625342661,0.527211215636856,-0.04730638479344995,0.16472560761718752,34.64970714042971
4,3,8,50.770549766439096,5.183307625342661,0.5222394405608553,-0.07952413782328119,0.1777251658203125,33.20300347214845
4,3,9,50.770549766439096,5.183307625342661,0.6354197481839592,-0.2027539444932683,0.17766024335937503,32.19389982535158
4,3,10,50.770549766439096,5.183307625342661,0.6215009591694225,-0.18877286828297402,0.16726564296875002,32.821747374101584
4,3,11,50.770549766439096,5.183307625342661,0.5253938552696679,-0.12491947623239716,0.172619269921875,32.69635544117189
4,3,12,50.770549766439096,5.183307625342661,0.36897340402044465,-0.03183534301414586,0.19501843183593753,34.76346979437502
4,3,13,50.770549766439096,5.183307625342661,0.5366899041945614,-0.15890034039112913,0.19438907929687502,33.52873009683596
4,4,0,50.770549766439096,5.183307625342661,0.6276354078940316,-0.21011012102626214,0.18723450449218754,29.495239518945336
4,4,1,50.770549766439096,5.183307625342661,0.7254450386337139,-0.33195724772182095,0.2057905837890625,29.053220104414084
4,4,2,50.770549766439096,5.183307625342661,0.3872405227227734,-0.043251168871506325,0.20259307285156253,32.894493788046894
4,4,3,50.770549766439096,5.183307625342661,0.6362753376020218,-0.2805529442013552,0.203898096875,29.95055716753908
4,4,4,50.770549766439096,5.183307625342661,0.621842082420304,-0.24277770734708076,0.19688623203125,29.913065760664082
4,4,5,50.770549766439096,5.183307625342661,0.6225388696880313,-0.17239322940667418,0.17895350781250002,31.8615107319922
4,4,6,50.770549766439096,5.183307625342661,0.7226756186255581,-0.26992586279753006,0.16158572109375002,29.91759864265627
4,4,7,50.770549766439096,5.183307625342661,0.59701585459021,-0.17237274098521024,0.17617283593750002,31.38363548656252
4,4,8,50.770549766439096,5.183307625342661,0.5254838111734585,-0.14336595883192876,0.19382669277343753,32.12210805371096
4,4,9,50.770549766439096,5.183307625342661,0.6387663112112365,-0.24479583523109377,0.18725434414062503,31.418516647695334
4,4,10,50.770549766439096,5.183307625342661,0.5005086873664017,-0.09178597651309116,0.17406263613281253,34.56738092433596
4,4,11,50.770549766439096,5.183307625342661,0.5059497314493278,-0.06995674592463577,0.166710556640625,34.41531908925783
4,4,12,50.770549766439096,5.183307625342661,0.5426116601017847,-0.15444607686636586,0.18301527519531252,32.82470476250002
4,4,13,50.770549766439096,5.183307625342661,0.5273364646985756,-0.19415147541419628,0.20235987792968751,32.8648598216797
4,5,0,50.770549766439096,5.183307625342661,0.5256260968885617,-0.12818178486126258,0.19019503417968753,30.476458264296895
4,5,1,50.770549766439096,5.183307625342661,0.7193166793608388,-0.35423619369770326,0.19722837773437502,29.84069319265627
4,5,2,50.770549766439096,5.183307625342661,0.6674181881391594,-0.299278867536263,0.19680715703125,29.241972247929706
4,5,3,50.770549766439096,5.183307625342661,0.6887325416048711,-0.2695253411735463,0.1805878388671875,29.871502103398452
4,5,4,50.770549766439096,5.183307625342661,0.5557397854624386,-0.11594834139884796,0.1740652953125,32.04143744105471
4,5,5,50.770549766439096,5.183307625342661,0.6097402276682938,-0.19541515825955108,0.18665433691406252,31.236613895820334
4,5,6,50.770549766439096,5.183307625342661,0.6873258970951963,-0.22469320216156333,0.16192349667968753,29.832922537812514
4,5,7,50.770549766439096,5.183307625342661,0.7774663882237858,-0.32100636747393757,0.16671654375,28.26664825191408
4,5,8,50.770549766439096,5.183307625342661,0.5588271535293964,-0.19843044516489872,0.20122287734375002,33.15108561757815
4,5,9,50.770549766439096,5.183307625342661,0.6876440305254841,-0.3068176258149441,0.19620752890625004,30.76822499105471
4,5,10,50.770549766439096,5.183307625342661,0.6310364399944808,-0.1775116927414066,0.18159313535156252,32.010301415117205
4,5,11,50.770549766439096,5.183307625342661,0.5252112878950818,-0.13449444015595088,0.18326212656250002,32.3456879517969
4,5,12,50.770549766439096,5.183307625342661,0.5523797344552097,-0.1702774873445967,0.20255481933593752,32.2682017054297
4,5,13,50.770549766439096,5.183307625342661,0.6739161939250865,-0.3149424423729953,0.202024231640625,31.084825769375023
4,6,0,50.770549766439096,5.183307625342661,0.5821668035178406,-0.16563584089169353,0.17584751035156249,31.360937697500017
4,6,1,50.770549766439096,5.183307625342661,0.6456442099482038,-0.23317436640612216,0.1949438232421875,31.10565432875002
4,6,2,50.770549766439096,5.183307625342661,0.6844012914365947,-0.2682237355293823,0.1838244435546875,30.243532217773456
4,6,3,50.770549766439096,5.183307625342661,0.5894033289259315,-0.15140270200983125,0.17749631484375,31.281648979648452
4,6,4,50.770549766439096,5.183307625342661,0.5472121097634624,-0.14770417895061982,0.19616263515625,33.08177725109377
4,6,5,50.770549766439096,5.183307625342661,0.5637774439420494,-0.1545004389697826,0.18358124355468752,32.420123348281265
4,6,6,50.770549766439096,5.183307625342661,0.5625609262648668,-0.1117623902541889,0.1683284630859375,32.80540496597658
4,6,7,50.770549766439096,5.183307625342661,0.5980535983415586,-0.14048972343686292,0.15626653730468748,32.193525979414076
4,6,8,50.770549766439096,5.183307625342661,0.5074671195553108,-0.11492693314726274,0.1997743189453125,33.01805654621096
4,6,9,50.770549766439096,5.183307625342661,0.6431492146025559,-0.2605440962682102,0.19036542246093752,31.007085841835956
4,6,10,50.770549766439096,5.183307625342661,0.6196917350760814,-0.21469570156485904,0.1946045244140625,31.676724025742207
4,6,11,50.770549766439096,5.183307625342661,0.6009188699062114,-0.22169435724528136,0.19666482968750001,31.575525265625018
4,6,12,50.770549766439096,5.183307625342661,0.5898756780128676,-0.24107176875617067,0.21274868867187502,31.284693153710954
4,6,13,50.770549766439096,5.183307625342661,0.627904876667102,-0.25656287299085245,0.1908590634765625,30.282465601835955
4,7,0,50.770549766439096,5.183307625342661,0.4906572187342797,-0.046001221655494876,0.1784435865234375,34.359462500703145
4,7,1,50.770549766439096,5.183307625342661,0.6325984058799143,-0.1917372154374109,0.16849684609375,31.181318076171895
4,7,2,50.770549766439096,5.183307625342661,0.6430774693847963,-0.20725218877140145,0.184352196875,31.297670948398455
4,7,3,50.770549766439096,5.183307625342661,0.5697655719309656,-0.15243958225666493,0.191478051953125,33.156012372968775
4,7,4,50.770549766439096,5.183307625342661,0.6825390404661204,-0.29233610747263233,0.20207947304687504,30.99514947511721
4,7,5,50.770549766439096,5.183307625342661,0.5417905751725992,-0.18600476384569076,0.188558208984375,31.64269069378908
4,7,6,50.770549766439096,5.183307625342661,0.6482725748551947,-0.2118299925802832,0.18080490605468752,30.23085483500002
4,7,7,50.770549766439096,5.183307625342661,0.5763700810306702,-0.20317756594624575,0.1822938994140625,31.370998158710957
4,7,8,50.770549766439096,5.183307625342661,0.6251479195955114,-0.2010173397140212,0.18553489394531253,31.782208662500018
4,7,9,50.770549766439096,5.183307625342661,0.6074515705001016,-0.2022162608850397,0.18891419550781252,31.61748947210939
4,7,10,50.770549766439096,5.183307625342661,0.6576506235009654,-0.25549365291954773,0.19356904375,30.794020360742206
4,7,11,50.770549766439096,5.183307625342661,0.6434533893460779,-0.28012091147807805,0.20316580527343753,31.00169845484377
4,7,12,50.770549766439096,5.183307625342661,0.6421996432098283,-0.26529498453406486,0.19802011757812502,31.53429539937502
4,7,13,50.770549766439096,5.183307625342661,0.6004051352015056,-0.1957832244386305,0.1933627392578125,32.42439587328127
4,8,0,50.770549766439096,5.183307625342661,0.6130519524541226,-0.21367971164571875,0.1838169244140625,30.88087278300783
4,8,1,50.770549766439096,5.183307625342661,0.7095031894945115,-0.31842620236151975,0.198609824609375,31.12271772546877
4,8,2,50.770549766439096,5.183307625342661,0.7322945610589686,-0.3384950944088063,0.19245014375000002,29.997601673281267
4,8,3,50.770549766439096,5.183307625342661,0.6344207402763106,-0.19558398549068895,0.18242516699218753,31.62968619582033
4,8,4,50.770549766439096,5.183307625342661,0.6415527229372546,-0.23814558034950475,0.184201230078125,30.994528623828145
4,8,5,50.770549766439096,5.183307625342661,0.5868136535748116,-0.18771181052977523,0.18305472421875002,30.839008713828143
4,8,6,50.770549766439096,5.183307625342661,0.7103832645985253,-0.29584560257339576,0.18450552265625003,29.386123235937518
4,8,7,50.770549766439096,5.183307625342661,0.6241208202009885,-0.2816963959801072,0.20414520351562498,29.870734384062516
4,8,8,50.770549766439096,5.183307625342661,0.7460976221452968,-0.3769993575697472,0.19916169257812502,28.76588612234377
4,8,9,50.770549766439096,5.183307625342661,0.6643883435529669,-0.23498271557689757,0.17792841308593754,29.705928408007832
4,8,10,50.770549766439096,5.183307625342661,0.6152379445238968,-0.18977627635485927,0.1827533560546875,31.36517684339846
4,8,11,50.770549766439096,5.183307625342661,0.5764636889385674,-0.14186924017581268,0.1716098951171875,32.655686343828144
4,8,12,50.770549766439096,5.183307625342661,0.492104557602094,-0.11062579818084754,0.20291360488281251,32.193192188398456
4,8,13,50.770549766439096,5.183307625342661,0.5980027452273442,-0.2543753111619905,0.2224986748046875,30.73589399328127
4,9,0,50.770549766439096,5.183307625342661,0.6097259856734997,-0.19036168590275762,0.17201670058593752,31.15529572859377
4,9,1,50.770549766439096,5.183307625342661,0.4607556062639988,-0.131205883914028,0.1995824548828125,33.199171551289076
4,9,2,50.770549766439096,5.183307625342661,0.6130797818434018,-0.28448005428790113,0.2074869671875,32.017618114179704
4,9,3,50.770549766439096,5.183307625342661,0.6783876748945408,-0.28903993250778104,0.19720461015625002,30.29417499066408
4,9,4,50.770549766439096,5.183307625342661,0.5685949978509796,-0.1981449254634469,0.2230459796875,31.93096596652346
4,9,5,50.770549766439096,5.183307625342661,0.6054230012565187,-0.2195837371401908,0.182358165625,31.227294450664083
4,9,6,50.770549766439096,5.183307625342661,0.6289866209914348,-0.19287864301361182,0.17558319843749998,31.81104153042971
4,9,7,50.770549766439096,5.183307625342661,0.5306102238587491,-0.1822268728965177,0.20323726875000003,32.88363890421877
4,9,8,50.770549766439096,5.183307625342661,0.6713830442856624,-0.271234361306247,0.1862396935546875,30.435895980078143
4,9,9,50.770549766439096,5.183307625342661,0.6894014809668738,-0.29828642840968334,0.1955799884765625,29.973468582851577
4,9,10,50.770549766439096,5.183307625342661,0.6407847840840329,-0.21824724672461948,0.18547392968750004,31.476409361445334
4,9,11,50.770549766439096,5.183307625342661,0.5635755064143368,-0.10104016575065372,0.1674472900390625,32.99136661660158
4,9,12,50.770549766439096,5.183307625342661,0.5485641606907988,-0.15818326348913342,0.185981780859375,32.54954080085939
4,9,13,50.770549766439096,5.183307625342661,0.4311987802411409,-0.1338062001705967,0.224483762890625,33.42011450035157
4,10,0,50.770549766439096,5.183307625342661,0.5498971427040833,-0.16758377872608826,0.186413041015625,32.869572950820334
4,10,1,50.770549766439096,5.183307625342661,0.607974789980871,-0.2404722558374585,0.207663728125,31.616261121171895
4,10,2,50.770549766439096,5.183307625342661,0.5882238632151895,-0.19026451070346084,0.187850950390625,31.951540844726587
4,10,3,50.770549766439096,5.183307625342661,0.6352801856833199,-0.2393112335575661,0.18901795292968748,30.415174233828143
4,10,4,50.770549766439096,5.183307625342661,0.525900066389671,-0.15681309170006946,0.19977591191406252,32.436298860898454
4,10,5,50.770549766439096,5.183307625342661,0.594088206329044,-0.16665773538284737,0.17335292441406247,32.288903424218766
4,10,6,50.770549766439096,5.183307625342661,0.5684306024763035,-0.1618036585809081,0.18443111894531253,31.51586345949221
4,10,7,50.770549766439096,5.183307625342661,0.6029241939201149,-0.22125825952326217,0.2015951890625,32.37622982972658
4,10,8,50.770549766439096,5.183307625342661,0.5592574730263686,-0.17752620767064642,0.19970515585937504,32.82326946113283
4,10,9,50.770549766439096,5.183307625342661,0.7698111469714122,-0.40744920530476597,0.214413,28.918241693515643
4,10,10,50.770549766439096,5.183307625342661,0.7343577547197905,-0.36277215437563637,0.207247657421875,29.98235409968752
4,10,11,50.770549766439096,5.183307625342661,0.5484234793675355,-0.1302391687187494,0.17066864824218753,33.39134839062502
4,10,12,50.770549766439096,5.183307625342661,0.5080106487378392,-0.08267131290819982,0.1820332841796875,34.45070761273439
4,10,13,50.770549766439096,5.183307625342661,0.606771329382125,-0.2460261508184881,0.209158835546875,31.30924014500002
4,11,0,50.770549766439096,5.183307625342661,0.5213556728538387,-0.10435957958369899,0.16950501015625002,34.00699921566408
4,11,1,50.770549766439096,5.183307625342661,0.612839804180134,-0.27061883630934214,0.2015422908203125,32.007303971796894
4,11,2,50.770549766439096,5.183307625342661,0.5322956277319014,-0.17087842892347982,0.20607897070312503,33.65856812609377
4,11,3,50.770549766439096,5.183307625342661,0.5222470135646125,-0.15077064323720463,0.1878998216796875,32.10182691160158
4,11,4,50.770549766439096,5.183307625342661,0.5059157514439074,-0.15347477979693358,0.19813027910156253,32.53735742878908
4,11,5,50.770549766439096,5.183307625342661,0.6582122550800222,-0.2286216449513367,0.18360571953125002,31.34422811925783
4,11,6,50.770549766439096,5.183307625342661,0.5441462620926041,-0.11864809154281813,0.17398206640625002,32.88452678832033
4,11,7,50.770549766439096,5.183307625342661,0.6375081369016309,-0.2598725777973908,0.2004103955078125,31.80017329496096
4,11,8,50.770549766439096,5.183307625342661,0.6830305056609168,-0.2999173437051676,0.21123754687500002,30.688836135898455
4,11,9,50.770549766439096,5.183307625342661,0.7288027238499792,-0.3725429016791923,0.21129899238281252,29.71733070910158
4,11,10,50.770549766439096,5.183307625342661,0.48916023416808513,-0.12211245035248414,0.2081499353515625,33.133194419140644
4,11,11,50.770549766439096,5.183307625342661,0.5464249453821572,-0.15244054319198178,0.1944188525390625,32.76974940968752
4,11,12,50.770549766439096,5.183307625342661,0.4995369159690551,-0.1386688639588442,0.201064822265625,33.58169605519534
4,11,13,50.770549766439096,5.183307625342661,0.6165456254329966,-0.2721830922673816,0.199609918359375,32.14496606246096
4,12,0,50.770549766439096,5.183307625342661,0.5728517299527238,-0.2065968374310036,0.1938309359375,32.27463719621096
4,12,1,50.770549766439096,5.183307625342661,0.5722294445661376,-0.22704768635611897,0.20972025292968752,31.538254160820333
4,12,2,50.770549766439096,5.183307625342661,0.4632079343287318,-0.04107542139600551,0.204876256640625,35.88239736113283
4,12,3,50.770549766439096,5.183307625342661,0.5384898027278298,-0.18552126043438644,0.1985771892578125,32.58284646839846
4,12,4,50.770549766439096,5.183307625342661,0.6167936482835243,-0.2683986061431181,0.204424971484375,31.68663094308595
4,12,5,50.770549766439096,5.183307625342661,0.5871521334004084,-0.19514901006358581,0.1911764451171875,32.1941735339844
4,12,6,50.770549766439096,5.183307625342661,0.49480483407043496,-0.1350681450080294,0.18260389902343752,34.19045075785158
4,12,7,50.770549766439096,5.183307625342661,0.4284031296836387,-0.14672380828296383,0.21275016855468754,34.48238438011721
4,12,8,50.770549766439096,5.183307625342661,0.6454684398732787,-0.31416373033803746,0.21399096855468752,31.278805080195333
4,12,9,50.770549766439096,5.183307625342661,0.8061091986080833,-0.4119306400914919,0.2329118552734375,28.607762642421893
4,12,10,50.770549766439096,5.183307625342661,0.5474195057886682,-0.15238311938254612,0.19263808691406253,31.649666926015648
4,12,11,50.770549766439096,5.183307625342661,0.5822038514527749,-0.1887904303015403,0.222625084375,32.12067275234377
4,12,12,50.770549766439096,5.183307625342661,0.3162061531966849,0.013419340240164421,0.22385183867187503,35.31378436601565
4,12,13,50.770549766439096,5.183307625342661,0.6461487435391126,-0.26932906050480043,0.1761074177734375,30.322306897460955
4,13,0,50.770549766439096,5.183307625342661,0.5704425343681337,-0.16974727852341182,0.1794404794921875,32.9045943041797
4,13,1,50.770549766439096,5.183307625342661,0.6825861060807443,-0.2817198418736303,0.1921975548828125,31.470574694492207
4,13,2,50.770549766439096,5.183307625342661,0.49352574484101114,-0.09603833759092298,0.1979155521484375,34.29287119308596
4,13,3,50.770549766439096,5.183307625342661,0.46471290800051,-0.15075922902021088,0.20583435703125003,34.20742069308596
4,13,4,50.770549766439096,5.183307625342661,0.4515401747857528,-0.1201878888592176,0.20598786777343753,35.25151898996096
4,13,5,50.770549766439096,5.183307625342661,0.7257554991415366,-0.31185618383079045,0.18509610214843752,30.25061526312502
4,13,6,50.770549766439096,5.183307625342661,0.5387467130620852,-0.13903277495024716,0.1681442845703125,33.907749795078146
4,13,7,50.770549766439096,5.183307625342661,0.6329508486894426,-0.18657914301013956,0.1734339005859375,31.931740361679704
4,13,8,50.770549766439096,5.183307625342661,0.6809239148264593,-0.2790305035076196,0.200513330859375,30.59252407625002
4,13,9,50.770549766439096,5.183307625342661,0.7921752384029993,-0.3792616327730268,0.2109936365234375,28.104566010546897
4,13,10,50.770549766439096,5.183307625342661,0.6783600461027708,-0.23886056440821535,0.171266546875,30.33272785296877
4,13,11,50.770549766439096,5.183307625342661,0.48867881896005516,-0.11417226221734615,0.18701796035156248,33.7354936035547
4,13,12,50.770549766439096,5.183307625342661,0.41343024993187116,-0.0842169841840412,0.21007703125,33.77455382820314
4,13,13,50.770549766439096,5.183307625342661,0.5888532270047468,-0.20656707216566103,0.189523644921875,31.64509398910158
5,0,0,50.770549766439096,5.375548179913037,0.5764222299567185,-0.10798184824532664,0.1715747302734375,31.050825816523457
5,0,1,50.770549766439096,5.375548179913037,0.5543680903836745,-0.12330373795842296,0.1647411947265625,32.64238143394533
5,0,2,50.770549766439096,5.375548179913037,0.6832202751136589,-0.20381661346842747,0.16364565839843753,29.758794229062516
5,0,3,50.770549766439096,5.375548179913037,0.5829390740000735,-0.11526787927671966,0.1584184892578125,31.12046797402346
5,0,4,50.770549766439096,5.375548179913037,0.5562524144232028,-0.11846527038708397,0.167215551171875,31.582374657265646
5,0,5,50.770549766439096,5.375548179913037,0.5935402044791077,-0.155740151622276,0.18632933046875,29.80736749765627
5,0,6,50.770549766439096,5.375548179913037,0.6711851338524795,-0.25278256220235157,0.202087899609375,28.221105805742205
5,0,7,50.770549766439096,5.375548179913037,0.65430675593142,-0.25636300130543754,0.205633276953125,28.410772536640643
5,0,8,50.770549766439096,5.375548179913037,0.6332699278990722,-0.2365957237897998,0.20708213164062503,28.010657246210954
5,0,9,50.770549766439096,5.375548179913037,0.5261723217925336,-0.11729704648150181,0.19869556914062503,28.703160114687517
5,0,10,50.770549766439096,5.375548179913037,0.5813291202030719,-0.19439973112250078,0.2032999705078125,28.34595699722658
5,0,11,50.770549766439096,5.375548179913037,0.6147703921633916,-0.1866652047943383,0.178290397265625,27.730746776328147
5,0,12,50.770549766439096,5.375548179913037,0.7615262225454186,-0.312165637422235,0.16267925117187504,26.562992259804705
5,0,13,50.770549766439096,5.375548179913037,0.7824457242341812,-0.29282995801603445,0.16484450332031253,26.73002795984377
5,1,0,50.770549766439096,5.375548179913037,0.7034311878994455,-0.2792073715878289,0.1773275033203125,27.670637690234393
5,1,1,50.770549766439096,5.375548179913037,0.5978434405381099,-0.1575625747562022,0.169976362890625,30.39104114339846
5,1,2,50.770549766439096,5.375548179913037,0.6289995717495092,-0.1742062156808964,0.17538088007812502,29.130686323320333
5,1,3,50.770549766439096,5.375548179913037,0.664985019463501,-0.17729072768142293,0.1760765779296875,29.213366357890642
5,1,4,50.770549766439096,5.375548179913037,0.6583512698843934,-0.16765239106756485,0.17595142265625002,29.890788548281268
5,1,5,50.770549766439096,5.375548179913037,0.6152560039687598,-0.13536517892210626,0.174953618359375,30.572282989062522
5,1,6,50.770549766439096,5.375548179913037,0.6468622390712016,-0.14839118095879394,0.17172651875,29.771711941367208
5,1,7,50.770549766439096,5.375548179913037,0.4857361011456011,-0.09800578635148291,0.18537373671875002,28.993638408125015
5,1,8,50.770549766439096,5.375548179913037,0.6626953446974493,-0.25024855470304236,0.1671035814453125,27.842266354648455
5,1,9,50.770549766439096,5.375548179913037,0.5309724318138338,-0.13847918655076202,0.18285513789062502,28.450874189257828
5,1,10,50.770549766439096,5.375548179913037,0.6357738235579784,-0.20241162946122232,0.169970348046875,29.01962070078127
5,1,11,50.770549766439096,5.375548179913037,0.6992350199435053,-0.2966482687751457,0.17312891406250003,27.424293244882833
5,1,12,50.770549766439096,5.375548179913037,0.5435668062142792,-0.19561569176508448,0.1813185068359375,27.851499014140643
5,1,13,50.770549766439096,5.375548179913037,0.5243310403056398,-0.1345021633036781,0.1862994564453125,28.04535816019533
5,2,0,50.770549766439096,5.375548179913037,0.7120488554167409,-0.28162906024721673,0.186521240625,28.79672841218752
5,2,1,50.770549766439096,5.375548179913037,0.6357885070324969,-0.1766392048427732,0.17879634531250002,30.181433737226584
5,2,2,50.770549766439096,5.375548179913037,0.6633603480501574,-0.20222066472473083,0.18314313574218752,29.033473027929706
5,2,3,50.770549766439096,5.375548179913037,0.674788988772915,-0.19912861666456155,0.170786487890625,28.566299122460958
5,2,4,50.770549766439096,5.375548179913037,0.7430327103686136,-0.3429598379491914,0.19113805312499998,27.97776547953127
5,2,5,50.770549766439096,5.375548179913037,0.5977493761900317,-0.17808590839830396,0.182753784765625,29.526595846953143
5,2,6,50.770549766439096,5.375548179913037,0.6547021340756523,-0.20703162670069486,0.17148902031250002,29.142308926484393
5,2,7,50.770549766439096,5.375548179913037,0.47820400902710714,-0.08625494201387755,0.17878299453125002,30.73060006777346
5,2,8,50.770549766439096,5.375548179913037,0.5840107696865086,-0.12908227611064474,0.1621839177734375,30.991571235429703
5,2,9,50.770549766439096,5.375548179913037,0.4944059943668455,-0.08264637558205055,0.15996663906250003,32.2969811667969
5,2,10,50.770549766439096,5.375548179913037,0.6325116300872122,-0.1916859151375568,0.16871434238281252,28.69133723691408
5,2,11,50.770549766439096,5.375548179913037,0.7292458074349194,-0.28414064296672853,0.185285965234375,27.848528274101582
5,2,12,50.770549766439096,5.375548179913037,0.6632116164872779,-0.22780260367834929,0.17560124824218754,29.336121341796897
5,2,13,50.770549766439096,5.375548179913037,0.5698762265373161,-0.11712536605486075,0.17604553652343752,31.093944939921897
5,3,0,50.770549766439096,5.375548179913037,0.6606187249176159,-0.19448567798496935,0.18532438203125,29.600897727031267
5,3,1,50.770549766439096,5.375548179913037,0.6504980306663241,-0.20628123634310738,0.1945880310546875,29.919020592382832
5,3,2,50.770549766439096,5.375548179913037,0.6315592390294047,-0.19683099928980344,0.18848272363281252,29.690033279843767
5,3,3,50.770549766439096,5.375548179913037,0.608625442440333,-0.16054460408841367,0.1723753806640625,28.98215599718752
5,3,4,50.770549766439096,5.375548179913037,0.7029456999802446,-0.2780474794333202,0.18399587578125,27.790488692304706
5,3,5,50.770549766439096,5.375548179913037,0.5379436901498191,-0.167913359893667,0.177470704296875,28.62843765792971
5,3,6,50.770549766439096,5.375548179913037,0.47116870151685963,-0.10747958714046484,0.1912382671875,29.320259592734395
5,3,7,50.770549766439096,5.375548179913037,0.571620866679986,-0.1020324654464477,0.16732397441406252,30.898056344492204
5,3,8,50.770549766439096,5.375548179913037,0.617309522963695,-0.17545618883459493,0.161014189453125,29.792500445820334
5,3,9,50.770549766439096,5.375548179913037,0.7134642993539448,-0.251031705543711,0.1756878990234375,28.64235674328127
5,3,10,50.770549766439096,5.375548179913037,0.5639888182828207,-0.18254020145468858,0.182328956640625,28.800627091250018
5,3,11,50.770549766439096,5.375548179913037,0.7561086407246655,-0.311894624592816,0.178769523828125,27.693428940781274
5,3,12,50.770549766439096,5.375548179913037,0.5518605547928715,-0.11839938768566853,0.17766352343750003,30.753084230585955
5,3,13,50.770549766439096,5.375548179913037,0.49177293146003787,-0.029966799170230415,0.15548432734375,33.23409276734377
5,4,0,50.770549766439096,5.375548179913037,0.5926587449932563,-0.1592199288322435,0.1619653896484375,30.827052319648455
5,4,1,50.770549766439096,5.375548179913037,0.4633845836434025,-0.051914663760490545,0.1808890919921875,30.83221272875002
5,4,2,50.770549766439096,5.375548179913037,0.38627530248514397,-0.004341642723786308,0.190563384375,31.24795611453127
5,4,3,50.770549766439096,5.375548179913037,0.8240883788236595,-0.38407330988072114,0.1797514912109375,26.50224897078127
5,4,4,50.770549766439096,5.375548179913037,0.6215241531107676,-0.16326378937027403,0.18480972499999998,29.28792859496096
5,4,5,50.770549766439096,5.375548179913037,0.6781229299059659,-0.24604514630461746,0.17864837656250002,27.744585751835956
5,4,6,50.770549766439096,5.375548179913037,0.5606176518442387,-0.18336108210414243,0.21612310136718751,28.721071340585958
5,4,7,50.770549766439096,5.375548179913037,0.6059191201873246,-0.23983465107382862,0.1962028265625,28.95030565847658
5,4,8,50.770549766439096,5.375548179913037,0.7131552920625776,-0.3395155617298873,0.19598207246093752,27.766088569062518
5,4,9,50.770549766439096,5.375548179913037,0.7013103931461522,-0.3015932001044801,0.19970607890625003,29.017925042421894
5,4,10,50.770549766439096,5.375548179913037,0.6117953704925783,-0.22544924528879157,0.2117781052734375,28.402574629296893
5,4,11,50.770549766439096,5.375548179913037,0.6997853967875824,-0.2752165600895061,0.1749528111328125,27.55201503910158
5,4,12,50.770549766439096,5.375548179913037,0.6848040330460334,-0.2509939852084814,0.17749025976562502,29.63232748906252
5,4,13,50.770549766439096,5.375548179913037,0.5735368892535125,-0.1422240402416324,0.1580213486328125,31.314240334414084
5,5,0,50.770549766439096,5.375548179913037,0.5606953783883839,-0.18076695238416318,0.18306241445312502,29.061424687578143
5,5,1,50.770549766439096,5.375548179913037,0.767889744006971,-0.354960770915018,0.1719665087890625,26.31897767574221
5,5,2,50.770549766439096,5.375548179913037,0.5910799639759525,-0.17034637391737723,0.18406969550781252,28.996929587539082
5,5,3,50.770549766439096,5.375548179913037,0.7185494440302149,-0.2950830072700712,0.185154453125,27.93642880015627
5,5,4,50.770549766439096,5.375548179913037,0.4158650816417033,-0.03881826411221701,0.201625081640625,30.786476683789083
5,5,5,50.770549766439096,5.375548179913037,0.6333391942318908,-0.19875125034510358,0.17131897070312502,27.612631487539083
5,5,6,50.770549766439096,5.375548179913037,0.6999650744054626,-0.31783538937303857,0.1873674984375,27.91558688914064
5,5,7,50.770549766439096,5.375548179913037,0.4596190116070342,-0.14574665040164012,0.20686654804687502,31.577701583046892
5,5,8,50.770549766439096,5.375548179913037,0.3027131256783159,0.006442106870119951,0.20038733007812504,32.185541698320336
5,5,9,50.770549766439096,5.375548179913037,0.5911390228952937,-0.2196426297458847,0.20969603398437503,29.64853638078127
5,5,10,50.770549766439096,5.375548179913037,0.5845090812108198,-0.17241677343051243,0.18689107128906252,28.798390691445334
5,5,11,50.770549766439096,5.375548179913037,0.6746085562922816,-0.22577680899659314,0.170680983203125,29.53900619691408
5,5,12,50.770549766439096,5.375548179913037,0.6669350526066989,-0.2584153104795997,0.17905707675781252,28.728221144140647
5,5,13,50.770549766439096,5.375548179913037,0.6139006105391633,-0.22033036848142595,0.18635449824218753,29.587539410585954
5,6,0,50.770549766439096,5.375548179913037,0.7108535812795264,-0.2781335193704153,0.18476583750000003,28.93398327781252
5,6,1,50.770549766439096,5.375548179913037,0.8600808932467834,-0.45977548889078357,0.18070474453125002,25.406806939882834
5,6,2,50.770549766439096,5.375548179913037,0.6152651817687036,-0.2186363770617698,0.18366451796875,27.695331549570334
5,6,3,50.770549766439096,5.375548179913037,0.5939040991943701,-0.14129729635932975,0.17747816074218753,28.845214895117202
5,6,4,50.770549766439096,5.375548179913037,0.6678957014363529,-0.18559671036213965,0.17023027812500002,28.450967650742207
5,6,5,50.770549766439096,5.375548179913037,0.7906254340715051,-0.3476344202300429,0.1833034822265625,27.437958649062516
5,6,6,50.770549766439096,5.375548179913037,0.5660058578231622,-0.16173422124907588,0.2026101087890625,29.816613508789082
5,6,7,50.770549766439096,5.375548179913037,0.6215952238227302,-0.2584585713268899,0.20254153261718752,28.711478186796892
5,6,8,50.770549766439096,5.375548179913037,0.5269963281087178,-0.2017315220092069,0.20862195878906253,28.849373931171897
5,6,9,50.770549766439096,5.375548179913037,0.6735946794905798,-0.3078109940820257,0.21845478906250002,28.79425168285158
5,6,10,50.770549766439096,5.375548179913037,0.6392771253554462,-0.25610423941286237,0.2007695708984375,27.986998139023456
5,6,11,50.770549766439096,5.375548179913037,0.5240129189620628,-0.06738056081122898,0.16495225410156253,32.91098974003908
5,6,12,50.770549766439096,5.375548179913037,0.43667504078452635,-0.061531957162770844,0.19892705878906253,29.635031196289077
5,6,13,50.770549766439096,5.375548179913037,0.6159019125508693,-0.23292316988576048,0.20642367578125004,30.34210070468752
5,7,0,50.770549766439096,5.375548179913037,0.6504258021190988,-0.24375472113744973,0.2052386078125,28.93735456707033
5,7,1,50.770549766439096,5.375548179913037,0.6077636164458892,-0.24971843730225823,0.1955168609375,29.112027405546893
5,7,2,50.770549766439096,5.375548179913037,0.7397133393135459,-0.32098721098396,0.1771898388671875,27.512767891484394
5,7,3,50.770549766439096,5.375548179913037,0.7550122600196378,-0.331783516545868,0.1653542947265625,27.40255677394533
5,7,4,50.770549766439096,5.375548179913037,0.6475950399421626,-0.1872237045698888,0.16510093378906252,29.734834709960957
5,7,5,50.770549766439096,5.375548179913037,0.702739576327037,-0.23501219417511232,0.171271795703125,27.89237506191408
5,7,6,50.770549766439096,5.375548179913037,0.6603684440275803,-0.2630337249022217,0.19229609433593753,27.48049030027346
5,7,7,50.770549766439096,5.375548179913037,0.7322020584986886,-0.3353568539528086,0.20738677753906254,28.469266074218773
5,7,8,50.770549766439096,5.375548179913037,0.40079912754709596,-0.036310115579806505,0.21429846035156253,30.41846541324221
5,7,9,50.770549766439096,5.375548179913037,0.6698380207622794,-0.28253776029346694,0.20151321347656254,28.763249173320332
5,7,10,50.770549766439096,5.375548179913037,0.5646508078250954,-0.14461522997117196,0.19796893359375,27.597283776640644
5,7,11,50.770549766439096,5.375548179913037,0.6418215416541372,-0.21001122515424803,0.17997101542968752,29.112027405546897
5,7,12,50.770549766439096,5.375548179913037,0.46757648830888543,-0.12881450425212448,0.2094524958984375,29.29925078621096
5,7,13,50.770549766439096,5.375548179913037,0.6998543843931366,-0.3255484081288196,0.2054294978515625,28.855756015390646
5,8,0,50.770549766439096,5.375548179913037,0.5583644440889888,-0.138131057674046,0.19582784414062498,30.057383644179705
5,8,1,50.770549766439096,5.375548179913037,0.664239208982895,-0.2934823671931758,0.203192828125,28.703293631093764
5,8,2,50.770549766439096,5.375548179913037,0.5384233438076274,-0.18114981017487045,0.1921282583984375,29.067646552109395
5,8,3,50.770549766439096,5.375548179913037,0.5698443784168373,-0.20813394156575565,0.19612917324218754,30.148228206992208
5,8,4,50.770549766439096,5.375548179913037,0.7577702242821801,-0.3304641944566593,0.18980452050781252,27.452011250820334
5,8,5,50.770549766439096,5.375548179913037,0.5903967728288859,-0.10486274095933826,0.1776435439453125,29.83441792156252
5,8,6,50.770549766439096,5.375548179913037,0.5981881554836992,-0.13905486083186241,0.1732371453125,30.253839684335958
5,8,7,50.770549766439096,5.375548179913037,0.5347867047242281,-0.12798104702016266,0.190232835546875,30.77199682953127
5,8,8,50.770549766439096,5.375548179913037,0.5251805180025115,-0.11174437242671323,0.1838463591796875,30.59642943113283
5,8,9,50.770549766439096,5.375548179913037,0.5208197146991913,-0.176055780151499,0.19417927480468752,30.710839639648455
5,8,10,50.770549766439096,5.375548179913037,0.5455403208107943,-0.17503743810006112,0.19588192656250003,27.857954532382834
5,8,11,50.770549766439096,5.375548179913037,0.7235660121065182,-0.3184364860361094,0.1794354478515625,27.06046103785158
5,8,12,50.770549766439096,5.375548179913037,0.6027596574256724,-0.22142784343016852,0.18031451074218752,28.77961828472658
5,8,13,50.770549766439096,5.375548179913037,0.6819916634729832,-0.33654005840329815,0.20930253886718753,28.680095155507836
5,9,0,50.770549766439096,5.375548179913037,0.5181871437605399,-0.10725434182178264,0.176727457421875,31.087829888515646
5,9,1,50.770549766439096,5.375548179913037,0.503911120727669,-0.07139393173653302,0.1789823916015625,30.961777049375016
5,9,2,50.770549766439096,5.375548179913037,0.6058712568625946,-0.27396286178528456,0.2034630767578125,29.383279336484396
5,9,3,50.770549766439096,5.375548179913037,0.5699617341893546,-0.2146353422142928,0.21836474160156252,30.74923228226564
5,9,4,50.770549766439096,5.375548179913037,0.6955840215388447,-0.28126263673219887,0.1874039623046875,28.06778224062502
5,9,5,50.770549766439096,5.375548179913037,0.6233911186167719,-0.1471183726155801,0.17130824277343754,29.552084128906266
5,9,6,50.770549766439096,5.375548179913037,0.548347672731216,-0.08875911113169693,0.17027532890625002,32.32507301867189
5,9,7,50.770549766439096,5.375548179913037,0.5491976340801059,-0.08240675686394167,0.17326998398437501,31.16651778253908
5,9,8,50.770549766439096,5.375548179913037,0.5660417405376033,-0.17176495197633151,0.19292749765625,29.49013251640627
5,9,9,50.770549766439096,5.375548179913037,0.7121367702809471,-0.33217823218754317,0.1932677072265625,28.648491822148458
5,9,10,50.770549766439096,5.375548179913037,0.646217531987592,-0.23996167666977658,0.18364886933593752,27.97731819957033
5,9,11,50.770549766439096,5.375548179913037,0.53205536958035,-0.12817367960965775,0.179307779296875,29.04956843070314
5,9,12,50.770549766439096,5.375548179913037,0.5298684092575648,-0.1468401755587688,0.17798920390625,30.470603569882833
5,9,13,50.770549766439096,5.375548179913037,0.4562704145150826,-0.13873409468300818,0.20915314765624998,29.87208957558596
5,10,0,50.770549766439096,5.375548179913037,0.48751590375663917,-0.03579934535754725,0.170740648046875,33.20393808699221
5,10,1,50.770549766439096,5.375548179913037,0.5380657536450915,-0.0674079250617146,0.17167894296875,32.522483701132835
5,10,2,50.770549766439096,5.375548179913037,0.5281161883213046,-0.15694007707938012,0.19545343593750003,29.920429190468766
5,10,3,50.770549766439096,5.375548179913037,0.35107903686308956,-0.052230189268108115,0.20369721328125,32.49106729074221
5,10,4,50.770549766439096,5.375548179913037,0.426762561032354,-0.08254279268141207,0.205657858984375,31.545857920156266
5,10,5,50.770549766439096,5.375548179913037,0.5314810567086399,-0.13305592221987567,0.19057111132812501,30.175886130546893
5,10,6,50.770549766439096,5.375548179913037,0.34796791303747465,-0.009811766235809736,0.2019632244140625,32.1193042091797
5,10,7,50.770549766439096,5.375548179913037,0.5045048100377039,-0.1428543369345227,0.20011324257812502,32.15385825511721
5,10,8,50.770549766439096,5.375548179913037,0.5548889248673086,-0.17903970500412753,0.207353962109375,29.70049429027346
5,10,9,50.770549766439096,5.375548179913037,0.6086541858589343,-0.24089927525950577,0.198061083984375,28.870603039765644
5,10,10,50.770549766439096,5.375548179913037,0.6205828138219422,-0.2516197056866912,0.19597419140625,27.906647965742206
5,10,11,50.770549766439096,5.375548179913037,0.649611677678687,-0.254418753901389,0.19017424160156252,30.101671036132828
5,10,12,50.770549766439096,5.375548179913037,0.38709579327026655,-0.04960208006951926,0.19904649804687502,33.9671178651172
5,10,13,50.770549766439096,5.375548179913037,0.46487281110968304,-0.15598790717203237,0.20775432773437502,28.52789980402346
5,11,0,50.770549766439096,5.375548179913037,0.5860061938054997,-0.17794600927001952,0.1901591091796875,31.207327072109393
5,11,1,50.770549766439096,5.375548179913037,0.5888231562116496,-0.16328609073255806,0.19053894667968752,31.49532196039064
5,11,2,50.770549766439096,5.375548179913037,0.5410323900055705,-0.13531799038837589,0.19674156308593754,31.14314573562502
5,11,3,50.770549766439096,5.375548179913037,0.7189300971907417,-0.33446929897126065,0.2053267923828125,28.892693329179703
5,11,4,50.770549766439096,5.375548179913037,0.3894934322261884,-0.06228558661689702,0.20218670976562503,31.340322764375017
5,11,5,50.770549766439096,5.375548179913037,0.41993974098212505,-0.09974826328138774,0.1989351427734375,30.25969437875002
5,11,6,50.770549766439096,5.375548179913037,0.4130350810371696,-0.09493596659377365,0.2009914775390625,32.07297401621096
5,11,7,50.770549766439096,5.375548179913037,0.35653105249479033,-0.03198916305798494,0.2028256068359375,32.516989501015644
5,11,8,50.770549766439096,5.375548179913037,0.5491393334525776,-0.16549438882658496,0.18648814726562501,30.096557357773456
5,11,9,50.770549766439096,5.375548179913037,0.6274018275811283,-0.2509951322045578,0.19598369003906252,27.821671448984393
5,11,10,50.770549766439096,5.375548179913037,0.5018104877056515,-0.16071643482711367,0.19542077578125,26.846667892343767
5,11,11,50.770549766439096,5.375548179913037,0.36865828065864137,-0.06345295027990441,0.20014362207031253,34.01922931847658
5,11,12,50.770549766439096,5.375548179913037,0.47422740941915853,-0.12953442786977531,0.20530630605468753,29.083701899960957
5,11,13,50.770549766439096,5.375548179913037,0.5898054454541218,-0.21838415583014478,0.21168261171875002,27.312446551367206
5,12,0,50.770549766439096,5.375548179913037,0.6564545604649554,-0.2875496082640422,0.2039729935546875,29.06039661125002
5,12,1,50.770549766439096,5.375548179913037,0.7083656605832265,-0.3092234796242214,0.1976906888671875,28.516497502929706
5,12,2,50.770549766439096,5.375548179913037,0.553633977482969,-0.15086700028244096,0.19205617578125003,30.440308697304708
5,12,3,50.770549766439096,5.375548179913037,0.4907837495086984,-0.14852639339942822,0.216566535546875,31.24536589625002
5,12,4,50.770549766439096,5.375548179913037,0.4566952434772795,-0.12670164662786676,0.211519828515625,31.427021642773454
5,12,5,50.770549766439096,5.375548179913037,0.5277369451371892,-0.18645972152102958,0.20646591015625,29.96107826035158
5,12,6,50.770549766439096,5.375548179913037,0.5599509637481058,-0.19112187196842845,0.20710647441406252,30.82698556144533
5,12,7,50.770549766439096,5.375548179913037,0.4670574140053279,-0.12236245685198426,0.21474273339843752,32.07159212140627
5,12,8,50.770549766439096,5.375548179913037,0.4416726268123034,-0.08846008326438815,0.211354978515625,30.863896171953144
5,12,9,50.770549766439096,5.375548179913037,0.5755360332879511,-0.2117147177100184,0.2191171255859375,28.253643753945333
5,12,10,50.770549766439096,5.375548179913037,0.5652229429067388,-0.2565862016195454,0.21453956855468753,27.445582435859393
5,12,11,50.770549766439096,5.375548179913037,0.7281641594955278,-0.3961442736917829,0.215046543359375,27.083319046601584
5,12,12,50.770549766439096,5.375548179913037,0.6372452423589308,-0.2363648703444047,0.19278130605468752,29.219795172851583
5,12,13,50.770549766439096,5.375548179913037,0.5263209117857707,-0.10341521536721392,0.1921873880859375,29.87575460093752
5,13,0,50.770549766439096,5.375548179913037,0.7484989910709252,-0.3517743751135419,0.19781105371093752,27.857861070898455
5,13,1,50.770549766439096,5.375548179913037,0.4575890619309779,-0.09491868453328008,0.20049274746093754,29.499765725117207
5,13,2,50.770549766439096,5.375548179913037,0.4459380291608058,-0.12753819224210644,0.2130435140625,29.44406935625002
5,13,3,50.770549766439096,5.375548179913037,0.41890673307534204,-0.11825985402407196,0.20698931347656252,30.587617348320332
5,13,4,50.770549766439096,5.375548179913037,0.37353605121909955,-0.04411566846442591,0.21795390664062503,32.789156019335955
5,13,5,50.770549766439096,5.375548179913037,0.32839168088156256,-0.04624686456164669,0.21270234628906248,33.34760174011721
5,13,6,50.770549766439096,5.375548179913037,0.5666401108872916,-0.2367702652919732,0.20593776757812501,31.15817968296877
5,13,7,50.770549766439096,5.375548179913037,0.46291298769923245,-0.14093425909989482,0.20621894453125,31.331577439765645
5,13,8,50.770549766439096,5.375548179913037,0.361577681670638,-0.03893716811185151,0.2028626337890625,29.889954070742206
5,13,9,50.770549766439096,5.375548179913037,0.4285197750211968,-0.1151547813571939,0.19910954589843752,27.13087091468752
5,13,10,50.770549766439096,5.375548179913037,0.5924330757337847,-0.2600347477347041,0.2067346439453125,27.047009259921893
5,13,11,50.770549766439096,5.375548179913037,0.5187008483662892,-0.19063206447847603,0.2090377361328125,28.689748391679707
5,13,12,50.770549766439096,5.375548179913037,0.4968861275290117,-0.046039179274635036,0.17965803867187502,32.73356646359377
5,13,13,50.770549766439096,5.375548179913037,0.6632361789553689,-0.2205853632340425,0.1726727591796875,29.407038580976582
6,0,0,50.830916277398494,5.279427902627849,0.6432897376127054,-0.2081710669810477,0.173231535546875,27.90474535695315
6,0,1,50.830916277398494,5.279427902627849,0.612959589011316,-0.16082380311814778,0.1745861142578125,30.67902268003908
6,0,2,50.830916277398494,5.279427902627849,0.7213092255678099,-0.2832959646602705,0.1620424306640625,27.765574530898455
6,0,3,50.830916277398494,5.279427902627849,0.6306244582414063,-0.17948196418872017,0.1647727609375,29.361022151562516
6,0,4,50.830916277398494,5.279427902627849,0.681538567302024,-0.19391691425626334,0.17544799355468754,29.59626470773439
6,0,5,50.830916277398494,5.279427902627849,0.5935027368231665,-0.14829894300765079,0.16767066933593752,31.26883808046877
6,0,6,50.830916277398494,5.279427902627849,0.5831598387954501,-0.12282583581163219,0.17279563984375002,31.26477918171877
6,0,7,50.830916277398494,5.279427902627849,0.6044026950013205,-0.15976509212494278,0.17598010253906252,31.761266614179704
6,0,8,50.830916277398494,5.279427902627849,0.6169672957330444,-0.17236836622628643,0.187997159375,30.282265327226582
6,0,9,50.830916277398494,5.279427902627849,0.6056851866210486,-0.14982792772518227,0.17811742265625002,31.531204494570332
6,0,10,50.830916277398494,5.279427902627849,0.7625301980039576,-0.3304815111709326,0.18171784921875,27.800949702734396
6,0,11,50.830916277398494,5.279427902627849,0.6798811223085393,-0.1941547161759323,0.17450196562500003,29.24625812457033
6,0,12,50.830916277398494,5.279427902627849,0.6597699250722968,-0.1919813987414145,0.17270749765625001,30.944947306367208
6,0,13,50.830916277398494,5.279427902627849,0.7791070464924118,-0.32393735156475323,0.1723282876953125,26.84989898937502
6,1,0,50.830916277398494,5.279427902627849,0.5702865235028339,-0.1203839800988919,0.1656352376953125,31.087415987656268
6,1,1,50.830916277398494,5.279427902627849,0.55077529051607,-0.12448092469336941,0.15970224804687502,31.32291222500002
6,1,2,50.830916277398494,5.279427902627849,0.7415276018099758,-0.2829941750670083,0.16667845898437503,27.75621503082033
6,1,3,50.830916277398494,5.279427902627849,0.614710180023286,-0.18244651049367158,0.1862348556640625,28.319867891445334
6,1,4,50.830916277398494,5.279427902627849,0.5934942545530373,-0.11861149470662113,0.179050780859375,29.17258377160158
6,1,5,50.830916277398494,5.279427902627849,0.6957901126691537,-0.21992845981062575,0.177652674609375,28.976047621601584
6,1,6,50.830916277398494,5.279427902627849,0.5574258770366728,-0.12014524694344916,0.184156787890625,29.097627661132833
6,1,7,50.830916277398494,5.279427902627849,0.5740155017332619,-0.17765318550958087,0.1917330767578125,29.519546180703145
6,1,8,50.830916277398494,5.279427902627849,0.5494346442012008,-0.10449152815443673,0.18244549941406252,30.67386894675783
6,1,9,50.830916277398494,5.279427902627849,0.6011950193989714,-0.15691690930564609,0.18093739531250003,29.335193402773456
6,1,10,50.830916277398494,5.279427902627849,0.646602820261458,-0.21323792477984027,0.1846488994140625,28.543374355507833
6,1,11,50.830916277398494,5.279427902627849,0.4537337976931406,-0.0540353745304091,0.18420775273437504,30.548183277734395
6,1,12,50.830916277398494,5.279427902627849,0.5894885743549974,-0.12628851992043275,0.17031912734375002,31.865476169257832
6,1,13,50.830916277398494,5.279427902627849,0.7297674830201654,-0.26442756159583963,0.168981850390625,28.475534669492205
6,2,0,50.830916277398494,5.279427902627849,0.6445835285908723,-0.17255106929664776,0.1561617689453125,29.571938018515645
6,2,1,50.830916277398494,5.279427902627849,0.6851834116545463,-0.232708330453037,0.158572687109375,28.735270810390645
6,2,2,50.830916277398494,5.279427902627849,0.6513938431583237,-0.20147630361271573,0.17197460839843753,29.292227823242207
6,2,3,50.830916277398494,5.279427902627849,0.7534130738602229,-0.3033867510554927,0.17935729023437502,28.2903140349219
6,2,4,50.830916277398494,5.279427902627849,0.6859758636773963,-0.24401931480659378,0.17136296328125,28.942568382734393
6,2,5,50.830916277398494,5.279427902627849,0.7008514674133346,-0.2576057080532701,0.184175317578125,28.62710916968752
6,2,6,50.830916277398494,5.279427902627849,0.6095237474728648,-0.1214415454833675,0.174727449609375,30.424874200742202
6,2,7,50.830916277398494,5.279427902627849,0.6646180969905489,-0.20483953812499484,0.18025550117187503,29.010568288437522
6,2,8,50.830916277398494,5.279427902627849,0.6694593966337337,-0.1948802314372015,0.1756919912109375,28.80918549289064
6,2,9,50.830916277398494,5.279427902627849,0.6825117001669121,-0.23210787415430373,0.18110342871093751,29.755549780390645
6,2,10,50.830916277398494,5.279427902627849,0.7261991434826656,-0.26833668290235735,0.1744340763671875,30.038324177187516
6,2,11,50.830916277398494,5.279427902627849,0.5600615451093531,-0.11653055845436285,0.1741856568359375,31.97754984066409
6,2,12,50.830916277398494,5.279427902627849,0.6476808420457985,-0.1731064045192106,0.17060808359375002,31.53804053457033
6,2,13,50.830916277398494,5.279427902627849,0.7395589971083872,-0.24780306044990602,0.170262169140625,28.860969831054703
6,3,0,50.830916277398494,5.279427902627849,0.6966029396234117,-0.22932339340345487,0.16374577246093752,28.389429939101582
6,3,1,50.830916277398494,5.279427902627849,0.7020734689269531,-0.2301837079336747,0.1711354166015625,28.368060638281264
6,3,2,50.830916277398494,5.279427902627849,0.6591283776657095,-0.2299989603900669,0.15250286015625,29.43969001812502
6,3,3,50.830916277398494,5.279427902627849,0.5706353784658946,-0.12089007436127153,0.16643245156250003,32.25894234265627
6,3,4,50.830916277398494,5.279427902627849,0.6245641247644973,-0.16638382756908449,0.16468529765625,30.28672477519533
6,3,5,50.830916277398494,5.279427902627849,0.7161121156317033,-0.2501264711645774,0.1566422412109375,28.760899284570332
6,3,6,50.830916277398494,5.279427902627849,0.6646563321777701,-0.2548921666231389,0.16151904765625,28.877025178906266
6,3,7,50.830916277398494,5.279427902627849,0.628182385200919,-0.13698044766265616,0.1626721748046875,29.926003500429708
6,3,8,50.830916277398494,5.279427902627849,0.6536349165088258,-0.15416365246766195,0.17166052167968748,29.565989862617208
6,3,9,50.830916277398494,5.279427902627849,0.6514445377893536,-0.20831574296848065,0.179831474609375,28.89255313695314
6,3,10,50.830916277398494,5.279427902627849,0.6756948616832997,-0.21325875606524286,0.17813910195312502,29.784596274570333
6,3,11,50.830916277398494,5.279427902627849,0.679906300837138,-0.1817547576687673,0.179495766796875,30.68434330882814
6,3,12,50.830916277398494,5.279427902627849,0.6044680419107038,-0.16952789894805698,0.18171210800781254,31.58644690765627
6,3,13,50.830916277398494,5.279427902627849,0.6833561775625205,-0.2110466024154815,0.16733732480468752,30.412163438867204
6,4,0,50.830916277398494,5.279427902627849,0.7334706635665504,-0.3287079473454286,0.17745884296875003,28.23789549382814
6,4,1,50.830916277398494,5.279427902627849,0.703723783798076,-0.27677303600443803,0.1653893220703125,27.236408958007832
6,4,2,50.830916277398494,5.279427902627849,0.6547559600827386,-0.20850463049974882,0.1683384392578125,29.52698972035158
6,4,3,50.830916277398494,5.279427902627849,0.5182088203546498,-0.07558048171602652,0.17078578515625,32.60441604382814
6,4,4,50.830916277398494,5.279427902627849,0.6718359475699816,-0.22107424423016928,0.1788975767578125,29.780704271328144
6,4,5,50.830916277398494,5.279427902627849,0.7318604331794971,-0.31084112415572485,0.1706818283203125,27.531466864179706
6,4,6,50.830916277398494,5.279427902627849,0.7239304489303175,-0.2672825530992149,0.162746855078125,28.34067642335939
6,4,7,50.830916277398494,5.279427902627849,0.7381621779496751,-0.3048289044182106,0.18728808984375,28.69755242562502
6,4,8,50.830916277398494,5.279427902627849,0.6915145766300436,-0.2687410445794068,0.18701655605468753,29.50198877328127
6,4,9,50.830916277398494,5.279427902627849,0.676749582730914,-0.20629532881751672,0.1759613294921875,30.046181617695332
6,4,10,50.830916277398494,5.279427902627849,0.5572083864095456,-0.10392422724397042,0.1703020150390625,32.32597425441408
6,4,11,50.830916277398494,5.279427902627849,0.6117045732010538,-0.15185882311402624,0.170091298046875,31.066894516015644
6,4,12,50.830916277398494,5.279427902627849,0.6976220393268517,-0.23663440272760639,0.1746052181640625,29.422593242304707
6,4,13,50.830916277398494,5.279427902627849,0.6031016934404976,-0.12376575124167905,0.16490857050781252,31.73567151910158
6,5,0,50.830916277398494,5.279427902627849,0.6988049892894421,-0.24194991614061512,0.15906982187500002,28.27628146062502
6,5,1,50.830916277398494,5.279427902627849,0.6554319624870599,-0.18363351712335152,0.17876524570312502,29.581150650546896
6,5,2,50.830916277398494,5.279427902627849,0.6617523178313621,-0.19875139666757877,0.17353100000000002,29.287681589609395
6,5,3,50.830916277398494,5.279427902627849,0.5058939516017573,-0.043601294610815994,0.1600854923828125,34.2443980617969
6,5,4,50.830916277398494,5.279427902627849,0.5835440772151509,-0.1468167214061844,0.16701942441406253,32.12186772417971
6,5,5,50.830916277398494,5.279427902627849,0.5857896303312347,-0.12719392191808354,0.1677690310546875,31.55172596621096
6,5,6,50.830916277398494,5.279427902627849,0.6183794205311982,-0.14888474310994249,0.16586340820312503,31.156831167265644
6,5,7,50.830916277398494,5.279427902627849,0.6389946792904779,-0.19078979603497392,0.167906898828125,30.205740398984396
6,5,8,50.830916277398494,5.279427902627849,0.5986565889204849,-0.15779572251466692,0.178355303515625,29.947219257382834
6,5,9,50.830916277398494,5.279427902627849,0.6570579067173999,-0.2205140506565002,0.17912111289062502,28.147885408554707
6,5,10,50.830916277398494,5.279427902627849,0.7073147873971474,-0.23552529426030971,0.18090717753906252,28.62284999632815
6,5,11,50.830916277398494,5.279427902627849,0.7110231478440654,-0.25089511272505827,0.179969915234375,28.308218585000017
6,5,12,50.830916277398494,5.279427902627849,0.7135572692191086,-0.26198563730206076,0.180118895703125,29.00451331941408
6,5,13,50.830916277398494,5.279427902627849,0.6141308303351078,-0.14104053404304,0.172913346484375,31.028194785664084
6,6,0,50.830916277398494,5.279427902627849,0.774899904351347,-0.33402585592726713,0.171983948828125,27.33609898273439
6,6,1,50.830916277398494,5.279427902627849,0.6462695144683064,-0.1725743878939307,0.1674610828125,29.775356939257833
6,6,2,50.830916277398494,5.279427902627849,0.6612160771349718,-0.20716193913283995,0.176944614453125,28.798851323046893
6,6,3,50.830916277398494,5.279427902627849,0.4785120777225497,-0.047334682956199414,0.1543372416015625,33.732970143476585
6,6,4,50.830916277398494,5.279427902627849,0.5765625397421741,-0.15616148244051553,0.16238782324218748,31.352199048710958
6,6,5,50.830916277398494,5.279427902627849,0.6168285527765822,-0.13895561658850542,0.16451406562500004,31.45264344113283
6,6,6,50.830916277398494,5.279427902627849,0.7134310303694553,-0.2520068640246939,0.17723387402343752,28.861570654882833
6,6,7,50.830916277398494,5.279427902627849,0.5541047262244698,-0.11927627095487078,0.1705344041015625,30.619721368203145
6,6,8,50.830916277398494,5.279427902627849,0.7302932137867864,-0.261467139542794,0.1817447369140625,29.118522978710956
6,6,9,50.830916277398494,5.279427902627849,0.8261003764474366,-0.378374330233896,0.17038339804687502,26.52646884687502
6,6,10,50.830916277398494,5.279427902627849,0.7040647820228274,-0.20581783190330896,0.17446766054687501,28.34510249222658
6,6,11,50.830916277398494,5.279427902627849,0.7088054099001319,-0.2327811126137748,0.17736467734375,27.99702522113283
6,6,12,50.830916277398494,5.279427902627849,0.7012509642979892,-0.2498703404047818,0.175795394140625,28.782261909570334
6,6,13,50.830916277398494,5.279427902627849,0.5306882735669487,-0.12433093885391136,0.169236430859375,33.05993396703127
6,7,0,50.830916277398494,5.279427902627849,0.7561662807963951,-0.3142173641581048,0.16192878632812502,27.08347259046877
6,7,1,50.830916277398494,5.279427902627849,0.7298335545493508,-0.2810648355383647,0.1629296771484375,28.45138155160158
6,7,2,50.830916277398494,5.279427902627849,0.6261653954333798,-0.16865467024862496,0.16726636523437502,30.750754369296892
6,7,3,50.830916277398494,5.279427902627849,0.5866374541957173,-0.12321624291634516,0.167056398046875,31.13801870562502
6,7,4,50.830916277398494,5.279427902627849,0.5993121217464507,-0.14737666133683447,0.1673877716796875,31.612335738828143
6,7,5,50.830916277398494,5.279427902627849,0.7175662892973793,-0.22561020158268763,0.17540170644531253,28.78535281437502
6,7,6,50.830916277398494,5.279427902627849,0.730676328801271,-0.2926020381860485,0.1818519365234375,28.17774635281252
6,7,7,50.830916277398494,5.279427902627849,0.6522586265168379,-0.18390972500739905,0.17697223613281252,30.564158515742207
6,7,8,50.830916277398494,5.279427902627849,0.6288459687032938,-0.1526439745235445,0.17008821406250002,30.368103024804707
6,7,9,50.830916277398494,5.279427902627849,0.6786469568864384,-0.1924490612383692,0.17539932636718752,28.298645458671896
6,7,10,50.830916277398494,5.279427902627849,0.6939664044279507,-0.20010555412139036,0.18064315527343752,28.87868745816408
6,7,11,50.830916277398494,5.279427902627849,0.7273851768468953,-0.2530150141206767,0.1763101201171875,28.082595885898456
6,7,12,50.830916277398494,5.279427902627849,0.7459793029852299,-0.2832008622651438,0.1768598431640625,28.483672494453145
6,7,13,50.830916277398494,5.279427902627849,0.6461961680244039,-0.23888466562371102,0.18291004472656253,29.589235068945328
6,8,0,50.830916277398494,5.279427902627849,0.7193196388820751,-0.2692925927435574,0.1587807458984375,29.504979540781267
6,8,1,50.830916277398494,5.279427902627849,0.7511959755212023,-0.316289354064639,0.1701571892578125,28.317364458828145
6,8,2,50.830916277398494,5.279427902627849,0.6727973711690302,-0.22715562651610255,0.16607549375000003,30.667046258398457
6,8,3,50.830916277398494,5.279427902627849,0.5763429537923014,-0.12019679725366843,0.16985910507812502,31.99229672773439
6,8,4,50.830916277398494,5.279427902627849,0.6533574358168023,-0.23074777021684564,0.17118453984375004,29.82567927277346
6,8,5,50.830916277398494,5.279427902627849,0.6803847931580789,-0.22706884617508388,0.1786194248046875,29.50828407183596
6,8,6,50.830916277398494,5.279427902627849,0.7711014534011517,-0.322820227411321,0.1733700869140625,27.879550811093768
6,8,7,50.830916277398494,5.279427902627849,0.6753272455909134,-0.20705325440082722,0.1827884806640625,29.363599018203143
6,8,8,50.830916277398494,5.279427902627849,0.6514745508513318,-0.21156172221402872,0.18037848242187499,29.10519804136721
6,8,9,50.830916277398494,5.279427902627849,0.7244764539574147,-0.28357260572563103,0.17149263476562504,27.446270045351582
6,8,10,50.830916277398494,5.279427902627849,0.7277440385889011,-0.27390487908745376,0.17938282304687503,28.077762591992204
6,8,11,50.830916277398494,5.279427902627849,0.6930848820380396,-0.20287578798394346,0.17875613046875,28.214616908398455
6,8,12,50.830916277398494,5.279427902627849,0.7316948426743564,-0.274449364815247,0.1785097412109375,28.56086500472658
6,8,13,50.830916277398494,5.279427902627849,0.6704700373936237,-0.24002955874406562,0.18238187578124998,26.83140029128908
6,9,0,50.830916277398494,5.279427902627849,0.6510455178137218,-0.18707715987756926,0.16229709726562502,30.158408832968767
6,9,1,50.830916277398494,5.279427902627849,0.6424992894641517,-0.16543604563684117,0.17215679218750002,31.422502112421896
6,9,2,50.830916277398494,5.279427902627849,0.5305025193689632,-0.09290575989716283,0.16614292832031252,32.66371067984377
6,9,3,50.830916277398494,5.279427902627849,0.6497170986942078,-0.20997055090272726,0.1740248111328125,30.31192599687502
6,9,4,50.830916277398494,5.279427902627849,0.726960920012274,-0.265288048521348,0.17537076484375003,29.33023994410158
6,9,5,50.830916277398494,5.279427902627849,0.6352865847061904,-0.19960103904149412,0.18445354609375,30.289007905742206
6,9,6,50.830916277398494,5.279427902627849,0.6091877823129366,-0.17609280782879802,0.185014940625,28.16607701890627
6,9,7,50.830916277398494,5.279427902627849,0.6967807993908014,-0.2392676463111013,0.17905367597656252,28.203134497460955
6,9,8,50.830916277398494,5.279427902627849,0.6954288521221087,-0.22810787756454737,0.1749250228515625,28.79109401984377
6,9,9,50.830916277398494,5.279427902627849,0.734051935777948,-0.27873390707692924,0.16856981738281251,27.80667755656252
6,9,10,50.830916277398494,5.279427902627849,0.5210234491246496,-0.12822047043842122,0.19222602031250002,29.362851326328148
6,9,11,50.830916277398494,5.279427902627849,0.6519876134677989,-0.19129924346838476,0.1681202615234375,29.624770460468767
6,9,12,50.830916277398494,5.279427902627849,0.7688783226847273,-0.31457881029850593,0.17098384824218749,26.849244758984394
6,9,13,50.830916277398494,5.279427902627849,0.7219633700677448,-0.29225094681128194,0.17840665761718755,26.70106825132814
6,10,0,50.830916277398494,5.279427902627849,0.731618117078336,-0.2982614571007248,0.16480630253906253,29.429609529453145
6,10,1,50.830916277398494,5.279427902627849,0.6522492590782414,-0.2061000136632401,0.16004884882812503,30.342321006757828
6,10,2,50.830916277398494,5.279427902627849,0.7393277828881477,-0.3203352917708602,0.1828335599609375,28.648939102109395
6,10,3,50.830916277398494,5.279427902627849,0.6722051951286379,-0.21786581446308298,0.178060222265625,29.898158653906265
6,10,4,50.830916277398494,5.279427902627849,0.6175750980050205,-0.1905924033565003,0.1898465990234375,30.930861325507834
6,10,5,50.830916277398494,5.279427902627849,0.654884378012686,-0.24093463272460852,0.1884894294921875,29.01377935800783
6,10,6,50.830916277398494,5.279427902627849,0.7209845098146294,-0.23545726174846815,0.1746262107421875,28.957522220234395
6,10,7,50.830916277398494,5.279427902627849,0.6075363606670168,-0.1511042126455102,0.1739503677734375,30.64872113164064
6,10,8,50.830916277398494,5.279427902627849,0.5738171089836741,-0.11566936091205914,0.16695593203125,32.28445732789065
6,10,9,50.830916277398494,5.279427902627849,0.6408787598534884,-0.17939604988343502,0.17532667500000002,31.857471860703143
6,10,10,50.830916277398494,5.279427902627849,0.7155618952158718,-0.24651969655427905,0.1749904708984375,29.649557781289083
6,10,11,50.830916277398494,5.279427902627849,0.7352322661065509,-0.2711327945223502,0.1697023623046875,27.84905566390627
6,10,12,50.830916277398494,5.279427902627849,0.7353456360019988,-0.28129592058200564,0.172701080078125,27.03660833187502
6,10,13,50.830916277398494,5.279427902627849,0.5155926296687261,-0.09834004791402609,0.18306552382812502,27.68579180234377
6,11,0,50.830916277398494,5.279427902627849,0.5378223141599754,-0.10406221308409425,0.15604272265625,33.26641041347658
6,11,1,50.830916277398494,5.279427902627849,0.6821261169087993,-0.2456735981323055,0.158988912109375,29.810551863945335
6,11,2,50.830916277398494,5.279427902627849,0.6499914601012367,-0.20981891683844062,0.1812093806640625,29.724714166367203
6,11,3,50.830916277398494,5.279427902627849,0.6759454288523297,-0.2819163260419987,0.201424818359375,29.814263620039082
6,11,4,50.830916277398494,5.279427902627849,0.5220978907671403,-0.09148002612779649,0.16262862968750003,33.99101730183595
6,11,5,50.830916277398494,5.279427902627849,0.6349358903871345,-0.18848493894527696,0.17893568007812502,31.280280436484396
6,11,6,50.830916277398494,5.279427902627849,0.6751164647708059,-0.2118744108073169,0.18007331777343752,31.76233474542971
6,11,7,50.830916277398494,5.279427902627849,0.5413601523151876,-0.08950166731909569,0.159145560546875,33.500004042031264
6,11,8,50.830916277398494,5.279427902627849,0.4808779125426992,-0.04600971256541235,0.15706961601562502,34.873360472539076
6,11,9,50.830916277398494,5.279427902627849,0.5951874811258845,-0.1388734196326952,0.174129790625,32.761438013398454
6,11,10,50.830916277398494,5.279427902627849,0.7679574760369103,-0.3376109333020183,0.18335548710937502,27.250408153203146
6,11,11,50.830916277398494,5.279427902627849,0.7678874421123376,-0.31483967719745215,0.1625552265625,27.196100354960954
6,11,12,50.830916277398494,5.279427902627849,0.7702738345502949,-0.32835565826469704,0.17426396191406252,27.032996713085957
6,11,13,50.830916277398494,5.279427902627849,0.6955256868880018,-0.2741293925037326,0.18383790253906251,26.865133211328143
6,12,0,50.830916277398494,5.279427902627849,0.5046570268583214,-0.09201870529072267,0.17575801953125,34.1667983264844
6,12,1,50.830916277398494,5.279427902627849,0.6480536110246403,-0.22332531285217305,0.18002123027343753,31.11682965195314
6,12,2,50.830916277398494,5.279427902627849,0.6438364454620397,-0.1961205449873326,0.2012814068359375,30.605588656601583
6,12,3,50.830916277398494,5.279427902627849,0.5430103429488202,-0.12088138301446275,0.195047765234375,30.927937316210958
6,12,4,50.830916277398494,5.279427902627849,0.5376034952914914,-0.10202506183455294,0.15891364453125,33.31758057617189
6,12,5,50.830916277398494,5.279427902627849,0.5476661553296873,-0.09800631775496746,0.17590116757812502,32.35932665269533
6,12,6,50.830916277398494,5.279427902627849,0.5706103701821483,-0.12129793127632435,0.16279118203125004,32.695394123046896
6,12,7,50.830916277398494,5.279427902627849,0.598273002750108,-0.14721800457634018,0.16191157382812502,31.853559830000023
6,12,8,50.830916277398494,5.279427902627849,0.45345662316114166,-0.050883947053194725,0.15823400625,34.023455112734396
6,12,9,50.830916277398494,5.279427902627849,0.5176336613494668,-0.07330262695663534,0.1617428693359375,33.44641055656252
6,12,10,50.830916277398494,5.279427902627849,0.5904390557148458,-0.17916933091453416,0.16838813750000003,32.90163691578127
6,12,11,50.830916277398494,5.279427902627849,0.7185635694380655,-0.26119243099893436,0.1708932275390625,29.237693047109396
6,12,12,50.830916277398494,5.279427902627849,0.6517344178115194,-0.21730274613752726,0.1641022080078125,29.411297754335955
6,12,13,50.830916277398494,5.279427902627849,0.642305900699181,-0.23648462052653835,0.1742513228515625,27.780848807773456
6,13,0,50.830916277398494,5.279427902627849,0.739325292598912,-0.28168410802273175,0.18377715058593752,30.167427866210957
6,13,1,50.830916277398494,5.279427902627849,0.7205521508786228,-0.3064082430640754,0.20815048300781253,29.296199936328144
6,13,2,50.830916277398494,5.279427902627849,0.5888153105698909,-0.17101994439640048,0.20654292324218754,31.47359216527346
6,13,3,50.830916277398494,5.279427902627849,0.5152916428480911,-0.09890542781217279,0.20374024121093753,30.58213649984377
6,13,4,50.830916277398494,5.279427902627849,0.6176486600987223,-0.17295768256575744,0.1928001490234375,30.99287969621096
6,13,5,50.830916277398494,5.279427902627849,0.6747067445145468,-0.24989600509050003,0.19203732480468752,29.490713312773458
6,13,6,50.830916277398494,5.279427902627849,0.6515858553706217,-0.18431471155155366,0.1750775421875,29.963287956875014
6,13,7,50.830916277398494,5.279427902627849,0.6139060875982207,-0.1747658383595514,0.16360253242187503,30.68147938191408
6,13,8,50.830916277398494,5.279427902627849,0.6621094511711494,-0.21845656616633952,0.16793794746093751,28.80311049640627
6,13,9,50.830916277398494,5.279427902627849,0.6697880328188776,-0.25673654723395944,0.17158479980468752,28.340950131992205
6,13,10,50.830916277398494,5.279427902627849,0.547967308253039,-0.181604047480016,0.1881019146484375,32.00819185589846
6,13,11,50.830916277398494,5.279427902627849,0.7213970341199306,-0.24822980310908044,0.166514278125,29.11799558890627
6,13,12,50.830916277398494,5.279427902627849,0.585854070474855,-0.12286781699628102,0.183396757421875,30.065367925273456
6,13,13,50.830916277398494,5.279427902627849,0.694898811448395,-0.21183876328782206,0.16748731250000004,28.43588697265627
7,0,0,51.19311534315488,5.279427902627849,0.8334238801452183,-0.3767136255266139,0.1515008091796875,25.03335487578127
7,0,1,51.19311534315488,5.279427902627849,0.8438011250738215,-0.3655545157418556,0.16348472656250002,25.205444171796895
7,0,2,51.19311534315488,5.279427902627849,0.7413520433720804,-0.2825593087086178,0.1469669982421875,27.95296480707033
7,0,3,51.19311534315488,5.279427902627849,0.7785658946285725,-0.33251932985002675,0.1482500876953125,27.630863152812516
7,0,4,51.19311534315488,5.279427902627849,0.6810231147828021,-0.22624812492957272,0.13191955097656252,29.241384775742205
7,0,5,51.19311534315488,5.279427902627849,0.7563958294976187,-0.34090381465220265,0.10557157324218751,27.470703547695333
7,0,6,51.19311534315488,5.279427902627849,0.6420286056903348,-0.23681995159029873,0.12167476406250002,31.029583356289084
7,0,7,51.19311534315488,5.279427902627849,0.5845948543772838,-0.19954950153489312,0.12393544902343752,32.94561722000002
7,0,8,51.19311534315488,5.279427902627849,0.5271597437165476,-0.08348363744306465,0.1344048859375,35.049214931210955
7,0,9,51.19311534315488,5.279427902627849,0.5412769261692023,-0.0977525731251523,0.140247880078125,33.80064960980471
7,0,10,51.19311534315488,5.279427902627849,0.5103222437001366,-0.08271056720988729,0.13372810097656251,34.41971845484377
7,0,11,51.19311534315488,5.279427902627849,0.5187350558579231,-0.0842986394806165,0.143876919140625,35.181309387734395
7,0,12,51.19311534315488,5.279427902627849,0.5314805870052903,-0.10370221051330455,0.13696336953125002,34.785820440781265
7,0,13,51.19311534315488,5.279427902627849,0.5750880129126685,-0.12577800699980007,0.1427542419921875,32.525421062070336
7,1,0,51.19311534315488,5.279427902627849,0.7959472538471939,-0.3320410683597736,0.1498619298828125,25.98056031664064
7,1,1,51.19311534315488,5.279427902627849,0.8540577714786882,-0.3748847605292793,0.15918330253906252,25.387407006054705
7,1,2,51.19311534315488,5.279427902627849,0.7933518528798387,-0.32413992384345136,0.16757285703125002,27.447331500781267
7,1,3,51.19311534315488,5.279427902627849,0.6737194724833062,-0.2441768721149713,0.1584520734375,30.212369488554707
7,1,4,51.19311534315488,5.279427902627849,0.444044124688673,-0.10635248526662046,0.138950918359375,35.85165520859376
7,1,5,51.19311534315488,5.279427902627849,0.3097271182543317,-0.02467335659355684,0.1574854384765625,38.128563890937514
7,1,6,51.19311534315488,5.279427902627849,0.3300791635141088,-0.026420787416560503,0.16312779921875,37.47464726386721
7,1,7,51.19311534315488,5.279427902627849,0.2895269270656019,-0.00803909947592133,0.2010088298828125,37.80222309078127
7,1,8,51.19311534315488,5.279427902627849,0.443041062070547,-0.017131809489903123,0.1571000845703125,36.59864612246096
7,1,9,51.19311534315488,5.279427902627849,0.5571788764968761,-0.11917475002325667,0.1397585984375,33.716060290625016
7,1,10,51.19311534315488,5.279427902627849,0.6997959480696255,-0.25436183481363606,0.1292007880859375,29.98499772453127
7,1,11,51.19311534315488,5.279427902627849,0.47809022141876945,-0.07465824439897065,0.144432605859375,33.71953171718752
7,1,12,51.19311534315488,5.279427902627849,0.6035720174016255,-0.12878092063800708,0.15561345039062502,32.46640681050783
7,1,13,51.19311534315488,5.279427902627849,0.7051475265136228,-0.211722336191658,0.16992719687500002,29.771124469179707
7,2,0,51.19311534315488,5.279427902627849,0.6944656442659536,-0.259218089409989,0.1406073326171875,28.09925205757815
7,2,1,51.19311534315488,5.279427902627849,0.7483796650685833,-0.2750787481820426,0.1534670216796875,28.52097030253908
7,2,2,51.19311534315488,5.279427902627849,0.4938076108405407,0.039736379157045164,0.15336285488281254,36.27987570253907
7,2,3,51.19311534315488,5.279427902627849,0.40497988573706,0.09623915368868854,0.17365681855468754,37.4273824560547
7,2,4,51.19311534315488,5.279427902627849,0.30151164993077817,0.003826114073104641,0.1917585603515625,38.390936980859394
7,2,5,51.19311534315488,5.279427902627849,0.3202861562676259,0.004487254464987759,0.19618373867187502,37.96262302542971
7,2,6,51.19311534315488,5.279427902627849,0.32450689302813196,-0.02209034905566054,0.19926118046875002,35.51204287765627
7,2,7,51.19311534315488,5.279427902627849,0.3886175563687966,0.007259048515689523,0.19110739082031253,32.641273247773455
7,2,8,51.19311534315488,5.279427902627849,0.3993436362385103,0.019063639531629237,0.15284606562500003,35.99731493199221
7,2,9,51.19311534315488,5.279427902627849,0.35584831522472304,0.018043452390785773,0.1712217833984375,35.81229457203127
7,2,10,51.19311534315488,5.279427902627849,0.6436673183994489,-0.15487079262647974,0.1251303697265625,31.25734231789064
7,2,11,51.19311534315488,5.279427902627849,0.6039606644249682,-0.14468950734754268,0.13893793027343754,31.832831407929703
7,2,12,51.19311534315488,5.279427902627849,0.6007114950484734,-0.11851181590533046,0.1517811607421875,32.01116927175783
7,2,13,51.19311534315488,5.279427902627849,0.6850400438599478,-0.19384863430930868,0.13861729960937502,29.02272495722658
7,3,0,51.19311534315488,5.279427902627849,0.5017999177337924,-0.13085953698826872,0.1340806944099379,30.180118600625022
7,3,1,51.19311534315488,5.279427902627849,0.49189333995720297,-0.010378460876554004,0.15568728417085428,33.75090139683596
7,3,2,51.19311534315488,5.279427902627849,0.36212706351331947,0.08272337294354071,0.16742806875,37.77365725566408
7,3,3,51.19311534315488,5.279427902627849,0.41749557397369247,0.12773038042055215,0.17211890722656253,37.93267529550783
7,3,4,51.19311534315488,5.279427902627849,0.34346349696087164,0.07398188867696501,0.1609066732421875,40.76122036191408
7,3,5,51.19311534315488,5.279427902627849,0.27395765280418416,0.06851850743092926,0.1731792125,41.071158671562515
7,3,6,51.19311534315488,5.279427902627849,0.3116926787149833,0.019571886179361085,0.1954376974609375,36.41712389234377
7,3,7,51.19311534315488,5.279427902627849,0.6484110346428851,-0.1819236033180052,0.139778976171875,30.36431783468752
7,3,8,51.19311534315488,5.279427902627849,0.7115946281751302,-0.2611446676535592,0.1267188228515625,28.006478182695332
7,3,9,51.19311534315488,5.279427902627849,0.760066795524903,-0.30936385011847833,0.11684061718750002,27.824555403359394
7,3,10,51.19311534315488,5.279427902627849,0.6568606419795406,-0.17418625344682917,0.138417869140625,31.055452160000016
7,3,11,51.19311534315488,5.279427902627849,0.5047026553895309,-0.049920799479581265,0.14304767636718752,33.91910536542971
7,3,12,51.19311534315488,5.279427902627849,0.6537674918890065,-0.1801894600690639,0.14764932968750002,30.302012403710957
7,3,13,51.19311534315488,5.279427902627849,0.6617270159788093,-0.20673589217555222,0.12316422128906251,27.724918785195328
7,4,0,51.19311534315488,5.279427902627849,0.326320721799549,-0.018464195562737953,0.1485431662878788,32.15811742847658
7,4,1,51.19311534315488,5.279427902627849,0.40038874778962025,0.02010792353074217,0.16697259166666667,36.70043235476564
7,4,2,51.19311534315488,5.279427902627849,0.2781457636123963,0.16432840745290556,0.1603945525390625,36.443179619023454
7,4,3,51.19311534315488,5.279427902627849,0.3738199941337316,0.09862260011350456,0.15839645781249997,38.06918246925783
7,4,4,51.19311534315488,5.279427902627849,0.323257542187095,0.2181688106264232,0.15757779394531252,37.06606703328127
7,4,5,51.19311534315488,5.279427902627849,0.2976390901034346,0.20411807099434043,0.18710680468750002,36.63238571832033
7,4,6,51.19311534315488,5.279427902627849,0.36818671288942834,0.05299209367314929,0.2005483021484375,34.949211142929705
7,4,7,51.19311534315488,5.279427902627849,0.6878958725314724,-0.21556047895485864,0.13779776171875002,29.551229623906266
7,4,8,51.19311534315488,5.279427902627849,0.7423423080554215,-0.28410386773870977,0.11963108027343751,27.789440588515646
7,4,9,51.19311534315488,5.279427902627849,0.6381270148533638,-0.11728224762803988,0.15143252910156252,31.119366463671895
7,4,10,51.19311534315488,5.279427902627849,0.6332337368581356,-0.15895168869262463,0.15286459609375003,31.10391193964846
7,4,11,51.19311534315488,5.279427902627849,0.5233120466385779,-0.05542497435723221,0.14497295214843753,32.89956741148439
7,4,12,51.19311534315488,5.279427902627849,0.6788492307356044,-0.2243354572254794,0.122459471484375,28.05000453113283
7,4,13,51.19311534315488,5.279427902627849,0.642774555728141,-0.1896994854368028,0.11528525234375002,29.182423930742207
7,5,0,51.19311534315488,5.279427902627849,0.2142791285446923,0.028411765573124872,0.14476959375000004,36.3104910144922
7,5,1,51.19311534315488,5.279427902627849,0.3762220577657695,0.12678016468956976,0.152177339453125,37.320596034335956
7,5,2,51.19311534315488,5.279427902627849,0.3410200852268445,0.061923399426737934,0.1820138017928287,36.58737733777346
7,5,3,51.19311534315488,5.279427902627849,0.4307463868063635,-0.006553823527111284,0.16481760376344087,33.802932291778674
7,5,4,51.19311534315488,5.279427902627849,0.535531101914414,-0.02638918892986235,0.16396305234375,35.34380552996096
7,5,5,51.19311534315488,5.279427902627849,0.38107353942676525,0.12977052045424503,0.1746259388671875,37.537847254765644
7,5,6,51.19311534315488,5.279427902627849,0.4804574097511018,-0.0005066427698586645,0.18981753632812498,34.58218789378908
7,5,7,51.19311534315488,5.279427902627849,0.6727985951288555,-0.17460924844232723,0.1347742744140625,30.43711097937502
7,5,8,51.19311534315488,5.279427902627849,0.639486276327997,-0.15226565056121982,0.13867942128906252,31.183541124335957
7,5,9,51.19311534315488,5.279427902627849,0.6844838330067877,-0.20144082600463373,0.138846364453125,28.86122351222658
7,5,10,51.19311534315488,5.279427902627849,0.7489009043144002,-0.307730116024154,0.1262059248046875,27.214105042343768
7,5,11,51.19311534315488,5.279427902627849,0.5929142438096007,-0.18363773868016284,0.1221529843137255,31.845769147695332
7,5,12,51.19311534315488,5.279427902627849,0.6194989567064922,-0.16507472548069507,0.1260668462890625,30.55230893468752
7,5,13,51.19311534315488,5.279427902627849,0.6342359950487828,-0.18118483027315072,0.11998350156250001,29.583720841367203
7,6,0,51.19311534315488,5.279427902627849,0.37244527681890116,0.010261798156805495,0.15413071069868997,34.44920555316408
7,6,1,51.19311534315488,5.279427902627849,0.2618031864455338,0.12671203463044622,0.16820036738281252,37.48387324753908
7,6,2,51.19311534315488,5.279427902627849,0.27662670040559806,0.22136093863567938,0.1704752162109375,37.58505198019533
7,6,3,51.19311534315488,5.279427902627849,0.39605422311073823,0.08517373075984508,0.1788643473577236,35.392118441562516
7,6,4,51.19311534315488,5.279427902627849,0.3433269905441022,0.15658025374750023,0.185581753125,36.391762450976586
7,6,5,51.19311534315488,5.279427902627849,0.5032150917401979,0.025799107313569707,0.16040056425781252,34.330175676992205
7,6,6,51.19311534315488,5.279427902627849,0.6894222956291518,-0.23011200301843535,0.1331376060546875,28.70591055265627
7,6,7,51.19311534315488,5.279427902627849,0.7861296522825001,-0.3537061120861348,0.10858917050781251,27.067210292187518
7,6,8,51.19311534315488,5.279427902627849,0.6891929432371788,-0.16143500368849767,0.11927696796875001,31.294373093164083
7,6,9,51.19311534315488,5.279427902627849,0.7965415792454422,-0.3539524298929968,0.11380203867187502,25.575538298281266
7,6,10,51.19311534315488,5.279427902627849,0.6678233656032686,-0.2479970649747543,0.130589439484127,27.904488521850414
7,6,11,51.19311534315488,5.279427902627849,0.59456249365814,-0.17570699434502604,0.13110071972111553,29.183117322440964
7,6,12,51.19311534315488,5.279427902627849,0.5954450736631294,-0.14380331839062277,0.12366233359375,31.175236403867203
7,6,13,51.19311534315488,5.279427902627849,0.5412170943502306,-0.0738740891468064,0.12363963359375,34.035391479453146
7,7,0,51.19311534315488,5.279427902627849,0.580442781802322,-0.12093959606151966,0.14233128828125002,33.60367285566408
7,7,1,51.19311534315488,5.279427902627849,0.527687628651509,-0.04707773132793102,0.144642412109375,35.26672650863283
7,7,2,51.19311534315488,5.279427902627849,0.3183707350115322,0.07431749236551077,0.1565616298828125,37.24022583359377
7,7,3,51.19311534315488,5.279427902627849,0.5016295811316358,-0.04183673700215104,0.17614638710937502,32.70909958214846
7,7,4,51.19311534315488,5.279427902627849,0.6285665088456953,-0.12033515957547887,0.166844047265625,31.57742787441408
7,7,5,51.19311534315488,5.279427902627849,0.49421312771169323,0.020609239741156034,0.154171632421875,35.437914568906265
7,7,6,51.19311534315488,5.279427902627849,0.6540437153330928,-0.203155414793918,0.12966198828125,30.427190710390644
7,7,7,51.19311534315488,5.279427902627849,0.7922997368407871,-0.3622111634124079,0.10654855781250001,26.371029046718768
7,7,8,51.19311534315488,5.279427902627849,0.7672359511879769,-0.28349054823389863,0.11960082402343752,28.061453562968772
7,7,9,51.19311534315488,5.279427902627849,0.8063168273095114,-0.3595581539505607,0.1192967248046875,25.645060291015643
7,7,10,51.19311534315488,5.279427902627849,0.7607214647061349,-0.28790019663639366,0.126947930078125,27.63516905691408
7,7,11,51.19311534315488,5.279427902627849,0.7898793529069424,-0.3411848517394252,0.11890175058593751,26.346608896015645
7,7,12,51.19311534315488,5.279427902627849,0.6200896974764551,-0.1503263950484528,0.12521575976562502,30.812332135859396
7,7,13,51.19311534315488,5.279427902627849,0.399501716550003,0.022632465949359436,0.1310474314453125,35.121320466406274
7,8,0,51.19311534315488,5.279427902627849,0.5447993944486151,-0.09720764591878872,0.1436155669921875,34.2008717133594
7,8,1,51.19311534315488,5.279427902627849,0.5559891879292133,-0.1007926697907352,0.1488756296875,32.563927193632836
7,8,2,51.19311534315488,5.279427902627849,0.7082028870376641,-0.2348478660934415,0.1394687521484375,30.03130789003908
7,8,3,51.19311534315488,5.279427902627849,0.761131421951517,-0.28965230424443594,0.1504818310546875,29.241511616328143
7,8,4,51.19311534315488,5.279427902627849,0.6602704855900429,-0.17475033568406279,0.13556394648437503,30.161519765234395
7,8,5,51.19311534315488,5.279427902627849,0.5204477137504304,0.002536616709301595,0.14974874941406252,34.45708969695314
7,8,6,51.19311534315488,5.279427902627849,0.5671921297692839,-0.035312251367139225,0.14660604375000003,34.08628125769533
7,8,7,51.19311534315488,5.279427902627849,0.6824732988431328,-0.19419631452732053,0.1312879751953125,29.720895597148456
7,8,8,51.19311534315488,5.279427902627849,0.6879582667874018,-0.1973964978278007,0.1382726595703125,29.609863353710956
7,8,9,51.19311534315488,5.279427902627849,0.6810457892219024,-0.19959525416906698,0.14296920644531252,30.356854267578143
7,8,10,51.19311534315488,5.279427902627849,0.6373253316119857,-0.14772808547839766,0.1453019822265625,30.75290398343752
7,8,11,51.19311534315488,5.279427902627849,0.7008297081333984,-0.2222121793341216,0.15387797187500002,29.609569617617208
7,8,12,51.19311534315488,5.279427902627849,0.7401625041799145,-0.25836068016161123,0.1625048056640625,27.80526228265627
7,8,13,51.19311534315488,5.279427902627849,0.6722715674106008,-0.1761493783020938,0.17257425664062503,29.08910263859377
7,9,0,51.19311534315488,5.279427902627849,0.5624628185218161,-0.08947113811170422,0.145872154296875,33.649749367460956
7,9,1,51.19311534315488,5.279427902627849,0.650913828149685,-0.17618060100863486,0.12436613105468752,30.426296150468765
7,9,2,51.19311534315488,5.279427902627849,0.6093202520532212,-0.10304696876838937,0.1354062255859375,32.45459728437502
7,9,3,51.19311534315488,5.279427902627849,0.571910807350585,-0.06419048890397604,0.1371359138671875,32.63021141351564
7,9,4,51.19311534315488,5.279427902627849,0.7017135505879737,-0.21815396124251982,0.13866942382812503,30.150738315429706
7,9,5,51.19311534315488,5.279427902627849,0.6769231604552398,-0.19052426182789342,0.151719735546875,30.285943704218774
7,9,6,51.19311534315488,5.279427902627849,0.7222147320163543,-0.22970831747130654,0.16578746953125,29.30015869777346
7,9,7,51.19311534315488,5.279427902627849,0.6875321608260185,-0.16275389647590574,0.171636916796875,30.10893432863283
7,9,8,51.19311534315488,5.279427902627849,0.61592218036022,-0.09450754033040928,0.164724544140625,32.25599830589846
7,9,9,51.19311534315488,5.279427902627849,0.5978450363675,-0.10332215525469635,0.16089058222656252,33.27235189355471
7,9,10,51.19311534315488,5.279427902627849,0.7005661311907054,-0.21035240134769634,0.12540849707031249,29.129598164609394
7,9,11,51.19311534315488,5.279427902627849,0.6399196888938565,-0.13531353213285946,0.16185134863281253,31.196732545273456
7,9,12,51.19311534315488,5.279427902627849,0.6172690872631005,-0.10123916939097453,0.156269615234375,30.676539274882828
7,9,13,51.19311534315488,5.279427902627849,0.746071236391462,-0.2855173891151658,0.12295691503906252,26.70268379984377
7,10,0,51.19311534315488,5.279427902627849,0.5413243798007195,-0.06586290939038532,0.1444632615234375,33.36304291250002
7,10,1,51.19311534315488,5.279427902627849,0.6242057553683285,-0.1309631572069335,0.12810422363281254,31.37653241375002
7,10,2,51.19311534315488,5.279427902627849,0.6289233702723281,-0.13583655885501106,0.13203656015624998,30.667927466679707
7,10,3,51.19311534315488,5.279427902627849,0.7455681011863948,-0.2590651073716967,0.1295007943359375,28.338259776406268
7,10,4,51.19311534315488,5.279427902627849,0.7878457089047471,-0.294884462965967,0.148836823046875,27.444727930859393
7,10,5,51.19311534315488,5.279427902627849,0.8243754866275612,-0.34193042700104387,0.1528198560546875,26.190448107265645
7,10,6,51.19311534315488,5.279427902627849,0.7203843602089808,-0.21047539339709212,0.16821548457031252,28.778062818593767
7,10,7,51.19311534315488,5.279427902627849,0.530281745269432,-0.00781827783121459,0.16145943945312502,33.248926440078144
7,10,8,51.19311534315488,5.279427902627849,0.39501020534884485,-0.011372296014994943,0.1721342880859375,35.57056979433595
7,10,9,51.19311534315488,5.279427902627849,0.6730368134756376,-0.20438880594837006,0.144727191015625,30.51033137656252
7,10,10,51.19311534315488,5.279427902627849,0.7077036055889432,-0.23071579914777982,0.11494517500000001,28.099078486250015
7,10,11,51.19311534315488,5.279427902627849,0.6485393604615535,-0.14909246224254086,0.11787812246093751,28.81621513167971
7,10,12,51.19311534315488,5.279427902627849,0.7483773347892108,-0.27483978211690063,0.11383287578125001,26.255797712304705
7,10,13,51.19311534315488,5.279427902627849,0.7999841478188598,-0.3625637744273762,0.11311984160156249,24.967304309609396
7,11,0,51.19311534315488,5.279427902627849,0.774065681200313,-0.2991092369797645,0.1287693126953125,27.550085727031266
7,11,1,51.19311534315488,5.279427902627849,0.7020653744578191,-0.20099836894151868,0.14776962578125002,28.70175819242189
7,11,2,51.19311534315488,5.279427902627849,0.8266732833067082,-0.36336192275801016,0.13675138046875002,25.584096699921894
7,11,3,51.19311534315488,5.279427902627849,0.781637608880629,-0.3121735610182195,0.13362308613281249,27.057350105585957
7,11,4,51.19311534315488,5.279427902627849,0.868368524527108,-0.40859226019336314,0.1555494291015625,25.25720848250002
7,11,5,51.19311534315488,5.279427902627849,0.8484644366902325,-0.3749404876653609,0.16267356230468752,26.279136380117208
7,11,6,51.19311534315488,5.279427902627849,0.6853364428063187,-0.194853602885796,0.1661578380859375,30.313568248671892
7,11,7,51.19311534315488,5.279427902627849,0.597492438391156,-0.09273730757737428,0.15232617636718748,32.02486137921876
7,11,8,51.19311534315488,5.279427902627849,0.5559395605762025,-0.03044682186101843,0.13828990097656252,31.460520909101586
7,11,9,51.19311534315488,5.279427902627849,0.7288667473692123,-0.26122330987420894,0.10754194863281251,27.20903141890627
7,11,10,51.19311534315488,5.279427902627849,0.7774015280098054,-0.32478647495710733,0.10237849062500001,25.570457999023454
7,11,11,51.19311534315488,5.279427902627849,0.7445114316470549,-0.2751797631065348,0.1036671857421875,26.02421350566408
7,11,12,51.19311534315488,5.279427902627849,0.7980750263582628,-0.3508130813712574,0.10668181074218751,24.879003234335954
7,11,13,51.19311534315488,5.279427902627849,0.8135274449549962,-0.3735125109736771,0.11855005156250001,24.712261270390645
7,12,0,51.19311534315488,5.279427902627849,0.809307941541195,-0.3252382963954886,0.14549422421875002,26.41293317082033
7,12,1,51.19311534315488,5.279427902627849,0.7974974354353743,-0.314565949481515,0.1323311939453125,25.506603777734394
7,12,2,51.19311534315488,5.279427902627849,0.7825705464231336,-0.2905962457649367,0.154167158984375,26.798728826679707
7,12,3,51.19311534315488,5.279427902627849,0.7226848490664002,-0.21888760750714256,0.162163725390625,29.37423359996096
7,12,4,51.19311534315488,5.279427902627849,0.7115654023740083,-0.20726316340582135,0.158910302734375,29.85716244136721
7,12,5,51.19311534315488,5.279427902627849,0.7101141029964768,-0.20894973226431407,0.153712094921875,29.81018469382814
7,12,6,51.19311534315488,5.279427902627849,0.5789225581597033,-0.08077014157009389,0.1506712392578125,32.663663949101576
7,12,7,51.19311534315488,5.279427902627849,0.5883566278310783,-0.08267050579647267,0.14685318085937502,32.89160983367189
7,12,8,51.19311534315488,5.279427902627849,0.8100388450579292,-0.36551477060765797,0.11899655507812501,25.90674577144533
7,12,9,51.19311534315488,5.279427902627849,0.7961366971839587,-0.3374781099768386,0.1130897251953125,25.80364440253908
7,12,10,51.19311534315488,5.279427902627849,0.8124004135032388,-0.37069241813529663,0.10964847851562501,24.835577023203143
7,12,11,51.19311534315488,5.279427902627849,0.8066416388094051,-0.34679498279538795,0.11852086132812502,25.470287315234394
7,12,12,51.19311534315488,5.279427902627849,0.7799363945418849,-0.31162042236568777,0.11261856542968751,25.420412261679708
7,12,13,51.19311534315488,5.279427902627849,0.7897581051368232,-0.32317857563592045,0.12289374296875,25.505609080507835
7,13,0,51.19311534315488,5.279427902627849,0.8217537849242487,-0.3288185148725693,0.1696112302734375,27.133908412929703
7,13,1,51.19311534315488,5.279427902627849,0.7615788916493942,-0.25269689665625567,0.169121076171875,27.817739390820332
7,13,2,51.19311534315488,5.279427902627849,0.6534623767484734,-0.13030092052154163,0.1660494994140625,30.241576202421893
7,13,3,51.19311534315488,5.279427902627849,0.630070711970379,-0.09674193109651134,0.1533961091796875,30.90384428070314
7,13,4,51.19311534315488,5.279427902627849,0.6736012984355693,-0.19005663967237163,0.1440966248046875,30.58323801019533
7,13,5,51.19311534315488,5.279427902627849,0.582582916380161,-0.10577413808316743,0.1431212205078125,32.96677289457033
7,13,6,51.19311534315488,5.279427902627849,0.570041183774438,-0.06513115499912853,0.1486002787109375,33.01411113640627
7,13,7,51.19311534315488,5.279427902627849,0.5539554543603478,-0.05036724980420116,0.15500577109375002,32.86716965550784
7,13,8,51.19311534315488,5.279427902627849,0.6104103397304391,-0.1209128528480018,0.13811187421875004,31.48625619640627
7,13,9,51.19311534315488,5.279427902627849,0.7313957232034927,-0.24898725769933155,0.12994392207031252,28.490228150000025
7,13,10,51.19311534315488,5.279427902627849,0.8110293544697895,-0.35814377629046024,0.12002401953125003,25.340589478203142
7,13,11,51.19311534315488,5.279427902627849,0.8329233734144635,-0.3774465318772326,0.137343203515625,25.13952044621096
7,13,12,51.19311534315488,5.279427902627849,0.8127077588420042,-0.3492392286363226,0.1273899638671875,25.119266007382834
7,13,13,51.19311534315488,5.279427902627849,0.7637678080457482,-0.296913415410211,0.1177783486328125,26.290665521796896
8,0,0,51.19311534315488,3.2609020796389077,0.34165527564311093,-0.026121023121589322,0.12234540859375001,41.490079747812516
8,0,1,51.19311534315488,3.2609020796389077,0.4202868796608433,-0.0689713381837714,0.11902679397590361,34.99393479263831
8,0,2,51.19311534315488,3.2609020796389077,0.3675735353161792,-0.042272876536782786,0.1154790255859375,34.06681883381149
8,0,3,51.19311534315488,3.2609020796389077,0.5193888796652237,-0.12247122208156602,0.13764529589843752,33.86574150200002
8,0,4,51.19311534315488,3.2609020796389077,0.6150643523667223,-0.18758811777810508,0.15432325390625,35.352243766835954
8,0,5,51.19311534315488,3.2609020796389077,0.6555009749334193,-0.1829872821175494,0.1684494791015625,33.19557328414064
8,0,6,51.19311534315488,3.2609020796389077,0.7106162666842266,-0.25938503937624646,0.17112587089843753,28.058623015156268
8,0,7,51.19311534315488,3.2609020796389077,0.7643875428792645,-0.3173544796889983,0.18608637031250003,28.695576382812522
8,0,8,51.19311534315488,3.2609020796389077,0.7240703954223833,-0.2665736260587817,0.1797063259765625,28.30096196832033
8,0,9,51.19311534315488,3.2609020796389077,0.6217800176614056,-0.1601216336025891,0.15544391503906252,30.093559914453145
8,0,10,51.19311534315488,3.2609020796389077,0.6617918692435582,-0.2090310228827618,0.17200409335937503,31.01873514828127
8,0,11,51.19311534315488,3.2609020796389077,0.7160452139311209,-0.22965631083646226,0.180472308203125,28.013080568984392
8,0,12,51.19311534315488,3.2609020796389077,0.7677819293858985,-0.3038364876610535,0.1871226349609375,27.24081499941408
8,0,13,51.19311534315488,3.2609020796389077,0.7296693728971694,-0.2585520959857072,0.1799468458984375,27.323348165937517
8,1,0,51.19311534315488,3.2609020796389077,0.35722949935264103,0.007409334743768491,0.12780497734375001,40.72346859804689
8,1,1,51.19311534315488,3.2609020796389077,0.37633591949582834,0.008807723268606422,0.13923013378906252,36.52282883117189
8,1,2,51.19311534315488,3.2609020796389077,0.4238347659932862,-0.027000866908633528,0.1320808943359375,38.59599299600002
8,1,3,51.19311534315488,3.2609020796389077,0.4831096846041434,-0.0917655270527727,0.13922323496093753,35.717971906835956
8,1,4,51.19311534315488,3.2609020796389077,0.49033210878547145,-0.08309360024725848,0.14580239609375,34.01431591472658
8,1,5,51.19311534315488,3.2609020796389077,0.5924743282783427,-0.15153211509633574,0.15607218750000001,30.811077081640644
8,1,6,51.19311534315488,3.2609020796389077,0.6877993201515888,-0.24114202220717723,0.154664463671875,27.394866228945332
8,1,7,51.19311534315488,3.2609020796389077,0.7462274627552445,-0.30094628606623,0.1639921919921875,26.978355123828145
8,1,8,51.19311534315488,3.2609020796389077,0.6405079100492148,-0.18650305302180106,0.15803966914062503,31.22533843531252
8,1,9,51.19311534315488,3.2609020796389077,0.545650767126994,-0.1109261865832792,0.14246432753906252,31.843960000390638
8,1,10,51.19311534315488,3.2609020796389077,0.6627889636163025,-0.19856557368997185,0.165163461328125,29.082179812929702
8,1,11,51.19311534315488,3.2609020796389077,0.684181256294693,-0.21794628274880917,0.18577287167968753,30.401822593203143
8,1,12,51.19311534315488,3.2609020796389077,0.7608610140257706,-0.31117598353222015,0.18900911445312502,28.186071100742208
8,1,13,51.19311534315488,3.2609020796389077,0.7435164200572073,-0.2680567282155103,0.18298372949218752,28.20434282093752
8,2,0,51.19311534315488,3.2609020796389077,0.3746932163348887,-0.00653158479942542,0.1300025556640625,36.05269086148439
8,2,1,51.19311534315488,3.2609020796389077,0.3129171761605055,0.04936763212618202,0.12100411152343753,38.37163050851564
8,2,2,51.19311534315488,3.2609020796389077,0.31083978484893504,0.04549046336278821,0.11977183535156251,33.675931934726584
8,2,3,51.19311534315488,3.2609020796389077,0.41482678048781746,-0.0174264829252194,0.13928719472656248,35.62842245316408
8,2,4,51.19311534315488,3.2609020796389077,0.3904354239067688,-0.012921817386098447,0.127251150390625,32.872076383437516
8,2,5,51.19311534315488,3.2609020796389077,0.46699427104060887,-0.05664913868493863,0.1369676857421875,31.66786521218752
8,2,6,51.19311534315488,3.2609020796389077,0.4123388370438614,-0.013184118026923456,0.13753131679687502,30.41868571531252
8,2,7,51.19311534315488,3.2609020796389077,0.6080074326883783,-0.16779119124509684,0.1461098962890625,31.05938421816408
8,2,8,51.19311534315488,3.2609020796389077,0.69790412898561,-0.2370506526827738,0.15046598984374998,31.286155158359392
8,2,9,51.19311534315488,3.2609020796389077,0.6286894483556053,-0.17961318651858782,0.1438767314453125,30.48643861566408
8,2,10,51.19311534315488,3.2609020796389077,0.6504507598169759,-0.1850298289722273,0.160308040625,28.201138427187523
8,2,11,51.19311534315488,3.2609020796389077,0.756600031591475,-0.30559127662775776,0.168425383203125,27.80945469781252
8,2,12,51.19311534315488,3.2609020796389077,0.8587587034259848,-0.40580853425090896,0.1723427240234375,24.079286691640647
8,2,13,51.19311534315488,3.2609020796389077,0.8154310678735508,-0.37402813344001806,0.18282572812500003,26.88232344863283
8,3,0,51.19311534315488,3.2609020796389077,0.4046715653274566,-0.026510382205889457,0.12864053554687502,30.538516689921895
8,3,1,51.19311534315488,3.2609020796389077,0.21653679419448624,0.11624973802591593,0.10977080917968751,37.48800558031252
8,3,2,51.19311534315488,3.2609020796389077,0.3124789328008062,0.04406925572275254,0.11901320585937501,34.17440208582033
8,3,3,51.19311534315488,3.2609020796389077,0.3716388141698049,0.005544792901138384,0.13208022792968752,32.31854406640627
8,3,4,51.19311534315488,3.2609020796389077,0.5032424617690191,-0.10040222160530958,0.13977178339843752,30.85121211335939
8,3,5,51.19311534315488,3.2609020796389077,0.4661707936711442,-0.07398711458155247,0.14206681542968752,31.421220354921893
8,3,6,51.19311534315488,3.2609020796389077,0.6252621788577285,-0.19116082919507146,0.142477609375,29.480566065898458
8,3,7,51.19311534315488,3.2609020796389077,0.5694865015976112,-0.14493872064029098,0.140447335546875,33.88276887546877
8,3,8,51.19311534315488,3.2609020796389077,0.7270139173220237,-0.266304727769334,0.150731508984375,32.58271962781251
8,3,9,51.19311534315488,3.2609020796389077,0.6676232012068855,-0.22046193499231936,0.148517653125,29.464911267265638
8,3,10,51.19311534315488,3.2609020796389077,0.7174211000057819,-0.24199627853392425,0.15626182265625002,27.143394753593768
8,3,11,51.19311534315488,3.2609020796389077,0.759430845841053,-0.2770721833008041,0.1660181326171875,25.998511597460958
8,3,12,51.19311534315488,3.2609020796389077,0.7191219236738984,-0.22960518974026944,0.1677622705078125,28.843225500664083
8,3,13,51.19311534315488,3.2609020796389077,0.7064706354134105,-0.22076117821580454,0.17134554375,29.309818609765642
8,4,0,51.19311534315488,3.2609020796389077,0.36853361544845803,-0.011412184944184348,0.13791789277343752,30.224940058203146
8,4,1,51.19311534315488,3.2609020796389077,0.33763731357690346,0.03203920115511296,0.12374652246093751,35.2487084696094
8,4,2,51.19311534315488,3.2609020796389077,0.381059163945886,-0.0026457589558645765,0.136567962109375,35.59523695039064
8,4,3,51.19311534315488,3.2609020796389077,0.4112288200997346,-0.035179177776516364,0.12353641953125002,29.818542820859392
8,4,4,51.19311534315488,3.2609020796389077,0.5029179398891512,-0.0755983625385088,0.1533122486328125,31.930278357031266
8,4,5,51.19311534315488,3.2609020796389077,0.44430447429729436,-0.0412537236093484,0.1405406939453125,31.159908720429705
8,4,6,51.19311534315488,3.2609020796389077,0.5242117667566414,-0.10012704263320188,0.148243266796875,30.69252786453127
8,4,7,51.19311534315488,3.2609020796389077,0.5900724118752618,-0.14627327678187596,0.15004487109375003,30.803086124726583
8,4,8,51.19311534315488,3.2609020796389077,0.6603984059789754,-0.208870083282631,0.15747909453125003,27.71132013921877
8,4,9,51.19311534315488,3.2609020796389077,0.7437705133905066,-0.2651974673157142,0.1713591119140625,27.12796025703127
8,4,10,51.19311534315488,3.2609020796389077,0.727156280901375,-0.26230927573363283,0.1875505384765625,26.247105794257827
8,4,11,51.19311534315488,3.2609020796389077,0.7712923409257133,-0.2941611313272233,0.1661885767578125,25.46141515003908
8,4,12,51.19311534315488,3.2609020796389077,0.8018545026675401,-0.3438886697446033,0.15513322988281253,25.136609788554704
8,4,13,51.19311534315488,3.2609020796389077,0.6727145661678542,-0.19241655296141055,0.15954828671875002,31.206018611328147
8,5,0,51.19311534315488,3.2609020796389077,0.4967433099663482,-0.12493497522962435,0.13458247656250005,32.12781237200002
8,5,1,51.19311534315488,3.2609020796389077,0.6167300259536626,-0.2152767130866512,0.12817792421875,28.72653883742189
8,5,2,51.19311534315488,3.2609020796389077,0.48947848309786146,-0.10545421464413367,0.1262616479338843,35.64718990685486
8,5,3,51.19311534315488,3.2609020796389077,0.4093901804544529,-0.014067650133970456,0.13860793203125002,31.84247796828127
8,5,4,51.19311534315488,3.2609020796389077,0.4392754441586958,-0.02819889855516746,0.14066438984375002,31.78817684585939
8,5,5,51.19311534315488,3.2609020796389077,0.5141841839130528,-0.08968594664145721,0.1422524962890625,30.437424742929707
8,5,6,51.19311534315488,3.2609020796389077,0.6373954664207557,-0.17296222203486228,0.16501252597656252,29.69038042250002
8,5,7,51.19311534315488,3.2609020796389077,0.7296656998804552,-0.23294970446667007,0.1766563267578125,27.371474154570333
8,5,8,51.19311534315488,3.2609020796389077,0.7261734305909051,-0.253079821563578,0.15910622128906252,27.16905660687502
8,5,9,51.19311534315488,3.2609020796389077,0.7443496067889444,-0.27250400212396697,0.166958886328125,26.04336643414064
8,5,10,51.19311534315488,3.2609020796389077,0.7605453808143743,-0.2631206245330773,0.16273477734375003,24.08230416242189
8,5,11,51.19311534315488,3.2609020796389077,0.8673379908949855,-0.4166705699836504,0.1647832548828125,22.852471192812516
8,5,12,51.19311534315488,3.2609020796389077,0.8524633239179884,-0.39058893315046406,0.151777003125,23.491053460625018
8,5,13,51.19311534315488,3.2609020796389077,0.745196222902528,-0.27193447200405485,0.1741748640625,27.28900774625002
8,6,0,51.19311534315488,3.2609020796389077,0.4279032945280432,-0.0726928422613573,0.12767454726562502,35.59553895178573
8,6,1,51.19311534315488,3.2609020796389077,0.3981953359272402,-0.07095067785873467,0.13994472988281254,32.20530880226565
8,6,2,51.19311534315488,3.2609020796389077,0.5228739319464646,-0.1252430850269897,0.12931433469827586,30.80348256164002
8,6,3,51.19311534315488,3.2609020796389077,0.4760034423078234,-0.06592565252388552,0.14572797675781252,31.13051508359377
8,6,4,51.19311534315488,3.2609020796389077,0.5346780839407334,-0.08484251157577846,0.1507812412109375,31.401146163242206
8,6,5,51.19311534315488,3.2609020796389077,0.5049693678510108,-0.07464984055918936,0.145471981640625,30.82583064453127
8,6,6,51.19311534315488,3.2609020796389077,0.5396372646319016,-0.1031763821674057,0.15117181738281252,30.622017850390648
8,6,7,51.19311534315488,3.2609020796389077,0.5639591602829285,-0.09155377065693909,0.16274799667968753,29.783741769570334
8,6,8,51.19311534315488,3.2609020796389077,0.6353055917022801,-0.17094578853151998,0.1546403021484375,29.54321863953127
8,6,9,51.19311534315488,3.2609020796389077,0.5991106194845902,-0.10756465685421604,0.1785107345703125,30.175271955078145
8,6,10,51.19311534315488,3.2609020796389077,0.786586392146533,-0.3176391703629168,0.17016498710937503,26.105832084804707
8,6,11,51.19311534315488,3.2609020796389077,0.8204075566582343,-0.3660971236319669,0.1745170935546875,24.92654842660158
8,6,12,51.19311534315488,3.2609020796389077,0.8219701244752997,-0.3363875966568985,0.17806779531250003,25.050097833125022
8,6,13,51.19311534315488,3.2609020796389077,0.8154372018322491,-0.35883080027072717,0.17481638574218752,25.509928336250017
8,7,0,51.19311534315488,3.2609020796389077,0.48752483379620315,-0.09191475349100875,0.140035232421875,35.91628382503909
8,7,1,51.19311534315488,3.2609020796389077,0.2658627382690755,0.021231576162817095,0.14957766894531252,36.818994923515646
8,7,2,51.19311534315488,3.2609020796389077,0.3153947196430885,-0.025234006681561248,0.16226022441406251,32.94219920000002
8,7,3,51.19311534315488,3.2609020796389077,0.5951127336832296,-0.15548693394037622,0.14724616210937502,29.272707724648455
8,7,4,51.19311534315488,3.2609020796389077,0.6266227213124625,-0.1703606482277613,0.15482854296875,29.276386101640647
8,7,5,51.19311534315488,3.2609020796389077,0.6280641592022662,-0.1750306030979102,0.15555157441406253,29.28649996941408
8,7,6,51.19311534315488,3.2609020796389077,0.7406450610707161,-0.26003775376987565,0.16698262089843752,27.09351970003908
8,7,7,51.19311534315488,3.2609020796389077,0.562589556678194,-0.10747556607427884,0.15557467363281252,30.03627470035158
8,7,8,51.19311534315488,3.2609020796389077,0.4776127115650006,-0.03518773541596938,0.14289338027343754,31.760879416601583
8,7,9,51.19311534315488,3.2609020796389077,0.5519374019290513,-0.09376946000635702,0.1579232572265625,30.856946643007834
8,7,10,51.19311534315488,3.2609020796389077,0.6851757395637348,-0.22872479494777787,0.171096936328125,28.73545105753908
8,7,11,51.19311534315488,3.2609020796389077,0.7487058726828957,-0.296864900199049,0.1736491673828125,27.921915566796894
8,7,12,51.19311534315488,3.2609020796389077,0.6987441234218419,-0.22679617508599542,0.16724804042968752,28.894629317070333
8,7,13,51.19311534315488,3.2609020796389077,0.7271573192874392,-0.2548176147379818,0.1700390619140625,28.794258358671897
8,8,0,51.19311534315488,3.2609020796389077,0.5071130262983679,-0.09355355745560731,0.14791067363281252,35.86543410171877
8,8,1,51.19311534315488,3.2609020796389077,0.3570719747289764,-0.010452269210305894,0.1395484244140625,37.38099885652346
8,8,2,51.19311534315488,3.2609020796389077,0.46898769382997035,-0.14590956970224753,0.16762870449218753,32.62521789992189
8,8,3,51.19311534315488,3.2609020796389077,0.5208294837749843,-0.10262079053276088,0.14568313027343752,30.477586477929705
8,8,4,51.19311534315488,3.2609020796389077,0.5877783937626098,-0.1421558231272865,0.15416088984375004,29.70789777500002
8,8,5,51.19311534315488,3.2609020796389077,0.615763125476994,-0.19085614982237475,0.156479450390625,28.61979914644533
8,8,6,51.19311534315488,3.2609020796389077,0.7692497937867088,-0.30091939439184456,0.18579497910156254,26.51899192812502
8,8,7,51.19311534315488,3.2609020796389077,0.6883055528554453,-0.24645299828928163,0.19375318281250004,27.424146376835957
8,8,8,51.19311534315488,3.2609020796389077,0.6556198198862984,-0.16808173292013667,0.18223870683593751,28.36995657125002
8,8,9,51.19311534315488,3.2609020796389077,0.6946576847972393,-0.18638110645289535,0.17547714550781252,26.909540768046895
8,8,10,51.19311534315488,3.2609020796389077,0.6598191447154227,-0.15078376122799894,0.1783429412109375,28.71778016117189
8,8,11,51.19311534315488,3.2609020796389077,0.6402406525079852,-0.1662178480273518,0.1668406560546875,29.297922297968768
8,8,12,51.19311534315488,3.2609020796389077,0.6764965266843281,-0.2306666897657213,0.17223544765624998,28.002105520390643
8,8,13,51.19311534315488,3.2609020796389077,0.6988811103676701,-0.23273527485355017,0.1771614732421875,29.374493956953145
8,9,0,51.19311534315488,3.2609020796389077,0.6038572871197837,-0.20268132551090753,0.1270193962745098,33.861839906923095
8,9,1,51.19311534315488,3.2609020796389077,0.5761538973536771,-0.15401514007599243,0.1460711869140625,33.016300805468774
8,9,2,51.19311534315488,3.2609020796389077,0.6794321512416404,-0.2783346572434476,0.143426852734375,30.61508834890627
8,9,3,51.19311534315488,3.2609020796389077,0.5668481043471767,-0.1462460213947745,0.1516288404296875,29.319084648359393
8,9,4,51.19311534315488,3.2609020796389077,0.7274997019064028,-0.26184300509137226,0.1729170626953125,25.388601977890644
8,9,5,51.19311534315488,3.2609020796389077,0.7907072976004038,-0.337366263399199,0.1754756359375,24.956976815585953
8,9,6,51.19311534315488,3.2609020796389077,0.7595192358554917,-0.2780842749783217,0.18327132128906248,26.75027572285158
8,9,7,51.19311534315488,3.2609020796389077,0.6124558104248106,-0.2530649623097822,0.21868360488281252,30.25253789937502
8,9,8,51.19311534315488,3.2609020796389077,0.7264369990877928,-0.25080826737295436,0.19337480078125002,29.310739872968767
8,9,9,51.19311534315488,3.2609020796389077,0.799532999609727,-0.2941279690552023,0.185729517578125,27.22670899109377
8,9,10,51.19311534315488,3.2609020796389077,0.7625536270906665,-0.2449671976466187,0.18857807421875,28.141296373906272
8,9,11,51.19311534315488,3.2609020796389077,0.7190178388397117,-0.21783386481654815,0.18583890292968752,29.793748824218767
8,9,12,51.19311534315488,3.2609020796389077,0.7604173481568962,-0.3145367192681321,0.1825919984375,25.84538163113283
8,9,13,51.19311534315488,3.2609020796389077,0.6828949443719301,-0.23201224694517728,0.17553797441406252,31.01190578410158
8,10,0,51.19311534315488,3.2609020796389077,0.511236081022459,-0.09704086253367851,0.153568370703125,35.100979241914075
8,10,1,51.19311534315488,3.2609020796389077,0.557892511777596,-0.13916101862576274,0.15309582832031252,30.302332843085956
8,10,2,51.19311534315488,3.2609020796389077,0.5553404211921171,-0.1468791505315151,0.12528072109375002,32.067179298214306
8,10,3,51.19311534315488,3.2609020796389077,0.5742183033975857,-0.14808713828371786,0.14197409296875002,33.06486739824221
8,10,4,51.19311534315488,3.2609020796389077,0.647212590695184,-0.19518321511095948,0.16705183906249998,31.038281950156268
8,10,5,51.19311534315488,3.2609020796389077,0.8171160217054263,-0.35280791336506756,0.176192025390625,25.471869484648458
8,10,6,51.19311534315488,3.2609020796389077,0.7133463727123128,-0.24037305695485012,0.19106022890625002,28.952675574687518
8,10,7,51.19311534315488,3.2609020796389077,0.7678580984934367,-0.30485152165173374,0.17414959121093748,26.569641376835953
8,10,8,51.19311534315488,3.2609020796389077,0.7714976866981754,-0.32396745776792696,0.18184650625,27.010051918671895
8,10,9,51.19311534315488,3.2609020796389077,0.7396483706677929,-0.2681725543732559,0.18059743281250001,28.03253390937502
8,10,10,51.19311534315488,3.2609020796389077,0.7345387109249621,-0.27931516226976005,0.181041439453125,29.194073237187517
8,10,11,51.19311534315488,3.2609020796389077,0.724959725431717,-0.2650263253484733,0.18576494238281252,28.71520997035158
8,10,12,51.19311534315488,3.2609020796389077,0.762633731717725,-0.31509819059266975,0.18123972773437502,27.332206979492206
8,10,13,51.19311534315488,3.2609020796389077,0.6485481703702651,-0.16105170332746907,0.1720119185546875,28.50261847250002
8,11,0,51.19311534315488,3.2609020796389077,0.5296885104216886,-0.10871388187061584,0.15298279492187503,34.88608458605471
8,11,1,51.19311534315488,3.2609020796389077,0.6549106323781078,-0.2131526623247574,0.16972932402343752,31.72279386171877
8,11,2,51.19311534315488,3.2609020796389077,0.6318586758758451,-0.21992963743139593,0.163796264453125,32.54248445878908
8,11,3,51.19311534315488,3.2609020796389077,0.5026074755571804,-0.12402157379857212,0.15316092519531252,32.41523175398408
8,11,4,51.19311534315488,3.2609020796389077,0.6472074997944861,-0.21329504729953502,0.15150035625000002,31.907754139296895
8,11,5,51.19311534315488,3.2609020796389077,0.6356086865100493,-0.20223226427087693,0.171066444921875,31.389263203085957
8,11,6,51.19311534315488,3.2609020796389077,0.6715384544592068,-0.18432523234083964,0.17782693867187502,29.995518817343772
8,11,7,51.19311534315488,3.2609020796389077,0.6906372581892364,-0.2108662856502484,0.18441187070312504,29.30965839007814
8,11,8,51.19311534315488,3.2609020796389077,0.717523436745434,-0.24442843685834187,0.19371719277343752,32.58831396523439
8,11,9,51.19311534315488,3.2609020796389077,0.6303464954114397,-0.17164054760006303,0.18590639140625004,30.77999446226564
8,11,10,51.19311534315488,3.2609020796389077,0.7355989956094169,-0.2763304765145346,0.17728982265624998,31.84982137062502
8,11,11,51.19311534315488,3.2609020796389077,0.7549844184331893,-0.2722961324821979,0.184279009765625,30.05389219015627
8,11,12,51.19311534315488,3.2609020796389077,0.7369975348515572,-0.27137955218194487,0.18312522167968753,28.131235912695335
8,11,13,51.19311534315488,3.2609020796389077,0.6927859405213433,-0.2101050253866541,0.18227376171874998,26.31348347562502
8,12,0,51.19311534315488,3.2609020796389077,0.6747128569166462,-0.1944877483464425,0.18679262871093752,33.598118573164086
8,12,1,51.19311534315488,3.2609020796389077,0.7308179440048406,-0.25125847001139046,0.18649166132812503,31.014743007734392
8,12,2,51.19311534315488,3.2609020796389077,0.6485704495163126,-0.22167880557338177,0.167962068359375,37.93817582841899
8,12,3,51.19311534315488,3.2609020796389077,0.65751046402184,-0.23183910281099462,0.17632511718750002,36.943809254000016
8,12,4,51.19311534315488,3.2609020796389077,0.7284327956076535,-0.3425466866674902,0.1818478185546875,33.09410081539064
8,12,5,51.19311534315488,3.2609020796389077,0.5430324327592442,-0.17620004855649607,0.156338859765625,34.9677899508594
8,12,6,51.19311534315488,3.2609020796389077,0.5937348578765629,-0.13595822512116662,0.16918456875000001,31.12798494769533
8,12,7,51.19311534315488,3.2609020796389077,0.7122306325755086,-0.22260779735269723,0.1899134251953125,29.805565026171895
8,12,8,51.19311534315488,3.2609020796389077,0.728540607820737,-0.25094243267790517,0.191313484765625,30.200706830468768
8,12,9,51.19311534315488,3.2609020796389077,0.7002873982266994,-0.22886439187160063,0.181409337109375,32.18245746933596
8,12,10,51.19311534315488,3.2609020796389077,0.6990076517623964,-0.24076144961963225,0.1847994021484375,32.541302838593765
8,12,11,51.19311534315488,3.2609020796389077,0.7627095971962132,-0.26748904400539136,0.1868974380859375,27.17477778488283
8,12,12,51.19311534315488,3.2609020796389077,0.7242272919359685,-0.2826110351502894,0.182042857421875,28.046019066406267
8,12,13,51.19311534315488,3.2609020796389077,0.6874333568638591,-0.22190926973958136,0.18086378398437503,27.765514448515646
8,13,0,51.19311534315488,3.2609020796389077,0.7484100402725874,-0.28056975013914665,0.1837259279296875,31.258136740507833
8,13,1,51.19311534315488,3.2609020796389077,0.8221793589677167,-0.3664789940525214,0.1710997380859375,29.20608303792971
8,13,2,51.19311534315488,3.2609020796389077,0.7001356060834321,-0.2504420421475098,0.17319390976562501,33.351366902773464
8,13,3,51.19311534315488,3.2609020796389077,0.5161168874894324,-0.13764406645007315,0.15429906367187501,40.222608503281265
8,13,4,51.19311534315488,3.2609020796389077,0.7598167865256933,-0.3379467562157261,0.1703260875,33.91131468312502
8,13,5,51.19311534315488,3.2609020796389077,0.8008539265408534,-0.36042708489218866,0.17349439355468751,28.569049560429704
8,13,6,51.19311534315488,3.2609020796389077,0.7157538205448506,-0.2652030355729607,0.1686060755859375,29.531095349843774
8,13,7,51.19311534315488,3.2609020796389077,0.6788998619928956,-0.2380568975773959,0.175218213671875,30.05429273937502
8,13,8,51.19311534315488,3.2609020796389077,0.6180807384233967,-0.14822852984725265,0.183392308203125,32.07673250304689
8,13,9,51.19311534315488,3.2609020796389077,0.7032927589696931,-0.2303345593659547,0.19120634160156252,35.21504230777346
8,13,10,51.19311534315488,3.2609020796389077,0.6337897163753277,-0.1687663881813395,0.18500497207031252,36.738798294101585
8,13,11,51.19311534315488,3.2609020796389077,0.7656916873082421,-0.3153167874859827,0.18028774160156252,29.72828573023439
8,13,12,51.19311534315488,3.2609020796389077,0.6542561866925414,-0.21632597730271746,0.19019583085937503,30.27627044058596
8,13,13,51.19311534315488,3.2609020796389077,0.6544111700838353,-0.20157505658941924,0.182321253515625,32.0985824629297
9,0,0,51.13274883219548,3.2609020796389077,0.6808307072545418,-0.2280041880536186,0.17391707500000003,30.40490682218752
9,0,1,51.13274883219548,3.2609020796389077,0.7340383652161722,-0.2872534635366376,0.180079226953125,29.46431711925783
9,0,2,51.13274883219548,3.2609020796389077,0.5635892880590669,-0.1255184463150535,0.1580712478515625,32.50040008753908
9,0,3,51.13274883219548,3.2609020796389077,0.5009200617744983,-0.07460353011836891,0.151568980078125,32.22562999929689
9,0,4,51.13274883219548,3.2609020796389077,0.7313404018782979,-0.2841196160990518,0.16766873359375,34.27224290832033
9,0,5,51.13274883219548,3.2609020796389077,0.7938916680571968,-0.3722903179620819,0.1773796591796875,29.704372941875015
9,0,6,51.13274883219548,3.2609020796389077,0.6840330464794098,-0.26293120058141617,0.1483738705078125,29.869392328830667
9,0,7,51.13274883219548,3.2609020796389077,0.6070697776539358,-0.16027646075558377,0.16771320683593752,33.88628199292492
9,0,8,51.13274883219548,3.2609020796389077,0.6597396457094522,-0.17025314616312642,0.18593957656250001,32.31778969871095
9,0,9,51.13274883219548,3.2609020796389077,0.6609324743876412,-0.1889948641956621,0.18962498203125,33.25941415378908
9,0,10,51.13274883219548,3.2609020796389077,0.6555843612592774,-0.1793518299912149,0.19066943691406252,31.7540567282422
9,0,11,51.13274883219548,3.2609020796389077,0.7293531669252707,-0.28807097763913875,0.18374062597656252,29.907624967109392
9,0,12,51.13274883219548,3.2609020796389077,0.7258261371927991,-0.308844875617989,0.18512225527343754,30.055247381679706
9,0,13,51.13274883219548,3.2609020796389077,0.7040860602175643,-0.2843140389352642,0.18336283554687502,35.00838561417971
9,1,0,51.13274883219548,3.2609020796389077,0.7353607762889298,-0.31811375753544424,0.16455011582031248,28.884168306640642
9,1,1,51.13274883219548,3.2609020796389077,0.7444394796507553,-0.30295488845700025,0.17259594101562503,27.36180089093752
9,1,2,51.13274883219548,3.2609020796389077,0.5107266898553267,-0.09210677252934926,0.14506748652343754,30.956509827148455
9,1,3,51.13274883219548,3.2609020796389077,0.508009395477967,-0.09191223803302065,0.14098626601562503,30.019625204492208
9,1,4,51.13274883219548,3.2609020796389077,0.6899676250052793,-0.24985975378865985,0.1689721431640625,30.455309265546894
9,1,5,51.13274883219548,3.2609020796389077,0.8012900337500193,-0.36111676271248466,0.16344599375000002,26.15268299175783
9,1,6,51.13274883219548,3.2609020796389077,0.6658062558941866,-0.22096111346597763,0.15440509628906252,29.352784189296894
9,1,7,51.13274883219548,3.2609020796389077,0.6644717142763608,-0.22853339211000503,0.16964791367187498,30.147547273320328
9,1,8,51.13274883219548,3.2609020796389077,0.7206009618129975,-0.2527110226253967,0.1732924626953125,29.401123804179708
9,1,9,51.13274883219548,3.2609020796389077,0.6670164935844094,-0.20336985716219386,0.18294735781250002,34.17852106695314
9,1,10,51.13274883219548,3.2609020796389077,0.7207993888229246,-0.2194599781666467,0.19108211894531252,31.684281054335955
9,1,11,51.13274883219548,3.2609020796389077,0.7297518935652184,-0.25897928385915486,0.186372171875,28.894101927265645
9,1,12,51.13274883219548,3.2609020796389077,0.7116612213413243,-0.24727466131329712,0.18258509492187502,31.39930363683596
9,1,13,51.13274883219548,3.2609020796389077,0.7548277310294004,-0.29684748271870864,0.178568775,33.30886863066408
9,2,0,51.13274883219548,3.2609020796389077,0.6678345116840394,-0.2812415223319986,0.1617659890625,29.350821498125022
9,2,1,51.13274883219548,3.2609020796389077,0.663636077563232,-0.21830816411816473,0.172634925390625,29.589241744765644
9,2,2,51.13274883219548,3.2609020796389077,0.4694142346485728,-0.04002689365401761,0.14415310996093753,31.79155481093752
9,2,3,51.13274883219548,3.2609020796389077,0.4208426074915044,-0.01615373373509984,0.1364476861328125,32.46705436507814
9,2,4,51.13274883219548,3.2609020796389077,0.653038256317539,-0.21024411518242198,0.1533919927734375,28.874882240585954
9,2,5,51.13274883219548,3.2609020796389077,0.7610099165795208,-0.2982256639574301,0.15738331015625,26.177343471992206
9,2,6,51.13274883219548,3.2609020796389077,0.6352476074209188,-0.20381375051703016,0.17560851875,29.540635097070332
9,2,7,51.13274883219548,3.2609020796389077,0.6021186443054561,-0.14506298685066582,0.16359568085937504,30.077063962460954
9,2,8,51.13274883219548,3.2609020796389077,0.614875715979561,-0.162953485364948,0.17806229453125003,31.033328491484397
9,2,9,51.13274883219548,3.2609020796389077,0.7512081772842891,-0.29888737025183854,0.165457252734375,30.417771127929704
9,2,10,51.13274883219548,3.2609020796389077,0.7342009343213247,-0.2578921428163695,0.17369382187500002,33.77992118773439
9,2,11,51.13274883219548,3.2609020796389077,0.6980894813953078,-0.22607853109614773,0.18040354785156254,33.64299343730471
9,2,12,51.13274883219548,3.2609020796389077,0.6736220419949353,-0.170781363570302,0.1796832103515625,33.559625793242205
9,2,13,51.13274883219548,3.2609020796389077,0.6652856274692578,-0.18995561757336835,0.18344919257812503,36.41589554140627
9,3,0,51.13274883219548,3.2609020796389077,0.6640060633119705,-0.2154712315544926,0.175480887109375,30.41403934437502
9,3,1,51.13274883219548,3.2609020796389077,0.6498897425997374,-0.22413671386753314,0.15779079472656252,28.897486568164084
9,3,2,51.13274883219548,3.2609020796389077,0.5732196341220379,-0.13423766938703008,0.149170560546875,30.58611528875002
9,3,3,51.13274883219548,3.2609020796389077,0.3907287199053806,-0.06847921802679316,0.1595246208984375,34.34325360898439
9,3,4,51.13274883219548,3.2609020796389077,0.6073052313982448,-0.18064140937530884,0.14894336132812502,31.5139408232422
9,3,5,51.13274883219548,3.2609020796389077,0.8503203281808407,-0.3909202177381318,0.16657341171875,23.737030735859395
9,3,6,51.13274883219548,3.2609020796389077,0.8469331509833649,-0.3965251608630162,0.17615949628906252,25.87437471875002
9,3,7,51.13274883219548,3.2609020796389077,0.6199850444341748,-0.1523951743255042,0.17138193125,30.97577624457033
9,3,8,51.13274883219548,3.2609020796389077,0.6025417279325873,-0.1551552430886179,0.17572692519531252,31.11630226214846
9,3,9,51.13274883219548,3.2609020796389077,0.6393792860618681,-0.16497814095550106,0.1798127263671875,32.051551308828145
9,3,10,51.13274883219548,3.2609020796389077,0.722334851159337,-0.25360308681430266,0.17547687714843752,30.78785857859377
9,3,11,51.13274883219548,3.2609020796389077,0.6409464158205861,-0.1708683508004745,0.15773090859375,33.442511877500024
9,3,12,51.13274883219548,3.2609020796389077,0.6129039021946723,-0.12307811681277542,0.18052161757812502,34.71586451972658
9,3,13,51.13274883219548,3.2609020796389077,0.6466307499335933,-0.1801098854413985,0.1828091748046875,35.30274923503908
9,4,0,51.13274883219548,3.2609020796389077,0.7286442399930089,-0.27448645623086526,0.18996926757812502,29.539266553906266
9,4,1,51.13274883219548,3.2609020796389077,0.6522189736644949,-0.1986345267995862,0.18130403359375002,30.804114201054702
9,4,2,51.13274883219548,3.2609020796389077,0.5688111942244141,-0.13025611092875056,0.159302962890625,31.953196448164086
9,4,3,51.13274883219548,3.2609020796389077,0.5887274501835085,-0.11857182115626441,0.1481664732421875,31.632049436210956
9,4,4,51.13274883219548,3.2609020796389077,0.6613102159817893,-0.23025719487724908,0.15324612343750002,30.136799202617205
9,4,5,51.13274883219548,3.2609020796389077,0.8307206791977497,-0.3781469471450545,0.16787965839843752,25.448938041875017
9,4,6,51.13274883219548,3.2609020796389077,0.7387762398176756,-0.2738357995501909,0.1843375529296875,29.81370285113283
9,4,7,51.13274883219548,3.2609020796389077,0.5926999724331901,-0.13494380528100258,0.18157297851562504,30.96416031722658
9,4,8,51.13274883219548,3.2609020796389077,0.5789859808378971,-0.12934257827008525,0.1938868119140625,33.48441600160159
9,4,9,51.13274883219548,3.2609020796389077,0.6744345227618782,-0.25406363431724077,0.1894720322265625,30.046341837382833
9,4,10,51.13274883219548,3.2609020796389077,0.6239234868405803,-0.15528997911607675,0.17915494453125,32.65112008273439
9,4,11,51.13274883219548,3.2609020796389077,0.5299067958549721,-0.09572556011740997,0.1593199853515625,36.74676185621516
9,4,12,51.13274883219548,3.2609020796389077,0.6429690948334155,-0.18484464671137138,0.1572226173828125,33.82416457268002
9,4,13,51.13274883219548,3.2609020796389077,0.6895653804284603,-0.2320637968357771,0.17480015371093752,32.03756546527345
9,5,0,51.13274883219548,3.2609020796389077,0.7452197161801625,-0.26784988093118645,0.173002496484375,27.924812872812517
9,5,1,51.13274883219548,3.2609020796389077,0.6970679592367728,-0.19605752913096755,0.1835562990234375,30.746181432382834
9,5,2,51.13274883219548,3.2609020796389077,0.5332131301200076,-0.0879634316207459,0.15540592812499998,31.65291805050783
9,5,3,51.13274883219548,3.2609020796389077,0.6840142600169612,-0.22733817334263495,0.15793623515625002,27.539971859257832
9,5,4,51.13274883219548,3.2609020796389077,0.814614037547932,-0.3275011304507238,0.16227899785156252,25.125394410429706
9,5,5,51.13274883219548,3.2609020796389077,0.7082131127689204,-0.23688191463994518,0.15772793066406252,28.365984458164085
9,5,6,51.13274883219548,3.2609020796389077,0.6118397786419112,-0.16343738103636324,0.15308194375,29.58074342550783
9,5,7,51.13274883219548,3.2609020796389077,0.6649622413559758,-0.19454420732210037,0.17423648749999998,29.102848152617206
9,5,8,51.13274883219548,3.2609020796389077,0.6648828980592121,-0.20443674105088694,0.1872950521484375,31.216539704140647
9,5,9,51.13274883219548,3.2609020796389077,0.682674226349539,-0.28847311305146023,0.19076937265625,30.61338601472658
9,5,10,51.13274883219548,3.2609020796389077,0.6753375261374875,-0.21145362365428044,0.18345508671875,33.80912790160158
9,5,11,51.13274883219548,3.2609020796389077,0.5831551921332765,-0.19268615984715787,0.17933824550781252,33.20228915937501
9,5,12,51.13274883219548,3.2609020796389077,0.6129083041472252,-0.1403030324999967,0.17223603144531252,34.04336908472658
9,5,13,51.13274883219548,3.2609020796389077,0.5926676477532232,-0.11881537790926537,0.17229248984375,34.28788435531252
9,6,0,51.13274883219548,3.2609020796389077,0.7268318430880853,-0.2769439418514926,0.17910132617187502,29.57067628847658
9,6,1,51.13274883219548,3.2609020796389077,0.6559436389298525,-0.19610107258646328,0.171323790625,29.91044883910158
9,6,2,51.13274883219548,3.2609020796389077,0.49063890966879037,-0.05147354952211147,0.15433957792968753,31.290027134140647
9,6,3,51.13274883219548,3.2609020796389077,0.7632759076988809,-0.2864108699276695,0.16634858359375,26.91602966539064
9,6,4,51.13274883219548,3.2609020796389077,0.8400893607449486,-0.37196641332455954,0.175088465234375,24.881232958320332
9,6,5,51.13274883219548,3.2609020796389077,0.7259827815225213,-0.2688083770326153,0.1642018939453125,28.415659237109395
9,6,6,51.13274883219548,3.2609020796389077,0.6211175901946635,-0.14613509271717348,0.1709904380859375,30.819281664804706
9,6,7,51.13274883219548,3.2609020796389077,0.7014563635399951,-0.2281289263531357,0.18927988671875,29.664658486835954
9,6,8,51.13274883219548,3.2609020796389077,0.6924151005602309,-0.24157423386178142,0.17330425898437501,29.11156677394533
9,6,9,51.13274883219548,3.2609020796389077,0.6479661995010274,-0.18933742623837527,0.16674116953125,30.78966105007814
9,6,10,51.13274883219548,3.2609020796389077,0.6757325224653956,-0.2350239435945138,0.178849405859375,35.01230432070314
9,6,11,51.13274883219548,3.2609020796389077,0.7074780174793338,-0.2453667395957994,0.1886765826171875,36.18411773597658
9,6,12,51.13274883219548,3.2609020796389077,0.7264056223257339,-0.24978074334661776,0.186728397265625,30.38830405707033
9,6,13,51.13274883219548,3.2609020796389077,0.642862459617839,-0.17246299359932396,0.1792344810546875,32.886189067578144
9,7,0,51.13274883219548,3.2609020796389077,0.8298259306166106,-0.36868003366236507,0.164454041796875,25.822563677304707
9,7,1,51.13274883219548,3.2609020796389077,0.7570167749362364,-0.30908625451751404,0.1607004978515625,26.61912255699221
9,7,2,51.13274883219548,3.2609020796389077,0.5809237955943747,-0.13473014856304738,0.181487836328125,30.43225098218752
9,7,3,51.13274883219548,3.2609020796389077,0.6779507128550302,-0.20905918346053942,0.17948305664062503,29.03363992343752
9,7,4,51.13274883219548,3.2609020796389077,0.6767878238694431,-0.188279253606359,0.18132118027343752,28.12890605140627
9,7,5,51.13274883219548,3.2609020796389077,0.6646918973895416,-0.19779081885372932,0.17769870117187503,30.938184700390643
9,7,6,51.13274883219548,3.2609020796389077,0.6164323919035744,-0.1230189163442141,0.17575976777343752,31.384409881718767
9,7,7,51.13274883219548,3.2609020796389077,0.6361632996171799,-0.1837410260395257,0.17941574941406252,29.65371681734377
9,7,8,51.13274883219548,3.2609020796389077,0.5638435697642575,-0.11093364307931608,0.186040116015625,30.143915627070328
9,7,9,51.13274883219548,3.2609020796389077,0.5196492490694449,-0.06688479052995197,0.1885253509765625,30.563217225078144
9,7,10,51.13274883219548,3.2609020796389077,0.6474826492699877,-0.1706350319262746,0.17906365371093752,31.040398185195333
9,7,11,51.13274883219548,3.2609020796389077,0.6158077832786595,-0.149131539457166,0.16418676992187503,29.213880396054705
9,7,12,51.13274883219548,3.2609020796389077,0.7454731119530447,-0.2622295612474767,0.16957524433593751,27.65697228605471
9,7,13,51.13274883219548,3.2609020796389077,0.6494601979930335,-0.15213488152656993,0.18233356914062498,35.26977068269533
9,8,0,51.13274883219548,3.2609020796389077,0.7922302206525345,-0.3250450483190736,0.163072454296875,26.172623667031267
9,8,1,51.13274883219548,3.2609020796389077,0.7041797708062678,-0.2464674817363931,0.17032052050781252,26.886555918710958
9,8,2,51.13274883219548,3.2609020796389077,0.6115272809785803,-0.1650822144595376,0.18785100976562502,30.502507315156265
9,8,3,51.13274883219548,3.2609020796389077,0.7137176977051534,-0.234238334747184,0.1757150359375,27.23077456566408
9,8,4,51.13274883219548,3.2609020796389077,0.7992321316217964,-0.33403506923335086,0.17445496835937502,25.705409706640644
9,8,5,51.13274883219548,3.2609020796389077,0.5180760332696634,-0.13522129657250137,0.175707290625,33.91315720953126
9,8,6,51.13274883219548,3.2609020796389077,0.44874015504707976,-0.06271644739728655,0.14801717812499998,34.065679676210955
9,8,7,51.13274883219548,3.2609020796389077,0.5917012832220946,-0.14430923997950623,0.17868287128906252,30.532909000859398
9,8,8,51.13274883219548,3.2609020796389077,0.6144676338844484,-0.15664665701518665,0.18540729218750002,28.430639777890644
9,8,9,51.13274883219548,3.2609020796389077,0.6988068261049144,-0.25027644477423977,0.16908316738281248,26.65451775628908
9,8,10,51.13274883219548,3.2609020796389077,0.7245998072331276,-0.28790380549193056,0.14309709609375001,25.31034133636721
9,8,11,51.13274883219548,3.2609020796389077,0.7321053123305027,-0.2613294067806302,0.15874764746093753,26.812567802187516
9,8,12,51.13274883219548,3.2609020796389077,0.5093433469340629,-0.07610754256532179,0.16531572460937502,32.143657601679706
9,8,13,51.13274883219548,3.2609020796389077,0.6179913103682008,-0.1470364548170397,0.164733563671875,31.929123440117202
9,9,0,51.13274883219548,3.2609020796389077,0.7641169453792703,-0.2908791202650316,0.167699368359375,26.826513590820333
9,9,1,51.13274883219548,3.2609020796389077,0.8457097236559417,-0.4152170969965846,0.1667778802734375,24.0786791919922
9,9,2,51.13274883219548,3.2609020796389077,0.8168060464867747,-0.3742340428591452,0.16624444609375,24.406375183671894
9,9,3,51.13274883219548,3.2609020796389077,0.8365292906995411,-0.36416796990426725,0.166659911328125,24.543222824257835
9,9,4,51.13274883219548,3.2609020796389077,0.8587742381732931,-0.40355634044842537,0.16856716601562505,24.217509551210956
9,9,5,51.13274883219548,3.2609020796389077,0.7557564696729576,-0.34647672053445777,0.1775916119140625,26.318276714609393
9,9,6,51.13274883219548,3.2609020796389077,0.6722815971124099,-0.18432363910053262,0.1780510296875,29.739955064140645
9,9,7,51.13274883219548,3.2609020796389077,0.6466040376848731,-0.165605782738442,0.1780816431640625,29.066731964726582
9,9,8,51.13274883219548,3.2609020796389077,0.6037112207327285,-0.13992847951981752,0.18395430781250002,31.050919278007832
9,9,9,51.13274883219548,3.2609020796389077,0.8046118132183416,-0.33406278804235623,0.17169368984375,25.638104086250017
9,9,10,51.13274883219548,3.2609020796389077,0.8374208111512513,-0.37841051297602735,0.1698559064453125,24.362461637656267
9,9,11,51.13274883219548,3.2609020796389077,0.826619733300124,-0.3599604009039189,0.174659282421875,24.422130119609392
9,9,12,51.13274883219548,3.2609020796389077,0.6544615308591156,-0.18412340273226158,0.17155418203125003,29.338751615000017
9,9,13,51.13274883219548,3.2609020796389077,0.6681178772061482,-0.19175262312731994,0.18589652578125,30.07194360828127
9,10,0,51.13274883219548,3.2609020796389077,0.7551853641704716,-0.30478395174021466,0.17016661406250003,27.474648957500023
9,10,1,51.13274883219548,3.2609020796389077,0.7149496490973126,-0.24733185696654603,0.1755891841796875,28.12213009378908
9,10,2,51.13274883219548,3.2609020796389077,0.6719697667481805,-0.19898923133110952,0.176635359375,27.502413694179705
9,10,3,51.13274883219548,3.2609020796389077,0.7149573462028929,-0.23239168023353157,0.18547548261718752,27.789480643437518
9,10,4,51.13274883219548,3.2609020796389077,0.8260775093419703,-0.36750658438085726,0.18036246367187503,25.17670476535158
9,10,5,51.13274883219548,3.2609020796389077,0.7722924263152576,-0.30658429806205667,0.1860237140625,26.80145923718752
9,10,6,51.13274883219548,3.2609020796389077,0.7749965381618924,-0.3073038257672478,0.179227005078125,26.960690903281268
9,10,7,51.13274883219548,3.2609020796389077,0.6318792424853045,-0.1550634537163536,0.18296386523437502,29.845119261523454
9,10,8,51.13274883219548,3.2609020796389077,0.664275266063319,-0.1830815684437122,0.18268568378906253,29.962793946171892
9,10,9,51.13274883219548,3.2609020796389077,0.665037050250248,-0.2450547782176891,0.173715842578125,30.835977891406266
9,10,10,51.13274883219548,3.2609020796389077,0.8008893964130688,-0.3477336809308598,0.16772139667968752,25.855295224296892
9,10,11,51.13274883219548,3.2609020796389077,0.8108072158693711,-0.33390786163646186,0.16864579980468752,24.933838422382834
9,10,12,51.13274883219548,3.2609020796389077,0.7910674487685999,-0.32476808046087136,0.166337932421875,25.957809121015643
9,10,13,51.13274883219548,3.2609020796389077,0.7069616796315963,-0.24388983080123822,0.168824826953125,29.004446561210955
9,11,0,51.13274883219548,3.2609020796389077,0.5480515747879348,-0.09878422388234215,0.159944268359375,30.49951654765627
9,11,1,51.13274883219548,3.2609020796389077,0.5569001596138757,-0.10317676768878054,0.1591124384765625,30.224325882734398
9,11,2,51.13274883219548,3.2609020796389077,0.5631846191239269,-0.08651129642542868,0.1828440791015625,30.03499294285158
9,11,3,51.13274883219548,3.2609020796389077,0.6062607467724825,-0.1458421725035169,0.18565753359375,30.351513611328144
9,11,4,51.13274883219548,3.2609020796389077,0.7958465945278332,-0.3294812646504117,0.177578759375,26.144384947109394
9,11,5,51.13274883219548,3.2609020796389077,0.7698653340002528,-0.29620930197941375,0.18420030976562501,26.92008856414064
9,11,6,51.13274883219548,3.2609020796389077,0.6925621323326541,-0.22689901765756698,0.18506887324218751,28.778743752265644
9,11,7,51.13274883219548,3.2609020796389077,0.6696825387556973,-0.21963812884878284,0.18036230449218751,29.777826992773456
9,11,8,51.13274883219548,3.2609020796389077,0.6656245522159454,-0.2059675061062492,0.1796458787109375,30.427284171875023
9,11,9,51.13274883219548,3.2609020796389077,0.7124908489115975,-0.2573379953977821,0.1701077611328125,28.186258023710955
9,11,10,51.13274883219548,3.2609020796389077,0.8443388773855065,-0.3954290695296207,0.17646929101562503,23.904079787539082
9,11,11,51.13274883219548,3.2609020796389077,0.8565758386994871,-0.3827061451805595,0.1746995109375,23.58147744675783
9,11,12,51.13274883219548,3.2609020796389077,0.8390290992615193,-0.36275621151446036,0.16966352402343754,24.65857432343752
9,11,13,51.13274883219548,3.2609020796389077,0.8736237368973577,-0.40402703808031104,0.16747511230468748,24.955154316640645
9,12,0,51.13274883219548,3.2609020796389077,0.6061527243989754,-0.10865072296522553,0.18334187714843753,30.662433266562523
9,12,1,51.13274883219548,3.2609020796389077,0.4645705309432244,-0.04167159277252391,0.15542021621093752,32.53942025726565
9,12,2,51.13274883219548,3.2609020796389077,0.5763335049193936,-0.09675012430457705,0.1748681013671875,31.15758553496096
9,12,3,51.13274883219548,3.2609020796389077,0.6362129067124266,-0.16124875776263942,0.17765549394531252,29.29200084535158
9,12,4,51.13274883219548,3.2609020796389077,0.6278772178781918,-0.140108502634928,0.178888135546875,29.24307375828127
9,12,5,51.13274883219548,3.2609020796389077,0.6611947538058426,-0.19386360266068797,0.17996716582031252,28.2848131589844
9,12,6,51.13274883219548,3.2609020796389077,0.6288977049653725,-0.14549803882907414,0.18031808359375,29.87349149785158
9,12,7,51.13274883219548,3.2609020796389077,0.6196011669655949,-0.12010857114956874,0.18458670644531253,30.02396448769533
9,12,8,51.13274883219548,3.2609020796389077,0.6107975682381241,-0.14219289924903736,0.17247853847656253,34.77653437472658
9,12,9,51.13274883219548,3.2609020796389077,0.6965550663216364,-0.2273424062707867,0.16753640000000003,30.249914301992206
9,12,10,51.13274883219548,3.2609020796389077,0.8089962363429823,-0.3436101806662911,0.16741298378906252,24.97813249015627
9,12,11,51.13274883219548,3.2609020796389077,0.8030774298184842,-0.3086089386993717,0.166104330859375,25.454792736289086
9,12,12,51.13274883219548,3.2609020796389077,0.8595882767654499,-0.38729740385104083,0.164703369140625,23.997247535820332
9,12,13,51.13274883219548,3.2609020796389077,0.8209620015014767,-0.3363794042641373,0.14796596152343752,23.850492977890646
9,13,0,51.13274883219548,3.2609020796389077,0.6199559824721338,-0.18902418318138792,0.162160661328125,30.672894276992203
9,13,1,51.13274883219548,3.2609020796389077,0.6050775744351977,-0.17909147155375627,0.148709,31.202346910156272
9,13,2,51.13274883219548,3.2609020796389077,0.6385536605286776,-0.18506764175503487,0.1711284412109375,28.809866426562518
9,13,3,51.13274883219548,3.2609020796389077,0.6275917248626461,-0.14712480424326735,0.1722609548828125,30.21706259023439
9,13,4,51.13274883219548,3.2609020796389077,0.6217793604865332,-0.14659100112841153,0.173212320703125,30.448313005859394
9,13,5,51.13274883219548,3.2609020796389077,0.5908541578107736,-0.1392910420225972,0.18690374257812503,29.455798772539083
9,13,6,51.13274883219548,3.2609020796389077,0.6607861006280809,-0.1978378202473542,0.1754529607421875,28.906612414531267
9,13,7,51.13274883219548,3.2609020796389077,0.6836209212324965,-0.2135357198788599,0.161198912890625,28.133812779335955
9,13,8,51.13274883219548,3.2609020796389077,0.6131234627139115,-0.15223670305207826,0.15535966933593753,29.53980729535158
9,13,9,51.13274883219548,3.2609020796389077,0.7690355353631626,-0.3052223560194319,0.16573102851562502,25.697378694804705
9,13,10,51.13274883219548,3.2609020796389077,0.7840966777662042,-0.3155261921986541,0.16709510664062502,25.05284827109377
9,13,11,51.13274883219548,3.2609020796389077,0.8361249519253995,-0.38259794404434644,0.15344440859375003,23.243093466757834
9,13,12,51.13274883219548,3.2609020796389077,0.8490761115384529,-0.3709289920123171,0.1576790712890625,23.846761194335954
9,13,13,51.13274883219548,3.2609020796389077,0.8272183023794499,-0.36520966373907016,0.14553134472656248,23.326454435000016
10,0,0,50.830916277398494,3.5492629114944707,0.693584858556165,-0.2690042400185666,0.19666699179687502,29.18811172964846
10,0,1,50.830916277398494,3.5492629114944707,0.6514353818359968,-0.22299136992964053,0.187140636328125,29.695427342656266
10,0,2,50.830916277398494,3.5492629114944707,0.5136652869527726,-0.1179362487143838,0.19385181464843754,30.43417361843752
10,0,3,50.830916277398494,3.5492629114944707,0.5645546143625562,-0.18366996249745676,0.21517813046875,31.006091144609393
10,0,4,50.830916277398494,3.5492629114944707,0.3808084287128142,-0.0013133630653808896,0.207346326171875,31.473652247656272
10,0,5,50.830916277398494,3.5492629114944707,0.5874707818562188,-0.19710276380347858,0.20765429355468754,30.50611893394533
10,0,6,50.830916277398494,3.5492629114944707,0.6106465407748798,-0.2153086102084996,0.216594605078125,29.922365178359392
10,0,7,50.830916277398494,3.5492629114944707,0.5667415202867296,-0.2179116981867557,0.207212101953125,30.360532644570334
10,0,8,50.830916277398494,3.5492629114944707,0.5591237108206102,-0.14235304529924658,0.20080747109375002,30.36607357542971
10,0,9,50.830916277398494,3.5492629114944707,0.6411980770399888,-0.250749916940302,0.1999071744140625,29.08443624019533
10,0,10,50.830916277398494,3.5492629114944707,0.5504737387245499,-0.10537835156478473,0.193424894921875,30.79207102121096
10,0,11,50.830916277398494,3.5492629114944707,0.4858221115656506,-0.10511200140395158,0.19576127871093751,31.61806359265627
10,0,12,50.830916277398494,3.5492629114944707,0.32972852851544965,0.022813895584731292,0.1594465564453125,36.83542411730471
10,0,13,50.830916277398494,3.5492629114944707,0.2160759420538797,-0.012559672167409355,0.17891341152343754,40.30736471796877
10,1,0,50.830916277398494,3.5492629114944707,0.5207163568275934,-0.10178191987223179,0.16588959902343753,32.432139824843766
10,1,1,50.830916277398494,3.5492629114944707,0.5754038561113722,-0.13468593340782858,0.16973327832031251,30.988633874492205
10,1,2,50.830916277398494,3.5492629114944707,0.5463417563693242,-0.12925628228687655,0.1758267775390625,31.462002941210955
10,1,3,50.830916277398494,3.5492629114944707,0.5938826507038639,-0.21896831088927665,0.22123120722656253,31.045718813984394
10,1,4,50.830916277398494,3.5492629114944707,0.6356015241388548,-0.2828274278021058,0.22775024296875002,30.54985223281252
10,1,5,50.830916277398494,3.5492629114944707,0.5913796891692622,-0.21094785098672889,0.21031251699218753,31.212667728359392
10,1,6,50.830916277398494,3.5492629114944707,0.5580596000890186,-0.09557682102854873,0.18957356054687502,31.27080744746096
10,1,7,50.830916277398494,3.5492629114944707,0.5491793798142578,-0.07823479035066669,0.18574300507812502,31.74578538687502
10,1,8,50.830916277398494,3.5492629114944707,0.6045929420271521,-0.1454663703617839,0.193865375,31.189669527382833
10,1,9,50.830916277398494,3.5492629114944707,0.5728677911359317,-0.1613285869288043,0.190842194921875,31.90913603410158
10,1,10,50.830916277398494,3.5492629114944707,0.4903915507517504,-0.10665518417656211,0.207378187890625,29.48594010125002
10,1,11,50.830916277398494,3.5492629114944707,0.5863736607451572,-0.18668045821696702,0.194618515625,30.325197527656268
10,1,12,50.830916277398494,3.5492629114944707,0.4953738621104114,-0.0804431897760679,0.176266315625,33.00897743058596
10,1,13,50.830916277398494,3.5492629114944707,0.4841586248719795,-0.09418968418361984,0.1451549546875,35.36169672839846
10,2,0,50.830916277398494,3.5492629114944707,0.6312171780552701,-0.1698444870953362,0.16835200820312501,30.359771601054707
10,2,1,50.830916277398494,3.5492629114944707,0.59006891134323,-0.18075851622946654,0.1862500240234375,30.53453122519533
10,2,2,50.830916277398494,3.5492629114944707,0.604669213433379,-0.1841753914072528,0.1929840935546875,30.547061739921894
10,2,3,50.830916277398494,3.5492629114944707,0.583943947768437,-0.181759522204618,0.2125759392578125,31.013594766640644
10,2,4,50.830916277398494,3.5492629114944707,0.6379307601581499,-0.2017643190117313,0.198790266796875,31.18519672777346
10,2,5,50.830916277398494,3.5492629114944707,0.6587932256060114,-0.22766826710330693,0.19913434902343752,30.742689978359394
10,2,6,50.830916277398494,3.5492629114944707,0.6125280519635885,-0.18784487900640515,0.19391345390625003,29.64411031191408
10,2,7,50.830916277398494,3.5492629114944707,0.6544182223277091,-0.22021488027342867,0.181730434765625,31.26915851984377
10,2,8,50.830916277398494,3.5492629114944707,0.5883161109484041,-0.14851770323480112,0.177351247265625,31.29237034707033
10,2,9,50.830916277398494,3.5492629114944707,0.5405863854162031,-0.1411805271015884,0.21586263242187498,31.11796454140627
10,2,10,50.830916277398494,3.5492629114944707,0.6070698186336713,-0.19569795331169879,0.18411557871093753,29.709186208320332
10,2,11,50.830916277398494,3.5492629114944707,0.6173705365830624,-0.19475262352919032,0.17038227578125,31.459125662656263
10,2,12,50.830916277398494,3.5492629114944707,0.43187757709582364,-0.011446725985107016,0.1579388306640625,36.00889748023439
10,2,13,50.830916277398494,3.5492629114944707,0.471320923581766,-0.05629355921439633,0.145704275,36.265001974882836
10,3,0,50.830916277398494,3.5492629114944707,0.6570676337281136,-0.21628783465214046,0.1766606236328125,28.803804781718767
10,3,1,50.830916277398494,3.5492629114944707,0.5515142799904144,-0.135817789423803,0.19472987597656252,31.854007109960953
10,3,2,50.830916277398494,3.5492629114944707,0.4916626865276704,-0.08655415938516506,0.20597246035156253,31.795820660117204
10,3,3,50.830916277398494,3.5492629114944707,0.6346542277820401,-0.19612147897878282,0.19587130703125002,30.78671033750002
10,3,4,50.830916277398494,3.5492629114944707,0.5958490380182939,-0.12881881245252016,0.1919237341796875,31.893074010429707
10,3,5,50.830916277398494,3.5492629114944707,0.5428138307211396,-0.15475459443874853,0.19990289765625002,31.653592308359393
10,3,6,50.830916277398494,3.5492629114944707,0.6265843447701576,-0.25065434053399416,0.2101848833984375,29.75044945367189
10,3,7,50.830916277398494,3.5492629114944707,0.6627459908874687,-0.2530196145912326,0.20505487441406253,30.422691207500023
10,3,8,50.830916277398494,3.5492629114944707,0.43168871177334023,-0.0648004603496401,0.2154651796875,33.31928958617189
10,3,9,50.830916277398494,3.5492629114944707,0.44469393800890655,-0.08612096508620329,0.21360405878906252,32.201884106445334
10,3,10,50.830916277398494,3.5492629114944707,0.48775930494467223,-0.07694039211761093,0.19781807988281253,32.01634303250002
10,3,11,50.830916277398494,3.5492629114944707,0.5114190297034394,-0.11599065159055384,0.1600178119140625,31.7828895961719
10,3,12,50.830916277398494,3.5492629114944707,0.5726897077999202,-0.20351090978931077,0.13652403110047848,28.555810529629653
10,3,13,50.830916277398494,3.5492629114944707,0.6296946286963488,-0.20864357658835475,0.14344255840336134,30.050320626289082
10,4,0,50.830916277398494,3.5492629114944707,0.5473194279356359,-0.1263554838870959,0.19436674160156253,30.161659957460955
10,4,1,50.830916277398494,3.5492629114944707,0.7102782762839377,-0.2890626647411013,0.1839003853515625,27.68010400343752
10,4,2,50.830916277398494,3.5492629114944707,0.5235642189769185,-0.1348071264066295,0.20395499218750002,31.43651465925783
10,4,3,50.830916277398494,3.5492629114944707,0.5120606507481018,-0.12025149113305468,0.2065478232421875,31.77019218593752
10,4,4,50.830916277398494,3.5492629114944707,0.48050799716359427,-0.09629872799157256,0.215451765625,33.670871662929706
10,4,5,50.830916277398494,3.5492629114944707,0.5479305788277986,-0.14471132892568841,0.2129387146484375,33.19730232160158
10,4,6,50.830916277398494,3.5492629114944707,0.5226667118300098,-0.13036354083397642,0.216812014453125,32.306641078789085
10,4,7,50.830916277398494,3.5492629114944707,0.48424331537167,-0.06510152401095637,0.18937655917968751,32.463936756992204
10,4,8,50.830916277398494,3.5492629114944707,0.4382273035622369,-0.04439929672459701,0.1884478046875,32.868638335976584
10,4,9,50.830916277398494,3.5492629114944707,0.5322536744795262,-0.16336869836071266,0.217350733203125,31.17235244949221
10,4,10,50.830916277398494,3.5492629114944707,0.5499946020449027,-0.13525751708409164,0.1936390580078125,31.547920748632833
10,4,11,50.830916277398494,3.5492629114944707,0.6681677686012252,-0.20530775866701673,0.16149332274509803,28.884495421835958
10,4,12,50.830916277398494,3.5492629114944707,0.6137247962024922,-0.27594734384690556,0.11930474315476192,26.796096079695452
10,4,13,50.830916277398494,3.5492629114944707,0.5846123097643898,-0.18705604963597433,0.1490419576744186,29.80357563171877
10,5,0,50.830916277398494,3.5492629114944707,0.6356705316142779,-0.2436981971118658,0.1972196111328125,27.90750247074221
10,5,1,50.830916277398494,3.5492629114944707,0.7554235525496205,-0.3299728861515118,0.1921666333984375,27.331459287617207
10,5,2,50.830916277398494,3.5492629114944707,0.7136063224918479,-0.26873518593133644,0.19645162578125,28.332431785273457
10,5,3,50.830916277398494,3.5492629114944707,0.6291714194807233,-0.18066081209513046,0.2008810171875,30.99983590097658
10,5,4,50.830916277398494,3.5492629114944707,0.5451286862673396,-0.09125382177488306,0.19848337363281252,31.923348855546894
10,5,5,50.830916277398494,3.5492629114944707,0.5620813252692738,-0.11401270797335834,0.19997423457031252,32.861455153320335
10,5,6,50.830916277398494,3.5492629114944707,0.6401884491351666,-0.17993558269977067,0.17865261015625,29.631760044335955
10,5,7,50.830916277398494,3.5492629114944707,0.482410175059631,-0.08166762032351742,0.17951739843750003,33.20314366437502
10,5,8,50.830916277398494,3.5492629114944707,0.4652805923897982,-0.06402382967272391,0.17609820546875002,33.67451666082033
10,5,9,50.830916277398494,3.5492629114944707,0.5215916422401107,-0.08794696478449462,0.17326869628906252,32.54922036148439
10,5,10,50.830916277398494,3.5492629114944707,0.63472797936974,-0.18507303068045694,0.174470185546875,30.55137431984377
10,5,11,50.830916277398494,3.5492629114944707,0.7518832894770715,-0.2730443840077208,0.17613613164062503,28.870876748398455
10,5,12,50.830916277398494,3.5492629114944707,0.5271120131910103,-0.1374113548853778,0.1807064998046875,32.91355325503908
10,5,13,50.830916277398494,3.5492629114944707,0.3470173340540657,-0.027400644736374723,0.18638979511718748,34.798277521484394
10,6,0,50.830916277398494,3.5492629114944707,0.609137720525937,-0.20200784706741115,0.19547542597656248,29.420770743359398
10,6,1,50.830916277398494,3.5492629114944707,0.5653729017740905,-0.13278573124214188,0.19434224375000003,30.21995989625002
10,6,2,50.830916277398494,3.5492629114944707,0.5979780957493068,-0.1866299634645847,0.20023415195312502,30.56817068375002
10,6,3,50.830916277398494,3.5492629114944707,0.5348554246860366,-0.15278729215037293,0.2074853119140625,31.835475032773452
10,6,4,50.830916277398494,3.5492629114944707,0.5582282133349469,-0.13715062385696467,0.19893828027343752,31.725183805390643
10,6,5,50.830916277398494,3.5492629114944707,0.608301160078129,-0.18170054502794242,0.19489539375000003,31.022139816640646
10,6,6,50.830916277398494,3.5492629114944707,0.5213563069999294,-0.0954743139957736,0.193343758984375,31.738301792304707
10,6,7,50.830916277398494,3.5492629114944707,0.5232763080007149,-0.08111947934343922,0.16959217382812503,32.00932674535158
10,6,8,50.830916277398494,3.5492629114944707,0.46916731942291257,-0.04087153834901623,0.16433233691406252,33.12662541195314
10,6,9,50.830916277398494,3.5492629114944707,0.556261657643875,-0.1589695535281233,0.19967719121093752,32.287635018359396
10,6,10,50.830916277398494,3.5492629114944707,0.6614669843182516,-0.22422274247484697,0.19569325097656248,30.956476448046892
10,6,11,50.830916277398494,3.5492629114944707,0.7745208226825855,-0.25455289221982436,0.189706612109375,30.354591164492206
10,6,12,50.830916277398494,3.5492629114944707,0.49682816362265414,-0.06943361157316505,0.16606362071713146,32.253454818359394
10,6,13,50.830916277398494,3.5492629114944707,0.3722617927163811,-0.023858520399282504,0.12477435605468751,39.48580489121095
10,7,0,50.830916277398494,3.5492629114944707,0.5285209104061414,-0.10983872033857028,0.17997812324218754,31.21746096734377
10,7,1,50.830916277398494,3.5492629114944707,0.607840977336568,-0.14769242167820779,0.18147814101562504,30.84388206265627
10,7,2,50.830916277398494,3.5492629114944707,0.6165696822594471,-0.2247275722713991,0.196723341796875,30.767951282421897
10,7,3,50.830916277398494,3.5492629114944707,0.5840862427729383,-0.2075031683902298,0.19387023789062502,30.693382369531268
10,7,4,50.830916277398494,3.5492629114944707,0.6051032018269322,-0.2091859998196352,0.1889545796875,31.00036329078127
10,7,5,50.830916277398494,3.5492629114944707,0.6762505525915895,-0.29485208483634606,0.221564528125,30.069106384648457
10,7,6,50.830916277398494,3.5492629114944707,0.5088776085820892,-0.10905120836170826,0.18984963164062502,31.913154877929706
10,7,7,50.830916277398494,3.5492629114944707,0.6585475339871446,-0.20718967647950073,0.183761835546875,30.47685213769533
10,7,8,50.830916277398494,3.5492629114944707,0.6172593795363999,-0.21939637198271955,0.1922217296875,31.011224850429706
10,7,9,50.830916277398494,3.5492629114944707,0.5272233906039082,-0.13594668781530597,0.21202690136718752,32.726556852265645
10,7,10,50.830916277398494,3.5492629114944707,0.7257095519851059,-0.23694845319106433,0.1901698046875,29.668063155195334
10,7,11,50.830916277398494,3.5492629114944707,0.719510452148067,-0.1897339595273705,0.19021783691406252,30.697988685546893
10,7,12,50.830916277398494,3.5492629114944707,0.3866010253764342,-0.025233418913219424,0.1507102102,37.3097277988672
10,7,13,50.830916277398494,3.5492629114944707,0.4571074146268359,-0.03903716445570089,0.1561728654296875,35.72921398824221
10,8,0,50.830916277398494,3.5492629114944707,0.6234403067252474,-0.17540785641192602,0.172479594140625,31.27831774531252
10,8,1,50.830916277398494,3.5492629114944707,0.5971872661245596,-0.140807409370587,0.193878604296875,30.79460115710939
10,8,2,50.830916277398494,3.5492629114944707,0.5296294347931042,-0.09338624318421729,0.18915866054687502,31.74111231265627
10,8,3,50.830916277398494,3.5492629114944707,0.5136780617602037,-0.0903791453182819,0.20037340312500002,32.00200337046877
10,8,4,50.830916277398494,3.5492629114944707,0.5281774721807297,-0.06754020282741675,0.1828109279296875,32.34481341933595
10,8,5,50.830916277398494,3.5492629114944707,0.5220150154390024,-0.12264236469747958,0.179290946484375,32.11389011890627
10,8,6,50.830916277398494,3.5492629114944707,0.713970939769827,-0.2551745534414732,0.17555375410156251,30.323448462734397
10,8,7,50.830916277398494,3.5492629114944707,0.7222351157851917,-0.2603340398089816,0.1560560400390625,30.12024984406252
10,8,8,50.830916277398494,3.5492629114944707,0.6833812395829112,-0.15703587432648916,0.178830315625,30.039078544882834
10,8,9,50.830916277398494,3.5492629114944707,0.5223475331941495,-0.052632227700581,0.1854355845703125,31.599471433085952
10,8,10,50.830916277398494,3.5492629114944707,0.5989499264445,-0.12345783382703088,0.18576396875,31.018848637226583
10,8,11,50.830916277398494,3.5492629114944707,0.5214906725772759,-0.07480823785585768,0.16096527128906252,31.60188140421877
10,8,12,50.830916277398494,3.5492629114944707,0.5224936483595625,-0.10979586612064421,0.1811932876953125,33.54250231414065
10,8,13,50.830916277398494,3.5492629114944707,0.6766160942156401,-0.17129439057038817,0.18209190585937501,31.86776597562502
10,9,0,50.830916277398494,3.5492629114944707,0.6380467321926087,-0.24821819775770865,0.20674840175781253,30.81192491082033
10,9,1,50.830916277398494,3.5492629114944707,0.572934523899713,-0.16542358032721785,0.208203143359375,31.630266992187515
10,9,2,50.830916277398494,3.5492629114944707,0.5862530798156969,-0.17254563540809037,0.195532228125,30.953178592812517
10,9,3,50.830916277398494,3.5492629114944707,0.5730389107040492,-0.1294359527155614,0.187774523046875,32.268255111992204
10,9,4,50.830916277398494,3.5492629114944707,0.5682878632490505,-0.1256398004799935,0.18732881250000002,32.68246305910158
10,9,5,50.830916277398494,3.5492629114944707,0.5225637092151936,-0.09792277949577437,0.19378299296875,33.36983889757814
10,9,6,50.830916277398494,3.5492629114944707,0.6661536457141375,-0.17395090425958254,0.18090255781250003,31.771046690937517
10,9,7,50.830916277398494,3.5492629114944707,0.7553251970149344,-0.2498195451563166,0.168527528125,29.318810939726582
10,9,8,50.830916277398494,3.5492629114944707,0.7517018645538751,-0.31330982784312733,0.1523627181640625,29.224935554492205
10,9,9,50.830916277398494,3.5492629114944707,0.6638969208075712,-0.2594187306551398,0.16198220546875,29.28267472437502
10,9,10,50.830916277398494,3.5492629114944707,0.6086100179420184,-0.1821868416133463,0.143289514453125,28.849761128750018
10,9,11,50.830916277398494,3.5492629114944707,0.4018049883742985,-0.011811637641045293,0.17641495605468752,33.10050960289064
10,9,12,50.830916277398494,3.5492629114944707,0.6131638811185776,-0.16507817340588965,0.18856873437500002,32.87571470550783
10,9,13,50.830916277398494,3.5492629114944707,0.5760477829866513,-0.16849008760935846,0.20423645703124998,32.144351886992204
10,10,0,50.830916277398494,3.5492629114944707,0.6274978331472783,-0.25144662209606305,0.20949200859375,29.61213980843752
10,10,1,50.830916277398494,3.5492629114944707,0.5361806789208508,-0.1623285852764697,0.21617180722656254,31.378795516835957
10,10,2,50.830916277398494,3.5492629114944707,0.5482505653336212,-0.14625868869962894,0.204082806640625,31.327204777460956
10,10,3,50.830916277398494,3.5492629114944707,0.5870688053451956,-0.23306655439840934,0.21240327441406254,31.144661146835954
10,10,4,50.830916277398494,3.5492629114944707,0.6261511080110448,-0.17381296788234477,0.173881197265625,31.790833822343767
10,10,5,50.830916277398494,3.5492629114944707,0.7182225210929768,-0.26065138179058056,0.17078417070312502,31.234751341953146
10,10,6,50.830916277398494,3.5492629114944707,0.6317583733420495,-0.13909017179511785,0.16763446777343752,33.07407335445314
10,10,7,50.830916277398494,3.5492629114944707,0.6986267911912806,-0.26627671330700475,0.16292149316406251,32.79161272121095
10,10,8,50.830916277398494,3.5492629114944707,0.6934887292730363,-0.25070850954872154,0.18296560781250001,34.34954223171877
10,10,9,50.830916277398494,3.5492629114944707,0.5465857078207331,-0.12624963821642304,0.1615985201171875,33.699644448476576
10,10,10,50.830916277398494,3.5492629114944707,0.5681615178151587,-0.10480005246470372,0.1689192646484375,30.70495156613283
10,10,11,50.830916277398494,3.5492629114944707,0.6015410863467902,-0.1790031521589508,0.17241263203125,28.787302153906268
10,10,12,50.830916277398494,3.5492629114944707,0.4948276999168221,-0.10345323461022485,0.18541546796875003,30.06784465460939
10,10,13,50.830916277398494,3.5492629114944707,0.6493956453820782,-0.22799515836794232,0.17726794843750002,29.27899634738283
10,11,0,50.830916277398494,3.5492629114944707,0.538383813167378,-0.13436524516255094,0.19147675800781253,29.39744542718752
10,11,1,50.830916277398494,3.5492629114944707,0.5706223725699926,-0.15972308059167145,0.213643215625,31.584944848085954
10,11,2,50.830916277398494,3.5492629114944707,0.5658794867557075,-0.17387308654210223,0.209013119921875,31.298645618164084
10,11,3,50.830916277398494,3.5492629114944707,0.6936523065787612,-0.3005069543657945,0.20397837675781252,29.728065428164083
10,11,4,50.830916277398494,3.5492629114944707,0.6515985347421037,-0.19201373992030907,0.185439962109375,30.715893235625018
10,11,5,50.830916277398494,3.5492629114944707,0.6998744348259898,-0.23320372382347276,0.15394138945312502,31.81255026582033
10,11,6,50.830916277398494,3.5492629114944707,0.5336078471038056,-0.14679948034957907,0.17042349431372547,31.697525881835954
10,11,7,50.830916277398494,3.5492629114944707,0.6026414905688131,-0.19042229171918593,0.17618748632812503,33.31002354757814
10,11,8,50.830916277398494,3.5492629114944707,0.5270869764665376,-0.08346501357599037,0.17734450625,34.20271423976564
10,11,9,50.830916277398494,3.5492629114944707,0.6252173690755694,-0.16024239195870868,0.17646569980468751,30.165778938593768
10,11,10,50.830916277398494,3.5492629114944707,0.5935322942731904,-0.12081065960287979,0.16656231601562502,29.810338237695333
10,11,11,50.830916277398494,3.5492629114944707,0.6830311131835513,-0.20378329708794063,0.16686677226562502,28.675962822734395
10,11,12,50.830916277398494,3.5492629114944707,0.6942944405800078,-0.189065679711299,0.1632574625,28.97603426996096
10,11,13,50.830916277398494,3.5492629114944707,0.6602425581807481,-0.1489259088501372,0.165550242578125,30.347901992539082
10,12,0,50.830916277398494,3.5492629114944707,0.5798755430664145,-0.17100259155539696,0.2065870736328125,30.420094313398454
10,12,1,50.830916277398494,3.5492629114944707,0.6187322501294028,-0.21421432635858817,0.202624612890625,30.527468207304707
10,12,2,50.830916277398494,3.5492629114944707,0.5990503748321441,-0.16199569604679662,0.1882632357421875,31.853332852109393
10,12,3,50.830916277398494,3.5492629114944707,0.7063483151340297,-0.29202695278165014,0.1558042533203125,28.446841993789082
10,12,4,50.830916277398494,3.5492629114944707,0.7740953558754496,-0.3597293257309151,0.1796256259765625,27.757249782968767
10,12,5,50.830916277398494,3.5492629114944707,0.6975706487587322,-0.24527814841457382,0.1831932263671875,30.45741214894533
10,12,6,50.830916277398494,3.5492629114944707,0.5397019399494092,-0.1244035113273471,0.173423704296875,31.39995786722658
10,12,7,50.830916277398494,3.5492629114944707,0.5064433275326564,-0.11723925833139978,0.1840199677734375,30.842453437109395
10,12,8,50.830916277398494,3.5492629114944707,0.5052897758188057,-0.1076379652024211,0.189791726953125,32.3963774554297
10,12,9,50.830916277398494,3.5492629114944707,0.630253491708662,-0.22229271221719898,0.1933636517578125,32.00154941468752
10,12,10,50.830916277398494,3.5492629114944707,0.5925719491502595,-0.17389112186447647,0.19617214140625,31.746045743867207
10,12,11,50.830916277398494,3.5492629114944707,0.5626776116006889,-0.1666193814487949,0.2203165736328125,31.749517170429705
10,12,12,50.830916277398494,3.5492629114944707,0.6035027616825616,-0.17187564879421927,0.18934162851562503,30.483855073203145
10,12,13,50.830916277398494,3.5492629114944707,0.7668429404746504,-0.3186610951739517,0.17084023398437503,26.30859009933596
10,13,0,50.830916277398494,3.5492629114944707,0.681677576103198,-0.22180121143801063,0.181416761328125,28.429905437656267
10,13,1,50.830916277398494,3.5492629114944707,0.6407615700081781,-0.1966408003570615,0.17262477832031253,29.272881295976582
10,13,2,50.830916277398494,3.5492629114944707,0.5723807284881164,-0.12246106338453933,0.171638272265625,31.19569779312502
10,13,3,50.830916277398494,3.5492629114944707,0.6852555592979405,-0.25142387857930115,0.159875312890625,29.516555413203143
10,13,4,50.830916277398494,3.5492629114944707,0.5633948346179262,-0.11512555666320515,0.18125191562499998,31.732827619648454
10,13,5,50.830916277398494,3.5492629114944707,0.43260433009733534,-0.014164611113324687,0.1887833521484375,33.54410451101564
10,13,6,50.830916277398494,3.5492629114944707,0.5877619872999857,-0.20739810547214513,0.21160117226562503,31.973143799257834
10,13,7,50.830916277398494,3.5492629114944707,0.564803125993617,-0.2184217366820031,0.20683478710937503,30.72081331519533
10,13,8,50.830916277398494,3.5492629114944707,0.4484384103575144,-0.09354768845320185,0.213831384375,33.266303600351584
10,13,9,50.830916277398494,3.5492629114944707,0.6423495198369993,-0.2457847872618655,0.20691968691406248,31.910297626835952
10,13,10,50.830916277398494,3.5492629114944707,0.5076472829613179,-0.12261160030681904,0.187177598046875,31.61419829269533
10,13,11,50.830916277398494,3.5492629114944707,0.5187848776168833,-0.133120627540114,0.200985091015625,31.369803186875025
10,13,12,50.830916277398494,3.5492629114944707,0.6317292114137607,-0.21128889460410236,0.17971683945312503,29.232051978945336
10,13,13,50.830916277398494,3.5492629114944707,0.6622546218920549,-0.24006068952300125,0.16860906054687502,29.51130821843752
11,0,0,50.830916277398494,5.567788734483412,0.6156572872147796,-0.23513069080113685,0.175070436328125,28.359482209179703
11,0,1,50.830916277398494,5.567788734483412,0.5186752214690109,-0.1368855071341677,0.18243414980468753,29.29643359003908
11,0,2,50.830916277398494,5.567788734483412,0.7534116898161933,-0.3139179975862338,0.173140032421875,27.55051297953127
11,0,3,50.830916277398494,5.567788734483412,0.5579981373014351,-0.14623500206632134,0.18803719140625003,31.088063542226582
11,0,4,50.830916277398494,5.567788734483412,0.6391855616355052,-0.23778607070992355,0.2058445568359375,28.305841992968766
11,0,5,50.830916277398494,5.567788734483412,0.587047450118018,-0.24459440090875822,0.20465837187500002,27.82887465910158
11,0,6,50.830916277398494,5.567788734483412,0.7850617870684052,-0.386651948290073,0.1986154330078125,26.63760790343752
11,0,7,50.830916277398494,5.567788734483412,0.5573692092777007,-0.12199544620841378,0.159392783203125,30.62649732582033
11,0,8,50.830916277398494,5.567788734483412,0.5859000056750918,-0.134385598329058,0.18646572402343753,29.59010960140627
11,0,9,50.830916277398494,5.567788734483412,0.4902390683508329,-0.11006716031159215,0.2038058158203125,29.392017985273455
11,0,10,50.830916277398494,5.567788734483412,0.5358232239047145,-0.18825124881482003,0.2118527365234375,28.782829354296894
11,0,11,50.830916277398494,5.567788734483412,0.4320103470135479,-0.054144134761766605,0.1941455486328125,29.69291723421877
11,0,12,50.830916277398494,5.567788734483412,0.5086206903095045,-0.13005098996743586,0.1931470890625,29.486260540625018
11,0,13,50.830916277398494,5.567788734483412,0.40082383750892203,-0.010744207760665354,0.18698128789062501,30.259574213984394
11,1,0,50.830916277398494,5.567788734483412,0.5945505311675372,-0.16711479488220038,0.17647637832031254,29.188832718242203
11,1,1,50.830916277398494,5.567788734483412,0.5277436333594198,-0.10371699293977885,0.1672876341796875,30.943552059921892
11,1,2,50.830916277398494,5.567788734483412,0.7334119155544641,-0.2984199346154649,0.172035565625,29.05462870250002
11,1,3,50.830916277398494,5.567788734483412,0.5366411783770508,-0.14882367895601778,0.19157001640625,28.928475726054707
11,1,4,50.830916277398494,5.567788734483412,0.6220529720026934,-0.20156818112613026,0.18882325664062505,29.052772824453143
11,1,5,50.830916277398494,5.567788734483412,0.6224302686278108,-0.27766063329329654,0.20854318066406252,26.576664339804704
11,1,6,50.830916277398494,5.567788734483412,0.5416905699648668,-0.17717724714664496,0.19536604609375002,27.046007886875017
11,1,7,50.830916277398494,5.567788734483412,0.6667277847687239,-0.2790340639892633,0.192578137890625,27.482145903710958
11,1,8,50.830916277398494,5.567788734483412,0.6438568572124643,-0.28275886574775355,0.20876291503906252,27.114435045078142
11,1,9,50.830916277398494,5.567788734483412,0.645663699443668,-0.2814353741932254,0.2077467728515625,27.969674385312523
11,1,10,50.830916277398494,5.567788734483412,0.6221098070428852,-0.26789297992115324,0.21574944687500003,28.274659236289082
11,1,11,50.830916277398494,5.567788734483412,0.5468421079248877,-0.18442122169746333,0.196130385546875,28.776313753671893
11,1,12,50.830916277398494,5.567788734483412,0.5391604818601847,-0.16333355465803845,0.19533389785156252,29.08171250550783
11,1,13,50.830916277398494,5.567788734483412,0.5170719461293368,-0.12306499789399684,0.1917681298828125,30.03618791468752
11,2,0,50.830916277398494,5.567788734483412,0.6226465891443472,-0.17987386530496574,0.181020004296875,30.58040746238283
11,2,1,50.830916277398494,5.567788734483412,0.5667727094549457,-0.1025967145507127,0.165833078515625,32.40074344191409
11,2,2,50.830916277398494,5.567788734483412,0.49630160872844803,-0.08634355542578688,0.1713502337890625,30.855357797773458
11,2,3,50.830916277398494,5.567788734483412,0.5843498857368594,-0.19317799176391398,0.19923929023437503,28.408816521289083
11,2,4,50.830916277398494,5.567788734483412,0.6496859781837624,-0.24808780096066027,0.1948256484375,27.98326635546877
11,2,5,50.830916277398494,5.567788734483412,0.6612234857052004,-0.32206542345858824,0.21573750839843753,26.623682142265643
11,2,6,50.830916277398494,5.567788734483412,0.6002075992046813,-0.2078249411543173,0.184322218359375,28.26297655074221
11,2,7,50.830916277398494,5.567788734483412,0.5688288423175807,-0.16349029408543486,0.18268014609375,29.352897678242204
11,2,8,50.830916277398494,5.567788734483412,0.6246764846362625,-0.20996543301927736,0.18757659843750002,29.323537420507833
11,2,9,50.830916277398494,5.567788734483412,0.5427238059688142,-0.16095944553748845,0.19941403007812503,30.28105700375002
11,2,10,50.830916277398494,5.567788734483412,0.584607927220856,-0.27022059902659545,0.19974453496093753,28.728294578164082
11,2,11,50.830916277398494,5.567788734483412,0.648490579731145,-0.2786857282624189,0.213899833203125,28.529935929218766
11,2,12,50.830916277398494,5.567788734483412,0.5712073259969221,-0.1619261195086225,0.1906156796875,29.69010671386721
11,2,13,50.830916277398494,5.567788734483412,0.6004324556213276,-0.19749109889760585,0.19609811484375,30.06999426875002
11,3,0,50.830916277398494,5.567788734483412,0.523688173716464,-0.10381961861029204,0.1942354673828125,29.20299213312502
11,3,1,50.830916277398494,5.567788734483412,0.5664717531337685,-0.1963029092701221,0.203572154296875,28.536091035546896
11,3,2,50.830916277398494,5.567788734483412,0.6377766120786106,-0.23087332609449818,0.201678294921875,28.773943837460955
11,3,3,50.830916277398494,5.567788734483412,0.5433790242525198,-0.09816153570775757,0.17162238652343753,30.830537097851582
11,3,4,50.830916277398494,5.567788734483412,0.6109813078671871,-0.1776552733025267,0.1904668642578125,29.801265797890643
11,3,5,50.830916277398494,5.567788734483412,0.6034696890452314,-0.23549706074478854,0.2135219142578125,28.25706177394533
11,3,6,50.830916277398494,5.567788734483412,0.6126948439843716,-0.22617214059978963,0.199999172265625,28.108204332617206
11,3,7,50.830916277398494,5.567788734483412,0.5993764542254953,-0.14962808863684768,0.17077699707031252,30.07331882726564
11,3,8,50.830916277398494,5.567788734483412,0.49010538075879184,-0.048308687700173374,0.16247144062500002,32.42735993750002
11,3,9,50.830916277398494,5.567788734483412,0.500709811159193,-0.11088116521292042,0.1961044037109375,30.887615361523455
11,3,10,50.830916277398494,5.567788734483412,0.49677510004249503,-0.17040200527378768,0.20980424335937503,30.000178539921897
11,3,11,50.830916277398494,5.567788734483412,0.4345874279335954,-0.0896333583185429,0.209960187890625,32.08083145671877
11,3,12,50.830916277398494,5.567788734483412,0.5380816968226132,-0.11471026890590844,0.17752112187500002,31.25265589203127
11,3,13,50.830916277398494,5.567788734483412,0.5812688390436533,-0.1445279074188005,0.16401025468750002,30.07638302878908
11,4,0,50.830916277398494,5.567788734483412,0.6311022791869266,-0.12815652232623778,0.164895462109375,29.16424567203127
11,4,1,50.830916277398494,5.567788734483412,0.5630673990683741,-0.18100320869145514,0.211298400390625,29.333898293632835
11,4,2,50.830916277398494,5.567788734483412,0.5856343752162231,-0.21820380485273505,0.20705139589843752,28.43292958425783
11,4,3,50.830916277398494,5.567788734483412,0.5346262011289948,-0.1028099823603653,0.1726857595703125,30.363369868203144
11,4,4,50.830916277398494,5.567788734483412,0.423719009797348,-0.06620662375454497,0.1757868841796875,33.36053280406252
11,4,5,50.830916277398494,5.567788734483412,0.5913844919648399,-0.24323620066038,0.2098129078125,29.373499259726582
11,4,6,50.830916277398494,5.567788734483412,0.6454582770321309,-0.25071178045697234,0.20270647734375002,27.59476699238283
11,4,7,50.830916277398494,5.567788734483412,0.5757204561060203,-0.2021757780222292,0.20067847226562502,29.023359160156268
11,4,8,50.830916277398494,5.567788734483412,0.6506440112444596,-0.22413579629415342,0.19407902578125003,29.415550251875015
11,4,9,50.830916277398494,5.567788734483412,0.44519450022299933,-0.06421960262590373,0.19620630000000003,30.376033899335955
11,4,10,50.830916277398494,5.567788734483412,0.5243392877872161,-0.1596624379282544,0.21493114472656252,29.739153965703146
11,4,11,50.830916277398494,5.567788734483412,0.6567840320602298,-0.2917016647288798,0.2290104775390625,29.829424407968766
11,4,12,50.830916277398494,5.567788734483412,0.6342165182494293,-0.268970830212075,0.1947539041015625,29.20392674796877
11,4,13,50.830916277398494,5.567788734483412,0.6145002288377545,-0.23129509850088129,0.20457353515625,29.147282412617205
11,5,0,50.830916277398494,5.567788734483412,0.6194575614204594,-0.10674245008747892,0.16681088046875,29.641233033359395
11,5,1,50.830916277398494,5.567788734483412,0.5891024252083756,-0.16068715147778911,0.189041250390625,28.839727370820334
11,5,2,50.830916277398494,5.567788734483412,0.7110998622706086,-0.29402105361691155,0.20851100234375003,28.145028157460956
11,5,3,50.830916277398494,5.567788734483412,0.5177219247358816,-0.06548744234949988,0.1698125388671875,31.28152213906252
11,5,4,50.830916277398494,5.567788734483412,0.5176376271933991,-0.066301342616555,0.15829897167968754,32.72421363933596
11,5,5,50.830916277398494,5.567788734483412,0.5663642440365545,-0.1976106780504132,0.1942841580078125,32.02902041527346
11,5,6,50.830916277398494,5.567788734483412,0.5717794571024384,-0.19450308593322535,0.21791630527343753,30.04769702890627
11,5,7,50.830916277398494,5.567788734483412,0.4971987061916051,-0.12449329447713331,0.2122802435546875,29.86852468753908
11,5,8,50.830916277398494,5.567788734483412,0.6067307189776274,-0.221205744083613,0.196877669140625,29.93581695628908
11,5,9,50.830916277398494,5.567788734483412,0.5272275588592725,-0.14999698818095453,0.1969399927734375,30.58525410792971
11,5,10,50.830916277398494,5.567788734483412,0.60689472013916,-0.16650349121320585,0.1770794326171875,30.26725140734377
11,5,11,50.830916277398494,5.567788734483412,0.6451428213556949,-0.29821967992294574,0.19497329296875002,30.022422373203142
11,5,12,50.830916277398494,5.567788734483412,0.45214890904324917,-0.11918446636797486,0.21482007734375003,30.545045642187517
11,5,13,50.830916277398494,5.567788734483412,0.5724203508096992,-0.2274099270293069,0.217222637109375,28.27628146062502
11,6,0,50.830916277398494,5.567788734483412,0.5528165966448408,-0.07051308052264356,0.1749233578125,30.37535296566408
11,6,1,50.830916277398494,5.567788734483412,0.6842264491963819,-0.27917257056434075,0.19088158437500002,28.390451339609392
11,6,2,50.830916277398494,5.567788734483412,0.6705405815196284,-0.27463917243438013,0.20457186171875,28.492564687109393
11,6,3,50.830916277398494,5.567788734483412,0.6834840564382506,-0.2803456669999912,0.19004246386718754,28.942514976171893
11,6,4,50.830916277398494,5.567788734483412,0.5070209367336987,-0.0480936938830243,0.1619242701171875,31.872185368671893
11,6,5,50.830916277398494,5.567788734483412,0.49722792250434233,-0.07925129875590087,0.17014311972656251,32.74795953218752
11,6,6,50.830916277398494,5.567788734483412,0.5778505183835506,-0.1811267731054557,0.18361223906250002,30.131131431171895
11,6,7,50.830916277398494,5.567788734483412,0.6371652630429729,-0.2734410006713186,0.21039856113281252,27.864670407617208
11,6,8,50.830916277398494,5.567788734483412,0.5700181026694309,-0.1610351378967122,0.20622481679687502,31.412641925820328
11,6,9,50.830916277398494,5.567788734483412,0.45069045459289836,-0.05520986256352897,0.1651550140625,34.71991674265627
11,6,10,50.830916277398494,5.567788734483412,0.4425360314329634,-0.022048254267584347,0.15310858808593752,33.59231728531252
11,6,11,50.830916277398494,5.567788734483412,0.5236514132588101,-0.14408292860365698,0.18882871660156253,30.39385166375002
11,6,12,50.830916277398494,5.567788734483412,0.5640332244971541,-0.2437099517951177,0.218731648828125,26.793735313085957
11,6,13,50.830916277398494,5.567788734483412,0.6688960023827746,-0.3108496865496088,0.21301555527343752,27.39852457847658
11,7,0,50.830916277398494,5.567788734483412,0.6029823802776646,-0.18947822711043272,0.1984152177734375,28.792662837617204
11,7,1,50.830916277398494,5.567788734483412,0.5312061397332766,-0.12041066457802498,0.19275383125,29.17287750769533
11,7,2,50.830916277398494,5.567788734483412,0.6123149397687486,-0.14915301144808538,0.164112840234375,30.162748116171898
11,7,3,50.830916277398494,5.567788734483412,0.6138237178664403,-0.16677974501055698,0.1678276771484375,28.926065754921893
11,7,4,50.830916277398494,5.567788734483412,0.52161899718333,-0.05207374292990738,0.17736814140625,29.99215420390627
11,7,5,50.830916277398494,5.567788734483412,0.5470837641073221,-0.10971252494174433,0.17989421738281253,29.33523345769533
11,7,6,50.830916277398494,5.567788734483412,0.6047314743677044,-0.2323784207416173,0.20152308359374999,27.823093398710956
11,7,7,50.830916277398494,5.567788734483412,0.4662654138865243,-0.10196831746923814,0.20776566132812502,29.815238289804704
11,7,8,50.830916277398494,5.567788734483412,0.4492655084367662,-0.07583267777052113,0.19346687929687503,31.867345398945332
11,7,9,50.830916277398494,5.567788734483412,0.4111019514413422,-0.03004511403525302,0.16484734824218752,34.02752736312502
11,7,10,50.830916277398494,5.567788734483412,0.5267630326046502,-0.12596236655366816,0.1952459859375,30.229265989765643
11,7,11,50.830916277398494,5.567788734483412,0.44549358484896373,-0.12006877143225572,0.19830485937500003,29.945950851523456
11,7,12,50.830916277398494,5.567788734483412,0.7116231852591194,-0.35233956913331177,0.21223411523437502,26.82617979980471
11,7,13,50.830916277398494,5.567788734483412,0.5778610233214663,-0.17427735439965164,0.187053200390625,29.262667290898456
11,8,0,50.830916277398494,5.567788734483412,0.7038081487556503,-0.29384648009924486,0.18600475234375002,27.226682287812515
11,8,1,50.830916277398494,5.567788734483412,0.6736117655156603,-0.30734732407664256,0.18478461835937504,27.514083028085956
11,8,2,50.830916277398494,5.567788734483412,0.6555549276876445,-0.2503600270845846,0.1933706255859375,28.27521332937502
11,8,3,50.830916277398494,5.567788734483412,0.5921867579935658,-0.2194583285270501,0.20377820097656252,27.30974951996096
11,8,4,50.830916277398494,5.567788734483412,0.43805373296503597,-0.08843752902399765,0.20279684882812501,25.779003949765645
11,8,5,50.830916277398494,5.567788734483412,0.49852032416522823,-0.13593488734544878,0.1934409115234375,27.879116882773452
11,8,6,50.830916277398494,5.567788734483412,0.4824365408217176,-0.11317036658103558,0.19427152832031253,28.49512152628908
11,8,7,50.830916277398494,5.567788734483412,0.43925961249932,-0.11171891136514141,0.19707085976562502,28.929503802382833
11,8,8,50.830916277398494,5.567788734483412,0.6520725858865382,-0.29625726223511367,0.21055466269531253,28.626661889726577
11,8,9,50.830916277398494,5.567788734483412,0.6461825173995297,-0.24719732170924666,0.1908675591796875,28.672017412929705
11,8,10,50.830916277398494,5.567788734483412,0.6815974510024663,-0.33779118017594134,0.2205842869140625,27.565079619453144
11,8,11,50.830916277398494,5.567788734483412,0.7023854655315785,-0.3449810581926863,0.20961555742187504,27.197108403828143
11,8,12,50.830916277398494,5.567788734483412,0.4753873060389821,-0.12409948500937015,0.20591961835937503,29.185414698242205
11,8,13,50.830916277398494,5.567788734483412,0.559826984454127,-0.21070119226718045,0.22283113046875003,26.848230034296897
11,9,0,50.830916277398494,5.567788734483412,0.7360734953293242,-0.30907696480640534,0.16514716542968752,28.14138315957033
11,9,1,50.830916277398494,5.567788734483412,0.6874979311071328,-0.23741906313051936,0.16930977949218753,26.79135204523439
11,9,2,50.830916277398494,5.567788734483412,0.6790851764409647,-0.23278530212918155,0.1735696703125,27.59192976875002
11,9,3,50.830916277398494,5.567788734483412,0.5126404974313501,-0.16288547077422505,0.18936306054687502,28.239230657890644
11,9,4,50.830916277398494,5.567788734483412,0.48716732238878424,-0.10295561069824954,0.19909119902343753,27.271757426562516
11,9,5,50.830916277398494,5.567788734483412,0.5219222791587748,-0.13490092044225924,0.219612741015625,28.119339600898456
11,9,6,50.830916277398494,5.567788734483412,0.48847163281467,-0.1291909516120148,0.20836613242187502,28.20560455097658
11,9,7,50.830916277398494,5.567788734483412,0.6130756201571984,-0.24336910390544314,0.2061704423828125,28.299713589921893
11,9,8,50.830916277398494,5.567788734483412,0.656947965392488,-0.2756128528982399,0.21344941562500003,29.585756966562517
11,9,9,50.830916277398494,5.567788734483412,0.5825365656572417,-0.2199422177132156,0.208243562890625,28.12543462484377
11,9,10,50.830916277398494,5.567788734483412,0.6121189913509192,-0.24586601390165183,0.1946060185546875,28.51213151644533
11,9,11,50.830916277398494,5.567788734483412,0.5810707604739203,-0.2356902954234717,0.20358340468750002,29.655238904375018
11,9,12,50.830916277398494,5.567788734483412,0.46217749403342995,-0.1225771036643262,0.21087842109375002,27.339864145390642
11,9,13,50.830916277398494,5.567788734483412,0.575526114024731,-0.2154436694668453,0.2124976142578125,28.299713589921893
11,10,0,50.830916277398494,5.567788734483412,0.5746059446321479,-0.1833114416023645,0.18930851035156251,29.739821547734397
11,10,1,50.830916277398494,5.567788734483412,0.5874177488298339,-0.11969326317797815,0.1633582837890625,29.80752771734377
11,10,2,50.830916277398494,5.567788734483412,0.574996999796152,-0.12313930435314935,0.1623730591796875,30.796897639296894
11,10,3,50.830916277398494,5.567788734483412,0.5060489907221503,-0.10271029556236985,0.1886501408203125,27.99181808128908
11,10,4,50.830916277398494,5.567788734483412,0.5350843971786869,-0.15693560347047197,0.2156555140625,27.820249499257834
11,10,5,50.830916277398494,5.567788734483412,0.40763148722969045,-0.059376444711469446,0.22182807187500003,28.704047998789086
11,10,6,50.830916277398494,5.567788734483412,0.560951370444599,-0.21136337595979623,0.2089780689453125,29.018085262109395
11,10,7,50.830916277398494,5.567788734483412,0.5671657625262,-0.1416400807891811,0.1788122833984375,28.97079375101565
11,10,8,50.830916277398494,5.567788734483412,0.6208767755361312,-0.22181778194203086,0.20508667792968752,30.010045402343767
11,10,9,50.830916277398494,5.567788734483412,0.5707041759056684,-0.21277360055019467,0.21867292929687498,29.21191102906252
11,10,10,50.830916277398494,5.567788734483412,0.5483344306103818,-0.19065014315598974,0.189552716015625,31.384643535429706
11,10,11,50.830916277398494,5.567788734483412,0.3262537080800751,-0.04117936494705782,0.1766897724609375,34.89367499375001
11,10,12,50.830916277398494,5.567788734483412,0.5929759092169371,-0.21640443920206065,0.18528697890625,30.52077235953127
11,10,13,50.830916277398494,5.567788734483412,0.6100659691805125,-0.25975648160480247,0.20096388203125,28.260025838164076
11,11,0,50.830916277398494,5.567788734483412,0.5353047920090893,-0.18989308578630776,0.202046591015625,28.138212144921894
11,11,1,50.830916277398494,5.567788734483412,0.618477376057295,-0.24002886491217448,0.198570851171875,28.363320805859395
11,11,2,50.830916277398494,5.567788734483412,0.53041846599588,-0.09084529936221741,0.16782876992187498,31.639659871367208
11,11,3,50.830916277398494,5.567788734483412,0.55779794112751,-0.16245424558142643,0.19180344765625001,29.11845622050783
11,11,4,50.830916277398494,5.567788734483412,0.616384392182421,-0.24728896485196894,0.198852780078125,26.56612989535158
11,11,5,50.830916277398494,5.567788734483412,0.6305844297982885,-0.25384817063896886,0.2073179375,27.954139751445332
11,11,6,50.830916277398494,5.567788734483412,0.6257262359412543,-0.24337569200062364,0.20512851328125004,27.81492887046877
11,11,7,50.830916277398494,5.567788734483412,0.5216433340618117,-0.08604087052974661,0.17614931484375002,30.388424221835955
11,11,8,50.830916277398494,5.567788734483412,0.5134220875224493,-0.0910226264864195,0.16420154511718751,32.48385740480471
11,11,9,50.830916277398494,5.567788734483412,0.5681590710993155,-0.18270173292460395,0.20369768671875,29.49550655175783
11,11,10,50.830916277398494,5.567788734483412,0.5029216130604404,-0.11410914033709103,0.17649002558593752,31.42965191597658
11,11,11,50.830916277398494,5.567788734483412,0.5443267569363772,-0.13902844356449728,0.18102960468749998,31.174001377109395
11,11,12,50.830916277398494,5.567788734483412,0.48653035128562605,-0.08726908100310889,0.16151105390625,33.21481967410158
11,11,13,50.830916277398494,5.567788734483412,0.623182139049367,-0.21791696606947514,0.18682400781250003,29.99717442078127
11,12,0,50.830916277398494,5.567788734483412,0.6179453157268309,-0.23425276908631484,0.20831751171875001,28.182826652070332
11,12,1,50.830916277398494,5.567788734483412,0.6129605293260707,-0.25206443830215636,0.199754450390625,27.72969867253908
11,12,2,50.830916277398494,5.567788734483412,0.42188359964857947,-0.08926424615733604,0.18813035996093752,29.239815957968766
11,12,3,50.830916277398494,5.567788734483412,0.7167765721552534,-0.33821962058632005,0.20167022324218753,27.92529353187502
11,12,4,50.830916277398494,5.567788734483412,0.7623770327539745,-0.33335144759003116,0.16828617441406252,26.931437458671894
11,12,5,50.830916277398494,5.567788734483412,0.539484349243707,-0.16696429851447733,0.18907017343750002,28.771373646640644
11,12,6,50.830916277398494,5.567788734483412,0.540346676653386,-0.15590644625687528,0.1930165146484375,28.786734709179708
11,12,7,50.830916277398494,5.567788734483412,0.5512921484922336,-0.11293506867879691,0.1660664666015625,29.78127839187502
11,12,8,50.830916277398494,5.567788734483412,0.5107725901744217,-0.08790044461893153,0.166609287890625,33.30404201257815
11,12,9,50.830916277398494,5.567788734483412,0.5891769331941876,-0.20181268915057712,0.19623388964843752,29.707337006093773
11,12,10,50.830916277398494,5.567788734483412,0.5445186879879874,-0.1919700475132492,0.20510494003906254,29.316734759609396
11,12,11,50.830916277398494,5.567788734483412,0.5238189973572416,-0.17735557030065194,0.19899442148437502,30.714090764140643
11,12,12,50.830916277398494,5.567788734483412,0.5045043372435205,-0.1211988884115311,0.17147578125000001,31.912246966367203
11,12,13,50.830916277398494,5.567788734483412,0.5467927808234117,-0.1760258783169322,0.18624902109375002,31.22798206015627
11,13,0,50.830916277398494,5.567788734483412,0.6821100777136133,-0.2825308758424587,0.19271614960937503,28.097202580742206
11,13,1,50.830916277398494,5.567788734483412,0.6500719538601003,-0.23687163570593722,0.18331858554687502,27.475276484609395
11,13,2,50.830916277398494,5.567788734483412,0.5887054654783087,-0.12827393821594463,0.16530228574218753,31.491616880117206
11,13,3,50.830916277398494,5.567788734483412,0.5048780203614128,-0.13652526122285052,0.18750055605468752,32.642174483515646
11,13,4,50.830916277398494,5.567788734483412,0.369603067834683,-0.011125777370024157,0.2069585951171875,33.17992516132814
11,13,5,50.830916277398494,5.567788734483412,0.5627230375283173,-0.22188522941478023,0.205367212109375,29.15250290410158
11,13,6,50.830916277398494,5.567788734483412,0.4364449994576957,-0.08726380570925367,0.20056339980468751,29.698785280273455
11,13,7,50.830916277398494,5.567788734483412,0.5061390130389937,-0.07981692187061444,0.1785088845703125,31.657237306250018
11,13,8,50.830916277398494,5.567788734483412,0.605748832486362,-0.18703267446069755,0.18395348515625004,30.672093178554707
11,13,9,50.830916277398494,5.567788734483412,0.6335603965809767,-0.26060382340110844,0.21828289511718751,28.130575006484392
11,13,10,50.830916277398494,5.567788734483412,0.5793562977406186,-0.240526730099747,0.210348912109375,27.865331313828143
11,13,11,50.830916277398494,5.567788734483412,0.6628559601380388,-0.28959622170112265,0.199165119140625,29.413133604921896
11,13,12,50.830916277398494,5.567788734483412,0.4378298753632279,-0.09229359660430898,0.1965071666015625,31.89986331968752
11,13,13,50.830916277398494,5.567788734483412,0.6077076777755079,-0.22357735665401993,0.19542263417968753,30.979881874062517
12,0,0,51.313848365073675,4.2221048524907845,0.7201840325174612,-0.32923433786924394,0.180122657421875,26.98764118988283
12,0,1,51.313848365073675,4.2221048524907845,0.6418448456848744,-0.2343620736245277,0.14905834882812502,27.798546407421895
12,0,2,51.313848365073675,4.2221048524907845,0.6414554971466366,-0.2368505735124911,0.14642294277343754,28.375677749257832
12,0,3,51.313848365073675,4.2221048524907845,0.4995316473863265,-0.1057165441494575,0.165059097265625,30.56879821085939
12,0,4,51.313848365073675,4.2221048524907845,0.40644359963301735,-0.0014564536694707877,0.17092727363281252,31.547059567812518
12,0,5,51.313848365073675,4.2221048524907845,0.3856165240276607,0.005352795588961803,0.16668230019531252,32.16969997671877
12,0,6,51.313848365073675,4.2221048524907845,0.4988006348229364,-0.06025923975970192,0.1482757822265625,30.68530462695314
12,0,7,51.313848365073675,4.2221048524907845,0.45601344679246203,-0.06644628530242257,0.16867281210937501,31.37430936558595
12,0,8,51.313848365073675,4.2221048524907845,0.4590084453983058,-0.07478380884551006,0.1811178400390625,31.597054786132833
12,0,9,51.313848365073675,4.2221048524907845,0.6431058728341341,-0.2304696992474313,0.1822408833984375,28.12527440515627
12,0,10,51.313848365073675,4.2221048524907845,0.373001220968506,-0.13437107697883036,0.10555757005988026,26.46772558416669
12,0,11,51.313848365073675,4.2221048524907845,0.23776659646450227,-0.26188133489763193,0.06959655000000001,26.4415748994737
12,1,0,51.313848365073675,4.2221048524907845,0.7340746095838486,-0.3453403988854352,0.16534156796875002,26.404047653984392
12,1,1,51.313848365073675,4.2221048524907845,0.588286324710003,-0.1785666021044935,0.1502668501953125,28.528033320429707
12,1,2,51.313848365073675,4.2221048524907845,0.5832940025597331,-0.16982248839265512,0.168706203125,29.715554940898457
12,1,3,51.313848365073675,4.2221048524907845,0.44052034530694856,-0.030438725566907923,0.1730312228515625,31.828906025585958
12,1,4,51.313848365073675,4.2221048524907845,0.3653039014890592,0.015375822925530178,0.17617490234375,33.02066679195315
12,1,5,51.313848365073675,4.2221048524907845,0.39234880815954387,-0.01499121256080208,0.17122003300781252,32.014093281054706
12,1,6,51.313848365073675,4.2221048524907845,0.5013806425465057,-0.06509810109949336,0.158284130859375,31.66564883984377
12,1,7,51.313848365073675,4.2221048524907845,0.4071882520634333,-0.08759496218147136,0.1750501138671875,33.46601076500002
12,1,8,51.313848365073675,4.2221048524907845,0.4332199379677272,-0.07470071172091394,0.17426288769531253,32.658797276093765
12,1,9,51.313848365073675,4.2221048524907845,0.4532148374096727,-0.07435387215871589,0.18719842812499998,32.09428323464846
12,1,10,51.313848365073675,4.2221048524907845,0.683664235400509,-0.2591351594071193,0.17595675332031252,28.060699195273454
12,1,11,51.313848365073675,4.2221048524907845,0.349312722199126,-0.1711425653880267,0.09844812584541064,27.763785470132763
12,1,12,51.313848365073675,4.2221048524907845,0.2444920130403269,-0.061952121339004025,0.07184909285714287,26.77787443478263
12,2,0,51.313848365073675,4.2221048524907845,0.6055802356011377,-0.20268154119780468,0.15063264765625,29.00112200269533
12,2,1,51.313848365073675,4.2221048524907845,0.5416557242955811,-0.11424657273230027,0.16734315058593752,28.879962539843767
12,2,2,51.313848365073675,4.2221048524907845,0.47538523085386397,-0.07362505586751553,0.1753727083984375,30.661138157421895
12,2,3,51.313848365073675,4.2221048524907845,0.4991394846818982,-0.10771105100958585,0.1813172314453125,32.19342584210939
12,2,4,51.313848365073675,4.2221048524907845,0.5384502816181234,-0.11210560630003943,0.15729871894531253,31.417935851328146
12,2,5,51.313848365073675,4.2221048524907845,0.538705462912964,-0.09938930584199089,0.152346887109375,30.748551348593764
12,2,6,51.313848365073675,4.2221048524907845,0.4559639517154167,-0.08830206169306931,0.17824558691406253,31.717019277148452
12,2,7,51.313848365073675,4.2221048524907845,0.4709312817498753,-0.11027677669712382,0.16757361621093753,32.06821415632814
12,2,8,51.313848365073675,4.2221048524907845,0.5725341255603142,-0.14098618573516475,0.17623788066406254,31.678940398085956
12,2,9,51.313848365073675,4.2221048524907845,0.5862244958415672,-0.10923164466561339,0.1773573923828125,30.941422473242206
12,2,10,51.313848365073675,4.2221048524907845,0.5716169033047322,-0.10060480465915592,0.180920703515625,30.716680982421895
12,2,11,51.313848365073675,4.2221048524907845,0.5241231677892684,-0.12882738964396218,0.14860907441406251,32.02516846695315
12,2,12,51.313848365073675,4.2221048524907845,0.3188060681201072,-0.014993784657072911,0.11088572753164559,32.26673472220342
12,3,0,51.313848365073675,4.2221048524907845,0.5817861918439787,-0.20010877603255345,0.18831883671875002,30.729785617695327
12,3,1,51.313848365073675,4.2221048524907845,0.5020004113065302,-0.146855466329863,0.17953206738281252,31.684060752265644
12,3,2,51.313848365073675,4.2221048524907845,0.5731013817908489,-0.19276379319384138,0.1945539345703125,31.170282945195332
12,3,3,51.313848365073675,4.2221048524907845,0.6492897628942638,-0.2629122097056588,0.18927969101562497,30.693315611328142
12,3,4,51.313848365073675,4.2221048524907845,0.5606223864615965,-0.15804667067928643,0.18969818261718752,31.2135222333594
12,3,5,51.313848365073675,4.2221048524907845,0.6500413987939453,-0.19016735766036377,0.17279411738281253,31.171357752265646
12,3,6,51.313848365073675,4.2221048524907845,0.5315601335694543,-0.11464244050449718,0.174440035546875,31.53338081199221
12,3,7,51.313848365073675,4.2221048524907845,0.5579993473112728,-0.12625925164580348,0.17473046113281251,31.346404436679705
12,3,8,51.313848365073675,4.2221048524907845,0.6524335604415834,-0.2406490408202125,0.15570354765625002,29.14257595929689
12,3,9,51.313848365073675,4.2221048524907845,0.5239593378757096,-0.14296193985397188,0.1642209462890625,30.173008851992208
12,3,10,51.313848365073675,4.2221048524907845,0.5548745240890458,-0.21821826376103,0.18494930351562502,30.662479997304708
12,3,11,51.313848365073675,4.2221048524907845,0.4538732660293856,-0.043473551190772675,0.1757788693359375,35.713979766289086
12,3,12,51.313848365073675,4.2221048524907845,0.37004632135627114,-0.021326598247422116,0.1464234588235294,34.78112733910159
12,3,13,51.313848365073675,4.2221048524907845,0.03222147352390207,-0.27491194551671055,0.14284886041666667,29.294617586486503
12,4,0,51.313848365073675,4.2221048524907845,0.7636336855099828,-0.38266780329351874,0.19596269453125004,29.923887265390643
12,4,1,51.313848365073675,4.2221048524907845,0.6164142540617146,-0.2193041655017831,0.18326141015625003,30.39462605890627
12,4,2,51.313848365073675,4.2221048524907845,0.6600826230843017,-0.20686101612663801,0.1818375724609375,28.949310961250017
12,4,3,51.313848365073675,4.2221048524907845,0.5517827733654026,-0.18746001251437344,0.2140710435546875,30.44245163562502
12,4,4,51.313848365073675,4.2221048524907845,0.6634805708809088,-0.24389255919390768,0.187295694921875,31.31696406910158
12,4,5,51.313848365073675,4.2221048524907845,0.5693531474764298,-0.0691764179657304,0.17223963593750002,32.584936000156276
12,4,6,51.313848365073675,4.2221048524907845,0.6185180894629543,-0.13372908689024005,0.1727410626953125,33.92287052808595
12,4,7,51.313848365073675,4.2221048524907845,0.6399410629018739,-0.15690598953619003,0.17552554042968752,32.393213116601586
12,4,8,51.313848365073675,4.2221048524907845,0.6737925790112317,-0.3177638068263985,0.18885945136718751,29.289323841406265
12,4,9,51.313848365073675,4.2221048524907845,0.420900920343554,-0.0837152197364307,0.18137993476562503,32.07276706578127
12,4,10,51.313848365073675,4.2221048524907845,0.4094388929439833,-0.0770968496709544,0.20424709192913387,31.756299803867208
12,4,11,51.313848365073675,4.2221048524907845,0.28788111840359354,0.0009989799020360232,0.14734002102040816,34.050302295000016
12,4,12,51.313848365073675,4.2221048524907845,0.21956071545813488,0.007446886915137793,0.15337796289062502,35.39433481390627
12,4,13,51.313848365073675,4.2221048524907845,0.24210718796069863,-0.03304831735598893,0.09348619647058824,28.5142633757447
12,5,0,51.313848365073675,4.2221048524907845,0.5022361323213789,-0.1540222931597833,0.1979512021484375,28.887613029921894
12,5,1,51.313848365073675,4.2221048524907845,0.6099084966608066,-0.23211876559507702,0.198946341015625,30.626657545507832
12,5,2,51.313848365073675,4.2221048524907845,0.5584117493773524,-0.23097110670020699,0.18709649472656253,31.413656650507832
12,5,3,51.313848365073675,4.2221048524907845,0.5182757252999552,-0.19783209155932402,0.1867884986328125,31.480267985585954
12,5,4,51.313848365073675,4.2221048524907845,0.6515245798364435,-0.3028218914033001,0.196330462109375,31.171651488359394
12,5,5,51.313848365073675,4.2221048524907845,0.5942878087972705,-0.15790283487967527,0.1591090876953125,31.50866024937502
12,5,6,51.313848365073675,4.2221048524907845,0.5242138385845894,-0.09426785647451448,0.15659210175781252,31.954858727421893
12,5,7,51.313848365073675,4.2221048524907845,0.6841170657360904,-0.18887195255063952,0.1723209484375,31.981288300039083
12,5,8,51.313848365073675,4.2221048524907845,0.7408099276176283,-0.3325166021283359,0.19270900742187502,30.115236303007833
12,5,9,51.313848365073675,4.2221048524907845,0.6620100749126175,-0.26311160735325484,0.18785474296875002,29.62693342625002
12,5,10,51.313848365073675,4.2221048524907845,0.637991980606331,-0.20987189926658112,0.1847463677734375,30.204425262382827
12,5,11,51.313848365073675,4.2221048524907845,0.5083974912451529,-0.14367815521042487,0.1721159626953125,31.94353653617189
12,5,12,51.313848365073675,4.2221048524907845,0.4464446930847973,-0.08594428338193759,0.16835549550781254,32.62766125015627
12,5,13,51.313848365073675,4.2221048524907845,0.2546409290292803,-0.05744481892227538,0.10863312272727274,27.62502862350518
12,6,0,51.313848365073675,4.2221048524907845,0.4770041382705288,-0.14741131413479863,0.2151056359375,29.131887970976578
12,6,1,51.313848365073675,4.2221048524907845,0.755746129573311,-0.3974694148590936,0.21241081933593753,29.99514497140627
12,6,2,51.313848365073675,4.2221048524907845,0.555648820341198,-0.2235598868440341,0.187672358984375,33.66992369644533
12,6,3,51.313848365073675,4.2221048524907845,0.49306489140597165,-0.15053200337608907,0.17747605117187498,31.45138838691408
12,6,4,51.313848365073675,4.2221048524907845,0.46583529700919873,-0.14973916262795184,0.17745627734375002,32.7934552476172
12,6,5,51.313848365073675,4.2221048524907845,0.4434028015160222,-0.06737671142839607,0.17661519882812501,31.908889028750018
12,6,6,51.313848365073675,4.2221048524907845,0.5416975433139222,-0.09222227067680715,0.17692870234375002,31.81225652972658
12,6,7,51.313848365073675,4.2221048524907845,0.6915935582470556,-0.20220407018135214,0.16665615156250002,30.74203574796877
12,6,8,51.313848365073675,4.2221048524907845,0.591246861765552,-0.22518774212725967,0.1857367462890625,30.695625445156267
12,6,9,51.313848365073675,4.2221048524907845,0.6378749623017665,-0.23060897598558827,0.176230213671875,29.38685757617189
12,6,10,51.313848365073675,4.2221048524907845,0.553387928942223,-0.13968953955662722,0.18283254433593754,30.467886511015642
12,6,11,51.313848365073675,4.2221048524907845,0.6422804442294056,-0.20649731290954332,0.1830699197265625,30.235941810078142
12,6,12,51.313848365073675,4.2221048524907845,0.5155691735604113,-0.12752465866705906,0.18285311796875,30.241282466328144
12,6,13,51.313848365073675,4.2221048524907845,0.4918729403750959,-0.14731274633584254,0.149746122,28.552636997631595
12,7,0,51.313848365073675,4.2221048524907845,0.5385878611817276,-0.1670570090616224,0.197394289453125,30.57101458320314
12,7,1,51.313848365073675,4.2221048524907845,0.5326739818032228,-0.22267969503343205,0.223867858984375,30.663594859296893
12,7,2,51.313848365073675,4.2221048524907845,0.5775348655785351,-0.24950123632193355,0.1953917919921875,32.00078169535158
12,7,3,51.313848365073675,4.2221048524907845,0.7205358430319562,-0.3572948389365165,0.201273073828125,29.00888598171877
12,7,4,51.313848365073675,4.2221048524907845,0.7633433824065208,-0.3536052057607012,0.20192741601562503,30.98373382238283
12,7,5,51.313848365073675,4.2221048524907845,0.5975608953867622,-0.13107023634614096,0.18825860527343752,29.547858334648456
12,7,6,51.313848365073675,4.2221048524907845,0.6590358936596719,-0.19299918217494177,0.1751304787109375,29.19111584878908
12,7,7,51.313848365073675,4.2221048524907845,0.45085021773231104,-0.07968235146350601,0.18859574218750003,31.201479053515648
12,7,8,51.313848365073675,4.2221048524907845,0.49276066381999944,-0.12222187464385613,0.17138431210937502,29.708485247187518
12,7,9,51.313848365073675,4.2221048524907845,0.6421759551235257,-0.24058876045808764,0.19056034394531252,29.741850997109395
12,7,10,51.313848365073675,4.2221048524907845,0.7725990322259428,-0.33721332903312623,0.201376003125,30.72793641546877
12,7,11,51.313848365073675,4.2221048524907845,0.6875532665561193,-0.27945996548440133,0.17580068417968753,30.905072631640643
12,7,12,51.313848365073675,4.2221048524907845,0.7165595809612242,-0.29704929057818075,0.1725128310546875,28.183474206640646
12,7,13,51.313848365073675,4.2221048524907845,0.5521513834666572,-0.17255609518991744,0.1540431892857143,29.090213463113795
12,8,0,51.313848365073675,4.2221048524907845,0.3926367309425868,-0.03214925935668131,0.203377798828125,29.867970594453144
12,8,1,51.313848365073675,4.2221048524907845,0.7570361661754585,-0.34465954506871704,0.19172311835937503,29.557030911757828
12,8,2,51.313848365073675,4.2221048524907845,0.7440843686758553,-0.3591510317927944,0.19306630273437503,28.474786977617207
12,8,3,51.313848365073675,4.2221048524907845,0.41015912719816505,-0.09769676797602533,0.2045918380859375,32.018659542148455
12,8,4,51.313848365073675,4.2221048524907845,0.5843243027629778,-0.23732864022288358,0.2121564025390625,32.16387866140627
12,8,5,51.313848365073675,4.2221048524907845,0.48712706909813996,-0.11586873114704475,0.19131347910156252,30.409680033710956
12,8,6,51.313848365073675,4.2221048524907845,0.7288589782549589,-0.3143815736311044,0.183731284765625,29.38240480402346
12,8,7,51.313848365073675,4.2221048524907845,0.5540108379637295,-0.17716397057284913,0.182070833984375,31.36729307843752
12,8,8,51.313848365073675,4.2221048524907845,0.5741662269497998,-0.20081517511951963,0.1825661224609375,30.087297995000014
12,8,9,51.313848365073675,4.2221048524907845,0.6312243115842695,-0.2567025585618961,0.19717708203125,28.76844963734377
12,8,10,51.313848365073675,4.2221048524907845,0.6866352641215243,-0.26296936467595083,0.1843108951171875,30.43271161378908
12,8,11,51.313848365073675,4.2221048524907845,0.6495755495157776,-0.2182135215931855,0.1793636580078125,31.474713703085957
12,8,12,51.313848365073675,4.2221048524907845,0.4916972465317442,-0.149995577033865,0.17217426484375004,32.969983964140646
12,8,13,51.313848365073675,4.2221048524907845,0.43153093452733476,-0.10541972575869538,0.1530325411214953,34.13708334981397
12,9,0,51.313848365073675,4.2221048524907845,0.43203330931071465,-0.03864022845225791,0.18021953769531251,30.997606176992207
12,9,1,51.313848365073675,4.2221048524907845,0.5191831235128246,-0.16626780442560105,0.19477123417968753,29.88751072050783
12,9,2,51.313848365073675,4.2221048524907845,0.609816431851602,-0.2784525187738082,0.20605121210937502,30.089213955429706
12,9,3,51.313848365073675,4.2221048524907845,0.5551686658490413,-0.24083533850358443,0.17430003164062502,34.141797379414086
12,9,4,51.313848365073675,4.2221048524907845,0.5578740835702167,-0.1428528170412181,0.184054036328125,31.576032627968768
12,9,5,51.313848365073675,4.2221048524907845,0.4450596491653814,-0.10772328170900107,0.18229917128906253,30.478754746484395
12,9,6,51.313848365073675,4.2221048524907845,0.7372282132422441,-0.3581724016576848,0.20031604199218753,29.244709334257834
12,9,7,51.313848365073675,4.2221048524907845,0.4909985348501088,-0.1512327330914673,0.17767077558593752,30.727469108046893
12,9,8,51.313848365073675,4.2221048524907845,0.5585744481458423,-0.2057827628859979,0.18284345566406252,30.658547939140647
12,9,9,51.313848365073675,4.2221048524907845,0.6237853233921931,-0.24034442625656546,0.1712171869140625,30.130216843789082
12,9,10,51.313848365073675,4.2221048524907845,0.5613838677685163,-0.09570342228560548,0.16585728613281253,34.29619575160158
12,9,11,51.313848365073675,4.2221048524907845,0.47494015118856187,-0.036442645251753066,0.1637002361328125,35.97137269425783
12,9,12,51.313848365073675,4.2221048524907845,0.2078056957929742,-0.008672099074080083,0.1290710802734375,35.42425584054689
12,9,13,51.313848365073675,4.2221048524907845,0.10482661624923807,0.01747718104206565,0.1043228153631285,34.880743891657154
12,10,0,51.313848365073675,4.2221048524907845,0.519756329013787,-0.14058566516336368,0.18162355996093754,29.194620654453146
12,10,1,51.313848365073675,4.2221048524907845,0.5595048629775763,-0.21084860000339656,0.19865337089843751,29.631920264023456
12,10,2,51.313848365073675,4.2221048524907845,0.6167212301758451,-0.24981340725400225,0.175516285546875,28.830528090429706
12,10,3,51.313848365073675,4.2221048524907845,0.657171577264686,-0.316044468158826,0.19427678007812502,29.90540191894533
12,10,4,51.313848365073675,4.2221048524907845,0.5818363074655628,-0.21396477401381994,0.178983140234375,29.587372515078144
12,10,5,51.313848365073675,4.2221048524907845,0.5670943437694329,-0.21934590752787372,0.19856656894531252,30.287666065859394
12,10,6,51.313848365073675,4.2221048524907845,0.6132110707477407,-0.2521998134932264,0.19469070527343751,29.843483685546893
12,10,7,51.313848365073675,4.2221048524907845,0.651049970376957,-0.2764731738742981,0.19840730878906251,30.060367735859394
12,10,8,51.313848365073675,4.2221048524907845,0.6875407814981384,-0.35403313189220675,0.20862061425781253,29.949335492421895
12,10,9,51.313848365073675,4.2221048524907845,0.5188129297117585,-0.06682483497545207,0.1660819017578125,37.25843747140627
12,10,10,51.313848365073675,4.2221048524907845,0.2789249290944821,0.06960470200643969,0.1711833837890625,38.18140300871095
12,10,11,51.313848365073675,4.2221048524907845,0.2540940828779679,0.039481904605450195,0.151509242578125,38.27119946773439
12,10,12,51.313848365073675,4.2221048524907845,0.10399949303343205,0.02459475202080281,0.10854675790513835,34.68268740790516
12,10,13,51.313848365073675,4.2221048524907845,0.10063384357259726,0.01091192639700138,0.09489245,31.196949423846174
12,11,0,51.313848365073675,4.2221048524907845,0.4429045309486105,-0.10388636630608426,0.18022489589843751,30.200720182109393
12,11,1,51.313848365073675,4.2221048524907845,0.6446201971528117,-0.2730830270372143,0.17945573593750003,28.408015422851577
12,11,2,51.313848365073675,4.2221048524907845,0.6369002189653541,-0.2572745408895729,0.1723295416015625,28.312244104648457
12,11,3,51.313848365073675,4.2221048524907845,0.7500665884706815,-0.31701524544770066,0.19378511171875004,27.730145952500017
12,11,4,51.313848365073675,4.2221048524907845,0.6004202766764759,-0.1848513105329727,0.17316730234375,28.383735464375018
12,11,5,51.313848365073675,4.2221048524907845,0.730642920375616,-0.31156193584419634,0.1706752900390625,27.478434147617207
12,11,6,51.313848365073675,4.2221048524907845,0.4824539712988669,-0.14976649661892127,0.18003768417968752,29.20817256968752
12,11,7,51.313848365073675,4.2221048524907845,0.5443773207970131,-0.19854249193991003,0.1874661755859375,31.532826718906268
12,11,8,51.313848365073675,4.2221048524907845,0.461680452482116,-0.150124679041955,0.177624446484375,31.532786663984396
12,11,9,51.313848365073675,4.2221048524907845,0.42188455832889626,-0.06981736241925572,0.16344817597656253,33.67409608414064
12,11,10,51.313848365073675,4.2221048524907845,0.32897902853695454,-0.035733384530437194,0.14838079356223177,33.67798643269233
12,11,11,51.313848365073675,4.2221048524907845,0.16661167480686934,0.009957613461194517,0.134294790625,36.619414599453144
12,11,12,51.313848365073675,4.2221048524907845,0.08862214657014278,0.0009152145533559793,0.10732232333333333,32.58722450603898
12,11,13,51.313848365073675,4.2221048524907845,0.14577376691706287,0.022625064260638733,0.10242485978260871,33.86184701944447
12,12,0,51.313848365073675,4.2221048524907845,0.43833143919097783,-0.037516868067843906,0.13636823378906252,35.337837346601574
12,12,1,51.313848365073675,4.2221048524907845,0.5665584851295369,-0.17302196226176822,0.16248296855468752,30.899017662617204
12,12,2,51.313848365073675,4.2221048524907845,0.5580288348173548,-0.18489748430169203,0.17949157460937504,28.533427383242206
12,12,3,51.313848365073675,4.2221048524907845,0.7441160779352136,-0.3226810502095944,0.1990467875,28.94981164777346
12,12,4,51.313848365073675,4.2221048524907845,0.6465904123230755,-0.2535641361921622,0.16072381210937503,27.86846894937502
12,12,5,51.313848365073675,4.2221048524907845,0.6461517194220061,-0.1801328692513876,0.1774315541015625,28.025157127929702
12,12,6,51.313848365073675,4.2221048524907845,0.6168922358026808,-0.1896059548608325,0.160912748828125,27.933651658906264
12,12,7,51.313848365073675,4.2221048524907845,0.5474833705385043,-0.08847476611157325,0.16959945683593752,32.59497643390627
12,12,8,51.313848365073675,4.2221048524907845,0.23299810596372816,0.0345353493823222,0.16421106690476192,33.94492121848783
12,12,9,51.313848365073675,4.2221048524907845,0.49551196869972075,-0.07448780645448355,0.1438474717647059,31.15248491798915
12,12,10,51.313848365073675,4.2221048524907845,0.26232819830274745,0.006813691236564986,0.12892574770642204,36.919787379396574
12,12,11,51.313848365073675,4.2221048524907845,0.10008249008737735,0.0033156298068056744,0.11382924937759337,34.6211846696154
12,12,12,51.313848365073675,4.2221048524907845,0.1211924338610299,0.01365651799820397,0.10377157361111111,32.02411574144233
12,12,13,51.313848365073675,4.2221048524907845,0.1729454165730225,0.0380215743189324,0.10195044899193549,36.45836906284586
12,13,0,51.313848365073675,4.2221048524907845,0.6034566441883327,-0.2516822433649194,0.1212442310546875,29.346006530000015
12,13,1,51.313848365073675,4.2221048524907845,0.5283174835509052,-0.1540618245842699,0.15640172480468753,33.95502127871096
12,13,2,51.313848365073675,4.2221048524907845,0.6358806188532031,-0.21128452023194977,0.18579635859375002,28.865255707695333
12,13,3,51.313848365073675,4.2221048524907845,0.4375582314106382,-0.020056956892306837,0.178619749609375,30.748651485898456
12,13,4,51.313848365073675,4.2221048524907845,0.5310392703463868,-0.19028213387200554,0.149444765234375,28.42676112628908
12,13,5,51.313848365073675,4.2221048524907845,0.6262046054564296,-0.2161630440547589,0.16179494960937502,29.67080024152346
12,13,6,51.313848365073675,4.2221048524907845,0.310993846194325,-0.010171706681866496,0.15700093789062503,33.333963039218766
12,13,7,51.313848365073675,4.2221048524907845,0.21751898731764419,0.023718882716213578,0.15691190560165977,34.19832879156782
12,13,8,51.313848365073675,4.2221048524907845,0.08089810562654437,0.082893836486542,0.17754686707317077,29.271827510638314
12,13,9,51.313848365073675,4.2221048524907845,0.3539928750704927,0.006469530292387041,0.13360668129251702,34.41029840662793
12,13,10,51.313848365073675,4.2221048524907845,0.12801702535758344,0.009374556471559065,0.12188870878906252,36.624935502851585
12,13,11,51.313848365073675,4.2221048524907845,0.08553436235177682,0.004335386412290817,0.10323596568627451,33.643904754897974
12,13,12,51.313848365073675,4.2221048524907845,0.12116310793545941,0.027959421406205363,0.1065632158730159,35.28293543199054
12,13,13,51.313848365073675,4.2221048524907845,0.1911606175201882,0.03187523761946377,0.12370601835937502,36.255355414531266
13,0,0,51.01201581027669,5.183307625342661,0.8118355563486644,-0.32245938736656654,0.165272869140625,26.179806849687516
13,0,1,51.01201581027669,5.183307625342661,0.6142358259648064,-0.1155324033248097,0.1583533650390625,30.587897732773456
13,0,2,51.01201581027669,5.183307625342661,0.5859448884509268,-0.08319897979948712,0.1460109345703125,31.405011463203145
13,0,3,51.01201581027669,5.183307625342661,0.7279246978641489,-0.24412649996542404,0.1480524611328125,29.291760515820332
13,0,4,51.01201581027669,5.183307625342661,0.5373754719136774,-0.09141895761382568,0.1387826052734375,34.64931994285158
13,0,5,51.01201581027669,5.183307625342661,0.3625723367965561,0.021306676553644276,0.1329087517578125,37.22241474500002
13,0,6,51.01201581027669,5.183307625342661,0.462015651876569,-0.025386281050681747,0.141648058984375,36.543971154101584
13,0,7,51.01201581027669,5.183307625342661,0.5530874001842017,-0.09292454214058002,0.15015089160156253,33.9555753717969
13,0,8,51.01201581027669,5.183307625342661,0.643381067217199,-0.1370883673288602,0.1579448259765625,30.893490083398458
13,0,9,51.01201581027669,5.183307625342661,0.7209520757868559,-0.21364929012007364,0.165773816796875,29.800978737617207
13,0,10,51.01201581027669,5.183307625342661,0.6118653334255122,-0.112796609159127,0.1514189345703125,30.15199336964846
13,0,11,51.01201581027669,5.183307625342661,0.6659327034902305,-0.18777078386036938,0.1568305515625,30.827179160234394
13,0,12,51.01201581027669,5.183307625342661,0.5442234235725587,-0.17122536094646368,0.1607488845945946,31.751852548925637
13,0,13,51.01201581027669,5.183307625342661,0.5670346648428366,-0.14091019834035573,0.14541635566406252,34.25758280691409
13,1,0,51.01201581027669,5.183307625342661,0.746865344213232,-0.25981599901019453,0.154150984765625,28.438590679882836
13,1,1,51.01201581027669,5.183307625342661,0.6501227872989288,-0.16448932878940908,0.155129770703125,32.26518423464846
13,1,2,51.01201581027669,5.183307625342661,0.5557401503367652,-0.04726991010148218,0.14714077812499998,32.60645884484377
13,1,3,51.01201581027669,5.183307625342661,0.5075177612131573,-0.044912260635049495,0.14936203300781248,33.926215114062515
13,1,4,51.01201581027669,5.183307625342661,0.40811048456656046,0.018420653552074326,0.1438412814453125,36.00586665781252
13,1,5,51.01201581027669,5.183307625342661,0.523306017226674,-0.058935821641236986,0.1431584978515625,34.399864565234395
13,1,6,51.01201581027669,5.183307625342661,0.5037289121354511,-0.039600831382736096,0.1415397748046875,34.92672030429689
13,1,7,51.01201581027669,5.183307625342661,0.5825198578315609,-0.08750462543844863,0.15505752988281252,33.51688719160158
13,1,8,51.01201581027669,5.183307625342661,0.6299620410195583,-0.11861871669137933,0.15329559765625,31.69018915531252
13,1,9,51.01201581027669,5.183307625342661,0.8127722131528483,-0.327778358088298,0.163172757421875,26.855353134570333
13,1,10,51.01201581027669,5.183307625342661,0.6839212656927147,-0.16111436401779855,0.15583113203125,28.71735290867189
13,1,11,51.01201581027669,5.183307625342661,0.7357174155978359,-0.2617646231616097,0.1589444771484375,28.516036871328144
13,1,12,51.01201581027669,5.183307625342661,0.6615272448243177,-0.24547753469056485,0.16061689129213488,30.218963572142876
13,1,13,51.01201581027669,5.183307625342661,0.4169346643490279,-0.04678816143424617,0.15911909960937504,36.97841351257814
13,2,0,51.01201581027669,5.183307625342661,0.6176750443321228,-0.10542699172208796,0.15517309492187503,30.067911412812517
13,2,1,51.01201581027669,5.183307625342661,0.7545131722137479,-0.2622443266163145,0.14799404453125,27.61821247332033
13,2,2,51.01201581027669,5.183307625342661,0.5816798891080098,-0.04847544712748257,0.14561553671875,31.948563428867207
13,2,3,51.01201581027669,5.183307625342661,0.5171482579865789,-0.05624656022368463,0.1434520671875,34.07460524796876
13,2,4,51.01201581027669,5.183307625342661,0.5470804091356761,-0.06133895979622173,0.1440897623046875,34.05917742722658
13,2,5,51.01201581027669,5.183307625342661,0.6396045069429566,-0.1238924168425682,0.1497069181640625,32.40117737023439
13,2,6,51.01201581027669,5.183307625342661,0.5388540486758375,-0.02722274653250064,0.15217284804687503,33.880665992070334
13,2,7,51.01201581027669,5.183307625342661,0.5824510160239181,-0.09680365433371743,0.15879568339843753,32.80811534902345
13,2,8,51.01201581027669,5.183307625342661,0.6633863987169937,-0.15704636907802239,0.16714047382812502,31.515850107851584
13,2,9,51.01201581027669,5.183307625342661,0.8049007040738332,-0.3397049820747545,0.16030123359374998,26.743706715664082
13,2,10,51.01201581027669,5.183307625342661,0.6976410590025688,-0.2301714703099579,0.15279488828125,29.245997767578146
13,2,11,51.01201581027669,5.183307625342661,0.6917089579638749,-0.1984585024043879,0.1559438853515625,28.925818749570332
13,2,12,51.01201581027669,5.183307625342661,0.6520117127733898,-0.24077217370654702,0.14646379410480348,30.125579103933077
13,2,13,51.01201581027669,5.183307625342661,0.32584467558017727,-0.04320303133546998,0.16522459429223746,35.851566414756114
13,3,0,51.01201581027669,5.183307625342661,0.7890386570348281,-0.3057472527246222,0.15029331484375003,27.40214954890627
13,3,1,51.01201581027669,5.183307625342661,0.6456895068388235,-0.11367307629921095,0.1599829505859375,30.73253605566408
13,3,2,51.01201581027669,5.183307625342661,0.6736428564258392,-0.1853501191578482,0.148343753515625,30.452138250898454
13,3,3,51.01201581027669,5.183307625342661,0.6518107230364164,-0.14911256684990554,0.15335246484375,31.240165432226583
13,3,4,51.01201581027669,5.183307625342661,0.6367595132896899,-0.11033403976143352,0.1512673458984375,32.557938982812516
13,3,5,51.01201581027669,5.183307625342661,0.732554210013516,-0.25268269295984,0.14854559882812501,30.153775813671892
13,3,6,51.01201581027669,5.183307625342661,0.7047319810898139,-0.21400129910136734,0.1505914556640625,30.598952891210953
13,3,7,51.01201581027669,5.183307625342661,0.6741448300918358,-0.1595511163925325,0.1664915873046875,31.84402675859377
13,3,8,51.01201581027669,5.183307625342661,0.6633276276780595,-0.14885140455269674,0.1587947439453125,31.342632598203146
13,3,9,51.01201581027669,5.183307625342661,0.6106365291594802,-0.10227365634134644,0.1533014751953125,30.93271720355471
13,3,10,51.01201581027669,5.183307625342661,0.6377698208787392,-0.13301767595569566,0.1572485009765625,30.922189434921897
13,3,11,51.01201581027669,5.183307625342661,0.7834107870778206,-0.2836225741925861,0.1575087396484375,27.80021536250002
13,3,12,51.01201581027669,5.183307625342661,0.3366275525851173,-0.021133205536043278,0.15906550058593752,36.8762200552344
13,3,13,51.01201581027669,5.183307625342661,0.5219652663421077,-0.07010848060153874,0.164473340960452,33.30036212240002
13,4,0,51.01201581027669,5.183307625342661,0.6701031881718427,-0.1996509288007177,0.15588860019531253,29.391176831914084
13,4,1,51.01201581027669,5.183307625342661,0.6644922552237449,-0.1847241566032898,0.15153845703125002,29.074028636328144
13,4,2,51.01201581027669,5.183307625342661,0.6312350843565189,-0.08633376981433842,0.152185156640625,32.86028688476564
13,4,3,51.01201581027669,5.183307625342661,0.5689578626612015,-0.048009334449814436,0.15718346015625,33.16645335593752
13,4,4,51.01201581027669,5.183307625342661,0.6762170388161308,-0.14552459720013122,0.15350978691406253,31.360123247421896
13,4,5,51.01201581027669,5.183307625342661,0.680660827828395,-0.1708304178826042,0.16108671171875003,30.414693574765643
13,4,6,51.01201581027669,5.183307625342661,0.826878944730544,-0.33628216634498076,0.17132335625000003,26.72424002363283
13,4,7,51.01201581027669,5.183307625342661,0.7313376385612472,-0.19243607330090295,0.16656509433593752,30.794674591132832
13,4,8,51.01201581027669,5.183307625342661,0.6539657367264438,-0.13729052831286553,0.1624696486328125,31.03432986453127
13,4,9,51.01201581027669,5.183307625342661,0.7764659467173063,-0.2730588770197697,0.16086096093750002,27.34284823707033
13,4,10,51.01201581027669,5.183307625342661,0.7732236164421675,-0.28904942759989777,0.16885450273437502,27.96679710675783
13,4,11,51.01201581027669,5.183307625342661,0.788533855269278,-0.2766766938007397,0.1611223380859375,27.353890043867203
13,4,12,51.01201581027669,5.183307625342661,0.5670461444741348,-0.13595090737855345,0.16426041699218752,32.16829137863283
13,4,13,51.01201581027669,5.183307625342661,0.49162134043652833,-0.06968140085658214,0.1651080774456522,31.597193785234058
13,5,0,51.01201581027669,5.183307625342661,0.7209713845397645,-0.242668950535458,0.1446717646484375,27.42693019390627
13,5,1,51.01201581027669,5.183307625342661,0.7257802981274926,-0.20051563799740277,0.15210010625000003,27.857039945000018
13,5,2,51.01201581027669,5.183307625342661,0.6268442816627409,-0.08457005848838692,0.154542857421875,32.075177036914084
13,5,3,51.01201581027669,5.183307625342661,0.6553271738480562,-0.14331613498664342,0.1541570736328125,30.730940534609395
13,5,4,51.01201581027669,5.183307625342661,0.6255904977962777,-0.1108696175255825,0.163549415625,32.58093050796877
13,5,5,51.01201581027669,5.183307625342661,0.7743648291457298,-0.2789365920033452,0.16368821249999999,27.82668499003908
13,5,6,51.01201581027669,5.183307625342661,0.8128876299653631,-0.30746602943473,0.1593284076171875,26.450998698242206
13,5,7,51.01201581027669,5.183307625342661,0.7266831313532595,-0.20796152541971735,0.1537642458984375,27.872100595625014
13,5,8,51.01201581027669,5.183307625342661,0.776468123197618,-0.2647613126222377,0.1630226169921875,25.82489353859377
13,5,9,51.01201581027669,5.183307625342661,0.7997596819982202,-0.3035273754234892,0.164171762109375,27.09768541191408
13,5,10,51.01201581027669,5.183307625342661,0.6582028038198591,-0.1667197410807625,0.16449994941406249,29.90600941859377
13,5,11,51.01201581027669,5.183307625342661,0.6301937915455249,-0.11478148538347388,0.15690466972656253,30.67434293000002
13,5,12,51.01201581027669,5.183307625342661,0.69898059562346,-0.2258943714362922,0.14286109335937502,28.76933084562502
13,5,13,51.01201581027669,5.183307625342661,0.7252215404300054,-0.23840494059883574,0.14892678986784144,28.39472424299597
13,6,0,51.01201581027669,5.183307625342661,0.7193883097947524,-0.22773389527073618,0.15907608476562501,29.155239990429706
13,6,1,51.01201581027669,5.183307625342661,0.5860751524421398,-0.059859364012272695,0.152787951171875,30.89740211410158
13,6,2,51.01201581027669,5.183307625342661,0.6503822550968106,-0.1279510724173464,0.15569255585937503,32.44769448617189
13,6,3,51.01201581027669,5.183307625342661,0.6105385841081852,-0.11496337058361022,0.16462264296875,32.87325800363283
13,6,4,51.01201581027669,5.183307625342661,0.6937152202943172,-0.2010511666451142,0.164113779296875,30.338782821992204
13,6,5,51.01201581027669,5.183307625342661,0.7778691029953336,-0.2629684196189183,0.176503847265625,28.408930010234393
13,6,6,51.01201581027669,5.183307625342661,0.7417041789866652,-0.20699796991649214,0.1702850515625,28.024222513085956
13,6,7,51.01201581027669,5.183307625342661,0.7694058676518903,-0.26843199731718365,0.16603109667968752,26.88436624964846
13,6,8,51.01201581027669,5.183307625342661,0.7933527963830356,-0.28685972538600923,0.16313814746093752,26.975023889492206
13,6,9,51.01201581027669,5.183307625342661,0.6304134334907427,-0.1484916823989411,0.155999412109375,31.14223782406252
13,6,10,51.01201581027669,5.183307625342661,0.5167094869040454,-0.04731183151431801,0.1420741724609375,33.050954988710956
13,6,11,51.01201581027669,5.183307625342661,0.678474864543666,-0.21136002797799713,0.15605176250000002,29.66517252500002
13,6,12,51.01201581027669,5.183307625342661,0.7274992122281905,-0.2678899518888406,0.1436891935546875,28.47925310140627
13,6,13,51.01201581027669,5.183307625342661,0.6142058100833759,-0.1563479506515207,0.14594699628906252,31.858252931679708
13,7,0,51.01201581027669,5.183307625342661,0.5994409426398876,-0.10712061807522597,0.1545609568359375,32.13567999640627
13,7,1,51.01201581027669,5.183307625342661,0.6276591230815427,-0.13164921264797733,0.1515325255859375,30.931268550546896
13,7,2,51.01201581027669,5.183307625342661,0.6513601441686407,-0.12948799649116402,0.1614047013671875,30.403798636015644
13,7,3,51.01201581027669,5.183307625342661,0.6300987938935015,-0.0943683542460361,0.162572817578125,32.53572852863283
13,7,4,51.01201581027669,5.183307625342661,0.6299123855765643,-0.12305097536366598,0.16429019394531252,32.280652110312516
13,7,5,51.01201581027669,5.183307625342661,0.7275763814543804,-0.1962604279575147,0.18755940703125001,28.350343011171894
13,7,6,51.01201581027669,5.183307625342661,0.7858148788971386,-0.2752723649400725,0.1751071357421875,27.38233571421877
13,7,7,51.01201581027669,5.183307625342661,0.801888784588874,-0.30115845113739176,0.16855897832031252,27.15987735394533
13,7,8,51.01201581027669,5.183307625342661,0.8268901238957292,-0.34499852634223915,0.1572121619140625,26.679338456210957
13,7,9,51.01201581027669,5.183307625342661,0.5630729352309649,-0.0883164335671695,0.15349590253906253,32.542070557929705
13,7,10,51.01201581027669,5.183307625342661,0.7190277098686721,-0.22120646104143094,0.15015655976562503,29.20942762390627
13,7,11,51.01201581027669,5.183307625342661,0.7061677889470541,-0.22733114539218396,0.15024611679687502,29.22970876601564
13,7,12,51.01201581027669,5.183307625342661,0.6612456363416777,-0.20039442494067178,0.14069897148437505,30.50174627164065
13,7,13,51.01201581027669,5.183307625342661,0.5016738262596889,-0.06748501518413826,0.1405869474609375,34.17144469742189
13,8,0,51.01201581027669,5.183307625342661,0.6357460855398587,-0.12516342562362837,0.157834440234375,31.099312299453143
13,8,1,51.01201581027669,5.183307625342661,0.6468123221228432,-0.1398559288762068,0.15791302695312504,30.93519393289064
13,8,2,51.01201581027669,5.183307625342661,0.7087239939916155,-0.23368020945927917,0.1589287201171875,29.2096078710547
13,8,3,51.01201581027669,5.183307625342661,0.6179232609628265,-0.07741913373496431,0.1614157666015625,32.90856641726565
13,8,4,51.01201581027669,5.183307625342661,0.7151998828923947,-0.17603471694817982,0.18207735039062503,30.489863311484395
13,8,5,51.01201581027669,5.183307625342661,0.7865606460938825,-0.252937173292694,0.182543633984375,28.387720929101583
13,8,6,51.01201581027669,5.183307625342661,0.7527015740672279,-0.23873019736810397,0.16573063515625,28.18375459109377
13,8,7,51.01201581027669,5.183307625342661,0.722374730578827,-0.197928806548009,0.16762482109375001,29.304411195312518
13,8,8,51.01201581027669,5.183307625342661,0.6812699131745741,-0.1828620889984988,0.1622489484375,30.560760523203143
13,8,9,51.01201581027669,5.183307625342661,0.592708785031308,-0.0831723801905771,0.1549390626953125,32.15857806007814
13,8,10,51.01201581027669,5.183307625342661,0.720618721174439,-0.2462705516299506,0.13382405371093753,27.715819642109395
13,8,11,51.01201581027669,5.183307625342661,0.6882190883151016,-0.19394598361653972,0.1465571119140625,29.535227682617208
13,8,12,51.01201581027669,5.183307625342661,0.6022986271537967,-0.1564396614744278,0.15764771699218752,31.56146598804689
13,8,13,51.01201581027669,5.183307625342661,0.7575424972010489,-0.29669608161859257,0.1525906087890625,26.984123032578147
13,9,0,51.01201581027669,5.183307625342661,0.6059167002889688,-0.1508227022825278,0.1463479875,33.024131542695336
13,9,1,51.01201581027669,5.183307625342661,0.5746193948462798,-0.08804816304398776,0.15560587753906252,32.96093155179689
13,9,2,51.01201581027669,5.183307625342661,0.6365832104026337,-0.12703673153075296,0.164789360546875,31.31674376703127
13,9,3,51.01201581027669,5.183307625342661,0.7018837689679052,-0.14842484074705142,0.17639924667968754,29.813762933515644
13,9,4,51.01201581027669,5.183307625342661,0.7520560583269782,-0.21338989191115124,0.18376672929687501,29.16220954683596
13,9,5,51.01201581027669,5.183307625342661,0.7076976430954237,-0.21925924633466842,0.17077497109375,29.77965616753908
13,9,6,51.01201581027669,5.183307625342661,0.6146023304906516,-0.09624197451720634,0.164069533203125,30.81458188730471
13,9,7,51.01201581027669,5.183307625342661,0.5093756387528086,-0.0375682267219102,0.14990761855468748,34.07888444878908
13,9,8,51.01201581027669,5.183307625342661,0.6030136889461932,-0.10728129124663996,0.15146520566406252,32.46816255125002
13,9,9,51.01201581027669,5.183307625342661,0.6161175144068864,-0.13096091498040513,0.1457716666015625,31.41210786019533
13,9,10,51.01201581027669,5.183307625342661,0.7178662270657123,-0.23806586532957089,0.139974910546875,28.244865050234395
13,9,11,51.01201581027669,5.183307625342661,0.5660825639354261,-0.0934692873245755,0.1493406634765625,32.76252617210939
13,9,12,51.01201581027669,5.183307625342661,0.64634988381463,-0.21281889624756684,0.13723885898437502,30.28576345707033
13,9,13,51.01201581027669,5.183307625342661,0.6392253335579259,-0.2037196068817762,0.13920381875,30.6588950817969
13,10,0,51.01201581027669,5.183307625342661,0.5314943105067804,-0.05726639961749477,0.14881167109375001,33.37112733089846
13,10,1,51.01201581027669,5.183307625342661,0.6417541041136348,-0.1644417999143239,0.153435778515625,30.380346479257835
13,10,2,51.01201581027669,5.183307625342661,0.750039726425878,-0.21185135078399403,0.175721755859375,29.044234450273457
13,10,3,51.01201581027669,5.183307625342661,0.6575748126647173,-0.11858095160689441,0.1693386326171875,30.645850528906273
13,10,4,51.01201581027669,5.183307625342661,0.581811906203679,-0.04824919005869854,0.15820806796875003,32.187998400195326
13,10,5,51.01201581027669,5.183307625342661,0.6060056157186537,-0.08464487327615557,0.1608135427734375,31.177633023359395
13,10,6,51.01201581027669,5.183307625342661,0.6170468292886457,-0.11581032854311563,0.1576934212890625,30.78863964957033
13,10,7,51.01201581027669,5.183307625342661,0.5261484051316097,-0.05049284631026571,0.15073286035156253,32.7600761460547
13,10,8,51.01201581027669,5.183307625342661,0.6088717630510294,-0.10677702571357113,0.1482296543137255,32.349826960390644
13,10,9,51.01201581027669,5.183307625342661,0.505959590745717,-0.14470793502992813,0.16293165839843748,34.49679512000002
13,10,10,51.01201581027669,5.183307625342661,0.6059501075612388,-0.1739518794751543,0.15159622324218752,31.133385686328147
13,10,11,51.01201581027669,5.183307625342661,0.6333438297668798,-0.1911447369969882,0.13903469238281252,30.335171203203142
13,10,12,51.01201581027669,5.183307625342661,0.7992221389100814,-0.3555528687076939,0.12567681953125,26.422986956210956
13,10,13,51.01201581027669,5.183307625342661,0.4649510021664422,-0.09206742319786099,0.13249183,35.742585656328146
13,11,0,51.01201581027669,5.183307625342661,0.7912464651582153,-0.28271463767757404,0.1703239984375,28.062635183164083
13,11,1,51.01201581027669,5.183307625342661,0.6983386265080441,-0.16338644663806975,0.171940598828125,30.225353959062524
13,11,2,51.01201581027669,5.183307625342661,0.6199723623927007,-0.12721009757253796,0.152629476953125,31.79521983628908
13,11,3,51.01201581027669,5.183307625342661,0.6730228232648237,-0.17599703533859307,0.1575024455078125,30.06351872304689
13,11,4,51.01201581027669,5.183307625342661,0.5348013288763808,0.008994618419110596,0.16266749667968752,32.65748881531252
13,11,5,51.01201581027669,5.183307625342661,0.6656387923023472,-0.17820286344001462,0.15153402167968752,28.852564973281268
13,11,6,51.01201581027669,5.183307625342661,0.7516829415005843,-0.31284088100892754,0.13722056230468752,26.795264075937517
13,11,7,51.01201581027669,5.183307625342661,0.6314297636115038,-0.16419549004185424,0.13699153222656252,30.39508669050783
13,11,8,51.01201581027669,5.183307625342661,0.5267484464778488,-0.07573127325531635,0.14408302773437504,33.56700925050783
13,11,9,51.01201581027669,5.183307625342661,0.5994682238874922,-0.2178566974079243,0.148298091015625,30.221121488984398
13,11,10,51.01201581027669,5.183307625342661,0.6655622717447804,-0.196415886491345,0.13922457871093752,30.545840064804704
13,11,11,51.01201581027669,5.183307625342661,0.7047521800445266,-0.23814384232362368,0.14487321718750001,28.786100506250023
13,11,12,51.01201581027669,5.183307625342661,0.719780478634671,-0.23656748783894757,0.14726361250000003,29.021062677968768
13,11,13,51.01201581027669,5.183307625342661,0.5728338261817949,-0.110957903643708,0.15071169980468752,33.33829564660158
13,12,0,51.01201581027669,5.183307625342661,0.7473521385398478,-0.2268239485736886,0.164925180078125,27.70681396050783
13,12,1,51.01201581027669,5.183307625342661,0.7041857075062075,-0.20403597239889754,0.15521230644531253,28.50151028632814
13,12,2,51.01201581027669,5.183307625342661,0.7338733187041888,-0.2603389114538065,0.14456613046875,28.30277111562502
13,12,3,51.01201581027669,5.183307625342661,0.7118350551114212,-0.2232565215418191,0.14708128613281252,28.351551334648455
13,12,4,51.01201581027669,5.183307625342661,0.7161692427908197,-0.25564662942674543,0.138553073828125,27.917222465117206
13,12,5,51.01201581027669,5.183307625342661,0.7786136201767748,-0.3402985992558333,0.14888994023437502,26.946878631054705
13,12,6,51.01201581027669,5.183307625342661,0.8606630210329616,-0.4294707481340102,0.144066191015625,24.76198945589846
13,12,7,51.01201581027669,5.183307625342661,0.6918774016337599,-0.2503445439826913,0.136667295703125,30.309188910546894
13,12,8,51.01201581027669,5.183307625342661,0.4634926181335931,-0.04096009715778143,0.137632048046875,35.56045592656252
13,12,9,51.01201581027669,5.183307625342661,0.5735404049808526,-0.12708198758508468,0.14275121582031253,33.507480960781265
13,12,10,51.01201581027669,5.183307625342661,0.7027939458585585,-0.207271200791738,0.15267981855468749,29.973835752968768
13,12,11,51.01201581027669,5.183307625342661,0.8021591093430441,-0.3102157427236861,0.163781409375,26.945803823984395
13,12,12,51.01201581027669,5.183307625342661,0.7478380377715246,-0.2635598703204671,0.16692568867187502,27.830763916250017
13,12,13,51.01201581027669,5.183307625342661,0.77868583337653,-0.2945790740889199,0.17409479101562503,28.522418955546893
13,13,0,51.01201581027669,5.183307625342661,0.799831253448722,-0.3174091847101638,0.14289194375000003,26.387638487656268
13,13,1,51.01201581027669,5.183307625342661,0.6592856268871132,-0.14972794941983725,0.1609580666015625,30.170044787773456
13,13,2,51.01201581027669,5.183307625342661,0.7809566194480602,-0.31564666266486463,0.13982285390625004,27.02777622160158
13,13,3,51.01201581027669,5.183307625342661,0.81599696040159,-0.3814276417782128,0.1342111990234375,25.54546372777346
13,13,4,51.01201581027669,5.183307625342661,0.8521954723583233,-0.4221172102676044,0.13591681093750002,24.665263495390647
13,13,5,51.01201581027669,5.183307625342661,0.835948795880059,-0.40580878164112133,0.14515027539062503,26.03187067156252
13,13,6,51.01201581027669,5.183307625342661,0.7651498797847642,-0.31190655314659343,0.149605553515625,28.43435153398439
13,13,7,51.01201581027669,5.183307625342661,0.7424832485957792,-0.257002294763666,0.1469409044921875,28.861009885976582
13,13,8,51.01201581027669,5.183307625342661,0.5795237900860659,-0.1328890633395809,0.13998348886718753,32.133016344101584
13,13,9,51.01201581027669,5.183307625342661,0.6979506407346645,-0.22497299117642194,0.15905521816406248,29.381309969492204
13,13,10,51.01201581027669,5.183307625342661,0.7376248842949114,-0.24213377252819163,0.1689811560546875,28.425312473281267
13,13,11,51.01201581027669,5.183307625342661,0.7643365842352381,-0.2744821744065725,0.170574292578125,28.19839466503908
13,13,12,51.01201581027669,5.183307625342661,0.771501355802505,-0.3133318982331865,0.16601690371093752,27.73651468507814
13,13,13,51.01201581027669,5.183307625342661,0.8032969316797093,-0.3367177561272777,0.15041471097046416,26.819103430273458
14,0,0,51.19311534315488,4.991067070772286,0.6424046443589091,-0.1380483941678417,0.1714072140625,32.47364339972658
14,0,1,51.19311534315488,4.991067070772286,0.7032379708406844,-0.22135078224661853,0.17206084550781253,32.00066153058596
14,0,2,51.19311534315488,4.991067070772286,0.7883593558247635,-0.35287187402367054,0.17326161640625004,30.89792950390627
14,0,3,51.19311534315488,4.991067070772286,0.7789288379223751,-0.30136896790361456,0.1717894033203125,28.387327055703143
14,0,4,51.19311534315488,4.991067070772286,0.8552044502175212,-0.39366498312281284,0.156081701953125,25.616828246914082
14,0,5,51.19311534315488,4.991067070772286,0.8372404715118822,-0.3745305077818089,0.15987649140625002,26.38570917558596
14,0,6,51.19311534315488,4.991067070772286,0.8235904586027278,-0.33707191490710053,0.1363858767578125,25.020249144477628
14,0,7,51.19311534315488,4.991067070772286,0.8285105625125351,-0.3846210346450477,0.112427543359375,25.291782555898457
14,0,8,51.19311534315488,4.991067070772286,0.7943762806192156,-0.33396160762496085,0.11599357753906252,26.10167972457033
14,0,9,51.19311534315488,4.991067070772286,0.7867381763663519,-0.29748282035952067,0.134672680859375,27.008609941484394
14,0,10,51.19311534315488,4.991067070772286,0.6770558385792755,-0.16787686003519864,0.16262442070312502,30.43134307062502
14,0,11,51.19311534315488,4.991067070772286,0.690881602817924,-0.2073864017606794,0.1671684564453125,30.613112306093768
14,0,12,51.19311534315488,4.991067070772286,0.6840160058863483,-0.19149173363120817,0.170242576171875,32.096626447578146
14,0,13,51.19311534315488,4.991067070772286,0.6857400701872765,-0.15473585860024386,0.1669606015625,29.359460009609393
14,1,0,51.19311534315488,4.991067070772286,0.8034815394214013,-0.35699063889815763,0.1793674734375,29.108322325273456
14,1,1,51.19311534315488,4.991067070772286,0.8021726130632434,-0.35620698938959783,0.189005145703125,29.915842901914083
14,1,2,51.19311534315488,4.991067070772286,0.766665915162416,-0.3062997790259291,0.16535711601562503,30.52982477187502
14,1,3,51.19311534315488,4.991067070772286,0.7614423034194744,-0.2908234154556747,0.15398496835937497,29.043286483789082
14,1,4,51.19311534315488,4.991067070772286,0.8587249765674573,-0.3995502798353391,0.15215989980468753,24.798906742226578
14,1,5,51.19311534315488,4.991067070772286,0.8508257279452607,-0.37689285197015404,0.16903523515625002,25.40803529082033
14,1,6,51.19311534315488,4.991067070772286,0.8089232215178213,-0.3092621440229375,0.1795629287109375,27.398511226835957
14,1,7,51.19311534315488,4.991067070772286,0.7383235982072396,-0.26753276145075655,0.16514588359375001,29.237005437617206
14,1,8,51.19311534315488,4.991067070772286,0.7481293538970485,-0.2668922276257558,0.165378201953125,28.85572263628908
14,1,9,51.19311534315488,4.991067070772286,0.7355742601670376,-0.24867219565012033,0.141218761328125,27.973032322929708
14,1,10,51.19311534315488,4.991067070772286,0.5986879655240622,-0.07007034917536177,0.15952356640625,30.388083755000018
14,1,11,51.19311534315488,4.991067070772286,0.6559442595686409,-0.16412035714935447,0.16466742988281252,31.262455996250015
14,1,12,51.19311534315488,4.991067070772286,0.6825679282359546,-0.13895078300760183,0.172094941015625,32.33534043031251
14,1,13,51.19311534315488,4.991067070772286,0.67553077596284,-0.16175929407390263,0.17504686191406255,30.47328057382814
14,2,0,51.19311534315488,4.991067070772286,0.8069699962342634,-0.34077020414063386,0.17474552734375,28.869107656015643
14,2,1,51.19311534315488,4.991067070772286,0.8273259031838541,-0.4086398104551018,0.1881132791015625,29.193652660507826
14,2,2,51.19311534315488,4.991067070772286,0.729254163262391,-0.2204512600396844,0.1685092642578125,30.605842337773456
14,2,3,51.19311534315488,4.991067070772286,0.7565132938440509,-0.2688945830655748,0.1685109357421875,30.92618825128908
14,2,4,51.19311534315488,4.991067070772286,0.7865986102097556,-0.31577134046842953,0.1695879888671875,28.592541772109392
14,2,5,51.19311534315488,4.991067070772286,0.8096368454135165,-0.3167391708632861,0.1732645015625,26.612466764140642
14,2,6,51.19311534315488,4.991067070772286,0.7485993540150239,-0.24895936137458208,0.16327793906250002,29.935770225546896
14,2,7,51.19311534315488,4.991067070772286,0.6431588370112353,-0.14271590196223272,0.16644338046875,31.08692865277346
14,2,8,51.19311534315488,4.991067070772286,0.6493551172294061,-0.1562341935557005,0.1698016736328125,30.154697076875017
14,2,9,51.19311534315488,4.991067070772286,0.6536531506821277,-0.14861798087391367,0.16710499960937503,30.72086004593752
14,2,10,51.19311534315488,4.991067070772286,0.5459093270109387,-0.04662015682903656,0.16738868164062498,33.33592573039064
14,2,11,51.19311534315488,4.991067070772286,0.6534261334559781,-0.12063461870886236,0.1649804080078125,33.837947417890646
14,2,12,51.19311534315488,4.991067070772286,0.7580691691421886,-0.2549019824973759,0.167943394140625,29.309658390078145
14,2,13,51.19311534315488,4.991067070772286,0.7866698183923093,-0.310174804261141,0.15458872617187502,27.316799186210957
14,3,0,51.19311534315488,4.991067070772286,0.8151378351186607,-0.32354657197647785,0.1938011037109375,29.38749177910158
14,3,1,51.19311534315488,4.991067070772286,0.7501814107823703,-0.27153301141244834,0.1823144783203125,31.804158759687525
14,3,2,51.19311534315488,4.991067070772286,0.7190541856401438,-0.234362703420376,0.16699416640625003,31.741819949609393
14,3,3,51.19311534315488,4.991067070772286,0.7987960646891774,-0.3219254182917256,0.173463043359375,29.93695852156252
14,3,4,51.19311534315488,4.991067070772286,0.7095224172046023,-0.2262412262876663,0.17903394218750002,31.664627439335955
14,3,5,51.19311534315488,4.991067070772286,0.719132724940913,-0.24092336778600498,0.1718308201171875,30.716060131132828
14,3,6,51.19311534315488,4.991067070772286,0.7104606508017963,-0.23819468074396716,0.16087412597656253,30.772771224687517
14,3,7,51.19311534315488,4.991067070772286,0.7340254433148329,-0.25932303322281225,0.1779349609375,30.940714836289082
14,3,8,51.19311534315488,4.991067070772286,0.5933415256728716,-0.18423889819224282,0.1748851732421875,30.93388239096156
14,3,9,51.19311534315488,4.991067070772286,0.7475410648996483,-0.25088136468900873,0.14738624492187502,27.928631442031268
14,3,10,51.19311534315488,4.991067070772286,0.7061322129838248,-0.1973693646833291,0.15914711021276598,29.312091739880497
14,3,11,51.19311534315488,4.991067070772286,0.6935936053995511,-0.3257955777908829,0.10294508405797102,26.839095724881915
14,3,12,51.19311534315488,4.991067070772286,0.800056340962258,-0.38524719979941446,0.14989012701612905,25.903539788214303
14,3,13,51.19311534315488,4.991067070772286,0.7814532006954171,-0.30403087148871055,0.16303297734375002,27.23084799968752
14,4,0,51.19311534315488,4.991067070772286,0.6743029836609891,-0.2124440578122638,0.15826101445312502,31.392220591484396
14,4,1,51.19311534315488,4.991067070772286,0.7683795712557631,-0.2649954709090688,0.177984575390625,31.383675541484394
14,4,2,51.19311534315488,4.991067070772286,0.7154738193830349,-0.20381401125694446,0.17283163085937503,32.02293874296877
14,4,3,51.19311534315488,4.991067070772286,0.7641068224974786,-0.3079742098037152,0.17225956718750002,30.473868046015646
14,4,4,51.19311534315488,4.991067070772286,0.672073342376997,-0.20241169851474164,0.1651837353515625,32.364213353164075
14,4,5,51.19311534315488,4.991067070772286,0.5518295857103477,-0.09284535259187492,0.149141328627451,33.38456575718752
14,4,6,51.19311534315488,4.991067070772286,0.6293023431603431,-0.1660613063157098,0.1450915767578125,31.56172634503908
14,4,7,51.19311534315488,4.991067070772286,0.7002298116793146,-0.2250819082112474,0.1631344056640625,29.167430038320333
14,4,8,51.19311534315488,4.991067070772286,0.6997589837934313,-0.23160524144137543,0.15436090000000002,29.70951999933596
14,4,9,51.19311534315488,4.991067070772286,0.6968371874294496,-0.23293122992653068,0.1729857974609375,31.258503910625016
14,4,10,51.19311534315488,4.991067070772286,0.7159869569579383,-0.23722653424660312,0.17841542125984253,30.81153771324221
14,4,11,51.19311534315488,4.991067070772286,0.7490988504102799,-0.30836287562473985,0.1725176240740741,29.16433245769533
14,4,12,51.19311534315488,4.991067070772286,0.738373837694355,-0.24573343371470058,0.18063886113281252,29.760469859960956
14,4,13,51.19311534315488,4.991067070772286,0.7997861989133253,-0.34708263458524724,0.1369634568359375,26.44867551277346
14,5,0,51.19311534315488,4.991067070772286,0.8134104894057812,-0.31606088564454365,0.1607012373046875,27.58357164171877
14,5,1,51.19311534315488,4.991067070772286,0.6697449117968854,-0.1373976221469227,0.17420018710937502,32.6608467529297
14,5,2,51.19311534315488,4.991067070772286,0.6867653667806978,-0.1968864000297268,0.1713335728515625,31.972462865585953
14,5,3,51.19311534315488,4.991067070772286,0.7954881674186368,-0.3519935072284841,0.1525391921875,27.71377016527346
14,5,4,51.19311534315488,4.991067070772286,0.7812977514556246,-0.30513826967915825,0.14569798906250003,27.09818609843752
14,5,5,51.19311534315488,4.991067070772286,0.6264279985270181,-0.20097961173626752,0.1491124536796537,29.215122098632833
14,5,6,51.19311534315488,4.991067070772286,0.7898282519286586,-0.332448345369472,0.17667385468750002,32.05655149824221
14,5,7,51.19311534315488,4.991067070772286,0.6834179264421467,-0.18103207507640495,0.17950061660156252,31.18165186718752
14,5,8,51.19311534315488,4.991067070772286,0.6831248565344479,-0.186104215399478,0.1662334453125,32.19321221585939
14,5,9,51.19311534315488,4.991067070772286,0.6184922024381179,-0.10838076352431872,0.164912552734375,32.727745148281265
14,5,10,51.19311534315488,4.991067070772286,0.6878447416542961,-0.2011406913292994,0.1672356861328125,32.33261669562501
14,5,11,51.19311534315488,4.991067070772286,0.7030899492956514,-0.17622187809511086,0.1690823693359375,31.747728050585955
14,5,12,51.19311534315488,4.991067070772286,0.7189176998058316,-0.23863260915735168,0.16335670039062503,30.598091710390644
14,5,13,51.19311534315488,4.991067070772286,0.7771180633797421,-0.32502262822464434,0.13610158535156253,27.684196281289083
14,6,0,51.19311534315488,4.991067070772286,0.8111298829455524,-0.308649229749415,0.16616579316406252,27.703602890937518
14,6,1,51.19311534315488,4.991067070772286,0.7760503408533133,-0.30258933675864774,0.1806946673828125,30.20855759515627
14,6,2,51.19311534315488,4.991067070772286,0.7554667645065962,-0.30225380682292663,0.1626484650390625,29.040388628000017
14,6,3,51.19311534315488,4.991067070772286,0.8211475527557065,-0.37283424949513466,0.16261156875000002,29.361269156914084
14,6,4,51.19311534315488,4.991067070772286,0.8075662381873658,-0.3418889683760694,0.1566050802734375,27.068952681289083
14,6,5,51.19311534315488,4.991067070772286,0.781845851589797,-0.3182469585274915,0.16239542207031252,28.483645791171895
14,6,6,51.19311534315488,4.991067070772286,0.8154546835455785,-0.3731990823326086,0.1756501111328125,31.972623085273458
14,6,7,51.19311534315488,4.991067070772286,0.7494476244673947,-0.28111538515611817,0.18222621933593752,30.22781733675783
14,6,8,51.19311534315488,4.991067070772286,0.6747056787056609,-0.19106755038827167,0.16901272304687504,31.043368925234397
14,6,9,51.19311534315488,4.991067070772286,0.6216357266449977,-0.12766418292039344,0.156970634765625,32.30266228988283
14,6,10,51.19311534315488,4.991067070772286,0.7009801054718345,-0.23289752683744994,0.1676028970703125,33.19721553593752
14,6,11,51.19311534315488,4.991067070772286,0.6329450380291576,-0.1337903837136058,0.163416391796875,32.72110270707033
14,6,12,51.19311534315488,4.991067070772286,0.6737276705288985,-0.18863639111794545,0.1500978994140625,31.257202125664087
14,6,13,51.19311534315488,4.991067070772286,0.6898006880748744,-0.23313072894615028,0.1427894669921875,30.898890822031266
14,7,0,51.19311534315488,4.991067070772286,0.7614174191806875,-0.2535351411806472,0.17239388984375004,28.885837261718766
14,7,1,51.19311534315488,4.991067070772286,0.7690819133323908,-0.2843155681004237,0.16487265449218752,28.52177140097658
14,7,2,51.19311534315488,4.991067070772286,0.7393257129285621,-0.29808867923135546,0.16275256015625,29.521782580507832
14,7,3,51.19311534315488,4.991067070772286,0.6984175352323835,-0.21133588446067303,0.1656415201171875,29.99127967144533
14,7,4,51.19311534315488,4.991067070772286,0.7116396086904831,-0.2302378237384187,0.1590958423828125,29.502122289687517
14,7,5,51.19311534315488,4.991067070772286,0.7029772840244922,-0.23544254628547945,0.1646573017578125,29.723158700234393
14,7,6,51.19311534315488,4.991067070772286,0.7501713683218363,-0.26253759129149035,0.17733995546875003,28.99310434250002
14,7,7,51.19311534315488,4.991067070772286,0.7195534470390688,-0.24675297825189818,0.17513188613281253,31.461896128085957
14,7,8,51.19311534315488,4.991067070772286,0.7166054062550822,-0.236078075942732,0.19134979824218754,31.031886514296893
14,7,9,51.19311534315488,4.991067070772286,0.6769682352848557,-0.20693642843565044,0.16972038417968752,33.50642618117189
14,7,10,51.19311534315488,4.991067070772286,0.7403186532603689,-0.26788013505308816,0.156261485546875,30.183990576406266
14,7,11,51.19311534315488,4.991067070772286,0.6890129254569293,-0.2091035965249756,0.14892127578125,31.178687802968767
14,7,12,51.19311534315488,4.991067070772286,0.7389228078422497,-0.27843406082227184,0.14947081933593753,30.82595080929689
14,7,13,51.19311534315488,4.991067070772286,0.7279202374704206,-0.26555508699456604,0.133287549609375,28.948423077148455
14,8,0,51.19311534315488,4.991067070772286,0.7518028428975023,-0.28425546736554963,0.1559203140625,28.936333166562516
14,8,1,51.19311534315488,4.991067070772286,0.7252467828514064,-0.23035007921837958,0.15153149843750002,29.213673445625016
14,8,2,51.19311534315488,4.991067070772286,0.7583501809287918,-0.29325617719130126,0.1674268859375,28.608410196992203
14,8,3,51.19311534315488,4.991067070772286,0.735376784430452,-0.2405761171043697,0.1652742248046875,28.90023700613283
14,8,4,51.19311534315488,4.991067070772286,0.7353428509443728,-0.2589140019618187,0.16849191132812502,29.09774782589846
14,8,5,51.19311534315488,4.991067070772286,0.6609726448233648,-0.1890929062280456,0.16144863125000003,30.947918046406265
14,8,6,51.19311534315488,4.991067070772286,0.6640795416418109,-0.179907306328111,0.16368829785156253,30.253379052734395
14,8,7,51.19311534315488,4.991067070772286,0.6479399784234914,-0.14280188857015144,0.17273211738281252,31.558849066484395
14,8,8,51.19311534315488,4.991067070772286,0.6074497064891526,-0.1054072736376856,0.16204515234375,31.607208708828143
14,8,9,51.19311534315488,4.991067070772286,0.5658390062067322,-0.046955476094199575,0.16215555117187502,32.18538815445314
14,8,10,51.19311534315488,4.991067070772286,0.734053668421229,-0.22119435290554174,0.16760499414062502,31.396786852578145
14,8,11,51.19311534315488,4.991067070772286,0.7173918060767689,-0.23114864610087066,0.1488204130859375,30.03515983835939
14,8,12,51.19311534315488,4.991067070772286,0.7815179304209373,-0.30231561536795926,0.14784618671875,27.94443978453127
14,8,13,51.19311534315488,4.991067070772286,0.7087398962866139,-0.21325205386797433,0.1520443265625,28.626294719609394
14,9,0,51.19311534315488,4.991067070772286,0.790594715537307,-0.31177350888721694,0.1794937541015625,29.229094590546893
14,9,1,51.19311534315488,4.991067070772286,0.6696010242551174,-0.16530276050278414,0.16752794179687502,31.081554617421894
14,9,2,51.19311534315488,4.991067070772286,0.6714976007483893,-0.18110537821097325,0.16530004746093752,31.16822679253908
14,9,3,51.19311534315488,4.991067070772286,0.6812952746951153,-0.17425692000788812,0.16552546484375,30.149563371054704
14,9,4,51.19311534315488,4.991067070772286,0.683611667633931,-0.20270178984438383,0.16026003515625,30.300857486796897
14,9,5,51.19311534315488,4.991067070772286,0.6354024185887496,-0.15939373255129896,0.1535257244140625,31.27025335437502
14,9,6,51.19311534315488,4.991067070772286,0.5777975123638804,-0.11473934898223549,0.149406873046875,33.72593382886721
14,9,7,51.19311534315488,4.991067070772286,0.6375511152643958,-0.15312515965097712,0.1565994521484375,32.700461070664076
14,9,8,51.19311534315488,4.991067070772286,0.6933442439945812,-0.22054479494538454,0.16544385019531252,32.723893199960955
14,9,9,51.19311534315488,4.991067070772286,0.6379572146845702,-0.14105124994458298,0.16328471289062502,32.94420194609377
14,9,10,51.19311534315488,4.991067070772286,0.6126712234815923,-0.09904304164713225,0.1530292978515625,32.709233098554705
14,9,11,51.19311534315488,4.991067070772286,0.7506909899823078,-0.2782754162723551,0.1525629703125,28.424444616640642
14,9,12,51.19311534315488,4.991067070772286,0.6718720821523483,-0.16893606033305447,0.1538112875,28.796287808046895
14,9,13,51.19311534315488,4.991067070772286,0.736773082417908,-0.23485355869532692,0.158555273046875,27.742129049960955
14,10,0,51.19311534315488,4.991067070772286,0.7330941563596616,-0.22361835634558913,0.16757987832031251,29.216857811914082
14,10,1,51.19311534315488,4.991067070772286,0.638690374835152,-0.12174712790826184,0.16895045917968748,31.35539009082033
14,10,2,51.19311534315488,4.991067070772286,0.7021301866736667,-0.17938260935159517,0.16788207871093752,30.626110128242203
14,10,3,51.19311534315488,4.991067070772286,0.6579995148652031,-0.12459233902618587,0.1616772326171875,31.197633781015643
14,10,4,51.19311534315488,4.991067070772286,0.6133910356295788,-0.15732088216339554,0.14810222519531252,31.603323381406266
14,10,5,51.19311534315488,4.991067070772286,0.6138764173336556,-0.140872147751676,0.15424096347656252,32.077553628945324
14,10,6,51.19311534315488,4.991067070772286,0.4913081511624291,-0.040623547970599305,0.14104667949218752,35.71564872136721
14,10,7,51.19311534315488,4.991067070772286,0.48275517660136325,-0.022095380537392968,0.1420518560546875,35.591405029531266
14,10,8,51.19311534315488,4.991067070772286,0.6786324497504962,-0.19146603823219377,0.15898269824218753,31.33782600757814
14,10,9,51.19311534315488,4.991067070772286,0.6782295418566444,-0.1780623470598955,0.1540199994140625,31.788811048789086
14,10,10,51.19311534315488,4.991067070772286,0.7483538661427085,-0.27426648083491323,0.15584229746093753,29.92115017906252
14,10,11,51.19311534315488,4.991067070772286,0.7220395619366243,-0.2341631250176108,0.168069728125,30.210246577695333
14,10,12,51.19311534315488,4.991067070772286,0.6386157068096068,-0.1659851935265081,0.1603735861328125,29.986039152500016
14,10,13,51.19311534315488,4.991067070772286,0.7030260523360232,-0.19899069855774154,0.17629605585937502,28.84837255812502
14,11,0,51.19311534315488,4.991067070772286,0.7284328204907614,-0.2669543590385654,0.16854994023437503,29.14654807238283
14,11,1,51.19311534315488,4.991067070772286,0.6595606324622693,-0.18862845827613695,0.15910720234375003,29.773007050507836
14,11,2,51.19311534315488,4.991067070772286,0.6878685363314976,-0.17539537053364007,0.1631560451171875,29.567231565195332
14,11,3,51.19311534315488,4.991067070772286,0.6978635329273095,-0.2370915026008764,0.15927769355468752,30.68633270328127
14,11,4,51.19311534315488,4.991067070772286,0.5340158884032392,-0.08512594069083033,0.1379660783203125,34.14689770613283
14,11,5,51.19311534315488,4.991067070772286,0.5577869814034413,-0.08280916919002577,0.14974821738281252,32.6924100313672
14,11,6,51.19311534315488,4.991067070772286,0.4875208037565618,-0.046315844590557695,0.13963835742187503,35.68281036125002
14,11,7,51.19311534315488,4.991067070772286,0.6196909599939902,-0.14448187843718893,0.1528297333984375,32.7365171761719
14,11,8,51.19311534315488,4.991067070772286,0.7418581556879471,-0.2786066518798134,0.16661172031250002,31.180283324023456
14,11,9,51.19311534315488,4.991067070772286,0.6545097206819341,-0.18578677645410935,0.16078709980468753,32.91745860992189
14,11,10,51.19311534315488,4.991067070772286,0.6720871928287393,-0.21147133048014297,0.162743893359375,32.32252285531252
14,11,11,51.19311534315488,4.991067070772286,0.7101125452141419,-0.24588148076851685,0.16870751152343752,31.179395439921894
14,11,12,51.19311534315488,4.991067070772286,0.6845095276669958,-0.2167565828337142,0.16701305117187504,30.281277305820332
14,11,13,51.19311534315488,4.991067070772286,0.736093791183307,-0.2659990906710154,0.1752239029288703,28.12226361019533
14,12,0,51.19311534315488,4.991067070772286,0.6859014077804075,-0.21745369972008066,0.16723746347656254,29.77420869816408
14,12,1,51.19311534315488,4.991067070772286,0.7853107870579489,-0.3545752714780523,0.17442424218750002,27.959780819609392
14,12,2,51.19311534315488,4.991067070772286,0.7344714827904042,-0.2860538053458644,0.1660004091796875,28.702338988789084
14,12,3,51.19311534315488,4.991067070772286,0.6831182350152937,-0.23440694752441105,0.1569260640625,31.356738606523457
14,12,4,51.19311534315488,4.991067070772286,0.49859135496374446,-0.03653175247313681,0.15952323535156251,33.27068961429689
14,12,5,51.19311534315488,4.991067070772286,0.6301330626572308,-0.18507267021684246,0.15933050136718752,31.073116380546896
14,12,6,51.19311534315488,4.991067070772286,0.43484607756540106,-0.038341458951788664,0.13277118769531251,35.08107194574221
14,12,7,51.19311534315488,4.991067070772286,0.5676654709356768,-0.14274068269156054,0.1589891318359375,34.239117487929704
14,12,8,51.19311534315488,4.991067070772286,0.6585977661515336,-0.2118093490668431,0.1608423212890625,33.05774429796877
14,12,9,51.19311534315488,4.991067070772286,0.5046163901862436,-0.04641877414811306,0.1428994921875,36.00669445953127
14,12,10,51.19311534315488,4.991067070772286,0.6396061625959072,-0.17498151012505136,0.16378530507812503,33.429614192656274
14,12,11,51.19311534315488,4.991067070772286,0.6625972765423587,-0.19647371709456396,0.16446951445312502,31.847932113476585
14,12,12,51.19311534315488,4.991067070772286,0.699650417746914,-0.2187948920632089,0.1705253197265625,30.102305239062517
14,12,13,51.19311534315488,4.991067070772286,0.8149574580078393,-0.3866820264331325,0.13537782200000004,26.01865922316408
14,13,0,51.19311534315488,4.991067070772286,0.6022723287876086,-0.15481177768167476,0.15437549765625003,31.16221187843752
14,13,1,51.19311534315488,4.991067070772286,0.7539493888319495,-0.3025554169646493,0.16979724609375002,28.18613785894533
14,13,2,51.19311534315488,4.991067070772286,0.6967236214832379,-0.24565664008508542,0.16744821347656252,29.891142366757833
14,13,3,51.19311534315488,4.991067070772286,0.5770787690996669,-0.1210696959466064,0.1489824421875,32.07492335574221
14,13,4,51.19311534315488,4.991067070772286,0.5194448830979029,-0.06331814972113688,0.1398924388671875,32.97106544703127
14,13,5,51.19311534315488,4.991067070772286,0.47595089966418086,-0.04374232775876716,0.13878516738281252,32.41565054867189
14,13,6,51.19311534315488,4.991067070772286,0.47806417238959886,-0.05957327563582228,0.139872313671875,34.20790135214846
14,13,7,51.19311534315488,4.991067070772286,0.49022790084897727,-0.05620302430765971,0.130602516796875,34.01482995289064
14,13,8,51.19311534315488,4.991067070772286,0.46562777313368175,-0.029720138876061203,0.1320044068359375,35.81780212378908
14,13,9,51.19311534315488,4.991067070772286,0.4921804660949439,-0.04135498213559352,0.1375575208984375,36.122893787890646
14,13,10,51.19311534315488,4.991067070772286,0.5674695129106462,-0.09629865418516673,0.1445436296875,34.32572290484377
14,13,11,51.19311534315488,4.991067070772286,0.5865245558350588,-0.11862642254557362,0.15113017890625002,33.38987303433595
14,13,12,51.19311534315488,4.991067070772286,0.6631194060739278,-0.20884354580775918,0.14413707714843751,30.35043880425783
14,13,13,51.19311534315488,4.991067070772286,0.7144398156010578,-0.24852237683884804,0.15267287675781252,29.57429458308596
15,0,0,51.19311534315488,3.8376237433500338,0.45649387005379044,0.13169830007277097,0.13777488066406252,30.432938591679708
15,0,1,51.19311534315488,3.8376237433500338,0.4067161467342277,-0.13402897697652288,0.14601468486055777,31.084174780740756
15,0,2,51.19311534315488,3.8376237433500338,0.5740306202275971,-0.17793841863659482,0.12779237740384614,27.62899344840002
15,0,3,51.19311534315488,3.8376237433500338,0.6963833457387403,-0.371183851301908,0.12788078359375,27.414025833242206
15,0,4,51.19311534315488,3.8376237433500338,0.3179700120389306,0.028766784506535227,0.20575223281250002,33.228678677070334
15,0,5,51.19311534315488,3.8376237433500338,0.529298519175079,-0.1491125862178026,0.196412231640625,30.739552342812516
15,0,6,51.19311534315488,3.8376237433500338,0.49690409233203,-0.14745675645610523,0.188189616015625,33.06992767003908
15,0,7,51.19311534315488,3.8376237433500338,0.5278259957187927,-0.1555500603093168,0.19039453359375003,31.514474888867202
15,0,8,51.19311534315488,3.8376237433500338,0.5176876008008293,-0.17030661998287802,0.20908699687500004,33.22101483535158
15,0,9,51.19311534315488,3.8376237433500338,0.5818042828645705,-0.2013810692767626,0.1973068064453125,34.0186017913672
15,0,10,51.19311534315488,3.8376237433500338,0.6665039862133391,-0.22228138090750632,0.1693613693359375,31.88586412449221
15,0,11,51.19311534315488,3.8376237433500338,0.6269600779341991,-0.09806746852286374,0.168754065234375,33.942764472617206
15,0,12,51.19311534315488,3.8376237433500338,0.6363743625784077,-0.1542765691983165,0.16249105019531251,31.70830065582033
15,0,13,51.19311534315488,3.8376237433500338,0.5468636419116384,-0.1400172628237501,0.165957400390625,31.87056982015627
15,1,0,51.19311534315488,3.8376237433500338,0.6515429195659914,-0.11529624804277983,0.149025167578125,28.480074227304705
15,1,1,51.19311534315488,3.8376237433500338,0.6272605012257627,-0.23203096506102014,0.13519997936507938,31.38796095969959
15,1,2,51.19311534315488,3.8376237433500338,0.6211505989963173,-0.2461158883645938,0.1308793003968254,28.970542052183426
15,1,3,51.19311534315488,3.8376237433500338,0.6399794244547745,-0.3665816508970381,0.11924969375000001,29.167249791171898
15,1,4,51.19311534315488,3.8376237433500338,0.4724259356993217,-0.08758499861551329,0.19637537636718752,33.26823958824221
15,1,5,51.19311534315488,3.8376237433500338,0.62435834327743,-0.23831119112711505,0.19566676425781251,33.48359487570315
15,1,6,51.19311534315488,3.8376237433500338,0.6084925673953945,-0.2306430375813761,0.194545421875,33.493755474218766
15,1,7,51.19311534315488,3.8376237433500338,0.7010640450187182,-0.2822633411020138,0.19088486367187502,31.110781358750017
15,1,8,51.19311534315488,3.8376237433500338,0.5291642842118269,-0.18083155049397906,0.1861489037109375,33.98592365093752
15,1,9,51.19311534315488,3.8376237433500338,0.6359869711279708,-0.2666878041816729,0.19155968359375003,31.796862088085955
15,1,10,51.19311534315488,3.8376237433500338,0.6060134282194618,-0.1806260137004307,0.18527414394531252,32.652074725039085
15,1,11,51.19311534315488,3.8376237433500338,0.623739386637575,-0.14212480205082995,0.15805069179687503,32.162964074023456
15,1,12,51.19311534315488,3.8376237433500338,0.6534162129063644,-0.24195911643965812,0.17760537089843753,31.09011301906252
15,1,13,51.19311534315488,3.8376237433500338,0.7257343289766677,-0.3384296393432271,0.19174864882812503,29.986680031250017
15,2,0,51.19311534315488,3.8376237433500338,0.765714747570664,-0.3265853794657832,0.18085882363281253,29.67594062316408
15,2,1,51.19311534315488,3.8376237433500338,0.5645429538152051,-0.20481463071589864,0.12876903361344538,28.527125829864882
15,2,2,51.19311534315488,3.8376237433500338,0.48265656940866775,-0.20292323066838563,0.12340669362549801,30.473620048674718
15,2,3,51.19311534315488,3.8376237433500338,0.6767248152686257,-0.34204759574484633,0.15956551699218752,29.703271431523454
15,2,4,51.19311534315488,3.8376237433500338,0.6784484492916649,-0.28776914303735696,0.17265740820312503,30.72256905593752
15,2,5,51.19311534315488,3.8376237433500338,0.47999324440546653,-0.09630653508441321,0.194479080078125,34.31446079597658
15,2,6,51.19311534315488,3.8376237433500338,0.5405802322700413,-0.2035869808724159,0.18607616171875002,33.681873414804706
15,2,7,51.19311534315488,3.8376237433500338,0.7159583556411098,-0.3409039937806563,0.19467934375,31.137130821523456
15,2,8,51.19311534315488,3.8376237433500338,0.5848162585662361,-0.20843180438171682,0.1852720578125,33.537375284140644
15,2,9,51.19311534315488,3.8376237433500338,0.5752000529637048,-0.11770395893862005,0.16238204140625,34.731646158945324
15,2,10,51.19311534315488,3.8376237433500338,0.6509469214752628,-0.20030007790015003,0.1704413826171875,31.621928892617206
15,2,11,51.19311534315488,3.8376237433500338,0.577846779057046,-0.11490723009025158,0.16476031601562502,32.92038261921877
15,2,12,51.19311534315488,3.8376237433500338,0.723899957436255,-0.3434079029717184,0.18456841679687502,29.26782770000002
15,2,13,51.19311534315488,3.8376237433500338,0.6161734642768667,-0.22337749813265942,0.1734948591796875,30.33011760722658
15,3,0,51.19311534315488,3.8376237433500338,0.5679517782129639,-0.10276552604967452,0.16244853046875002,33.51792194375002
15,3,1,51.19311534315488,3.8376237433500338,0.5408696937499454,-0.2177299572275949,0.12249364081196583,28.2624346862617
15,3,2,51.19311534315488,3.8376237433500338,0.5125322327317999,-0.12351883567707474,0.1391018247983871,31.61302532133605
15,3,3,51.19311534315488,3.8376237433500338,0.6533851937292972,-0.20971408543606812,0.1612079693359375,31.53448232234377
15,3,4,51.19311534315488,3.8376237433500338,0.6912635522759708,-0.259794487429719,0.17005214902343752,31.220578575429705
15,3,5,51.19311534315488,3.8376237433500338,0.6830646407211944,-0.24877442939339428,0.17037077988281252,31.289573178359394
15,3,6,51.19311534315488,3.8376237433500338,0.5529447841221173,-0.18322042537498143,0.1773548515625,33.43976811535158
15,3,7,51.19311534315488,3.8376237433500338,0.7122102759171277,-0.34247187649281735,0.187111707421875,30.569439089609396
15,3,8,51.19311534315488,3.8376237433500338,0.6815863895597234,-0.24343288204650324,0.1698191890625,32.10459070121095
15,3,9,51.19311534315488,3.8376237433500338,0.6024672549487458,-0.1497052789292223,0.15479220878906252,33.76005394648439
15,3,10,51.19311534315488,3.8376237433500338,0.7228961344022505,-0.2777074211398915,0.16671000195312502,31.009108615390645
15,3,11,51.19311534315488,3.8376237433500338,0.7092906932618592,-0.28778016955397867,0.16712865488281248,31.309680749140643
15,3,12,51.19311534315488,3.8376237433500338,0.6729528868229994,-0.21171667177800488,0.17262480371093752,30.75971332015627
15,3,13,51.19311534315488,3.8376237433500338,0.7037839456063797,-0.14897425846854467,0.17358816640625002,30.656211402031268
15,4,0,51.19311534315488,3.8376237433500338,0.5562719749159608,-0.09376434080199846,0.15313364375,33.85532457816408
15,4,1,51.19311534315488,3.8376237433500338,0.4793017028293693,-0.13014816113570749,0.10801704030172414,30.42491984891894
15,4,2,51.19311534315488,3.8376237433500338,0.4179965276987862,-0.0675288468411891,0.12614574648437502,34.002012377890644
15,4,3,51.19311534315488,3.8376237433500338,0.5691052973910835,-0.14277539821282575,0.14108874453125,35.15726308296877
15,4,4,51.19311534315488,3.8376237433500338,0.5219154792899743,-0.10832889569709925,0.140081289453125,35.73926777363283
15,4,5,51.19311534315488,3.8376237433500338,0.663684718565261,-0.22239705488320544,0.15463176230468753,32.58946220632814
15,4,6,51.19311534315488,3.8376237433500338,0.693584272141752,-0.22352076018675654,0.1518006962890625,31.687518827187517
15,4,7,51.19311534315488,3.8376237433500338,0.7568614430532163,-0.3285814128439579,0.18127244726562503,30.620529142460956
15,4,8,51.19311534315488,3.8376237433500338,0.664476605615353,-0.18544103691549946,0.15866606875,31.57925704917971
15,4,9,51.19311534315488,3.8376237433500338,0.7706104027439261,-0.33099710083576184,0.17292326386718748,29.505239897773457
15,4,10,51.19311534315488,3.8376237433500338,0.7455753172852719,-0.30682464957744177,0.173506306640625,29.341468673867208
15,4,11,51.19311534315488,3.8376237433500338,0.691533250724111,-0.24873570714301363,0.17790470703125003,30.82249941019533
15,4,12,51.19311534315488,3.8376237433500338,0.6066811177661743,-0.15067974864232084,0.1683332693359375,30.712268265195327
15,4,13,51.19311534315488,3.8376237433500338,0.5985818069994309,-0.13117616052877631,0.16603649882812502,31.44290341929689
15,5,0,51.19311534315488,3.8376237433500338,0.4399332451611924,-0.05160203044278304,0.1313732564453125,36.13785430121096
15,5,1,51.19311534315488,3.8376237433500338,0.45847988650917754,-0.10218743997326779,0.09978359008097167,33.37817081583335
15,5,2,51.19311534315488,3.8376237433500338,0.4535865181835863,-0.06508282603493365,0.126632903515625,37.05719486808596
15,5,3,51.19311534315488,3.8376237433500338,0.4292721114594914,-0.040554537290422236,0.11419276953125002,38.43754088246095
15,5,4,51.19311534315488,3.8376237433500338,0.5163943868783847,-0.09022169625356713,0.136405216015625,36.3930041535547
15,5,5,51.19311534315488,3.8376237433500338,0.6601200556164277,-0.23024816443692048,0.15209807187500002,32.71185669593752
15,5,6,51.19311534315488,3.8376237433500338,0.5816485288599976,-0.10945729075052464,0.1559153455078125,34.96701555570314
15,5,7,51.19311534315488,3.8376237433500338,0.638659811163238,-0.17888244541596535,0.161195397265625,32.13835700035158
15,5,8,51.19311534315488,3.8376237433500338,0.7069403206698505,-0.2781844466973643,0.1618019951171875,30.23331821269533
15,5,9,51.19311534315488,3.8376237433500338,0.6829143644245663,-0.22625947628430973,0.17286906132812502,30.810623125859394
15,5,10,51.19311534315488,3.8376237433500338,0.7518417113200369,-0.3025891631686224,0.16629052265625,29.564901703906266
15,5,11,51.19311534315488,3.8376237433500338,0.7720139121320981,-0.3459949495805821,0.16700085683593752,30.27697807753908
15,5,12,51.19311534315488,3.8376237433500338,0.663411930818768,-0.20036607763550512,0.17036466562500002,31.47576180687502
15,5,13,51.19311534315488,3.8376237433500338,0.7517543891394072,-0.2842497448955393,0.18078087480468752,29.68717602875002
15,6,0,51.19311534315488,3.8376237433500338,0.431509967804522,-0.026195107013967288,0.1320049724609375,35.308009781445335
15,6,1,51.19311534315488,3.8376237433500338,0.4098406158195519,-0.07460299240183854,0.0998889403292181,32.678936373215876
15,6,2,51.19311534315488,3.8376237433500338,0.5452229347391585,-0.09430208259825393,0.1410052095703125,33.5904413798047
15,6,3,51.19311534315488,3.8376237433500338,0.4620303989188921,-0.06044743069031467,0.1302197078125,35.795037576523455
15,6,4,51.19311534315488,3.8376237433500338,0.4595436609772636,-0.050398555495550605,0.1302835484375,36.90249608398439
15,6,5,51.19311534315488,3.8376237433500338,0.5209409021283298,-0.0904568542151013,0.1412290697265625,35.73110324539064
15,6,6,51.19311534315488,3.8376237433500338,0.5581228593527047,-0.16162099735308846,0.14720678320312502,37.00869503351565
15,6,7,51.19311534315488,3.8376237433500338,0.7218687910325443,-0.2895100842748588,0.12936289648437502,29.129251021953145
15,6,8,51.19311534315488,3.8376237433500338,0.7530195357092863,-0.3151768805287646,0.135557923828125,28.06157372773439
15,6,9,51.19311534315488,3.8376237433500338,0.6723687701498289,-0.2074747855000389,0.151764747265625,31.112537099492204
15,6,10,51.19311534315488,3.8376237433500338,0.6019900010999222,-0.1416648360888791,0.14631678593750003,32.72729119250002
15,6,11,51.19311534315488,3.8376237433500338,0.7112504352656158,-0.2642673184548259,0.17633747675781253,31.38876919238283
15,6,12,51.19311534315488,3.8376237433500338,0.789832995692455,-0.3528306793628812,0.16338217890625,29.330073048593768
15,6,13,51.19311534315488,3.8376237433500338,0.7401769032983434,-0.2589696078156609,0.1815582373046875,31.12109550113283
15,7,0,51.19311534315488,3.8376237433500338,0.5831086337844443,-0.15010248228619763,0.14222897753906252,32.524586584531264
15,7,1,51.19311534315488,3.8376237433500338,0.5458249921597413,-0.18650928454954932,0.10760131521739132,29.712490251643853
15,7,2,51.19311534315488,3.8376237433500338,0.59525090648999,-0.1777576896705204,0.1398528484375,31.288024388046896
15,7,3,51.19311534315488,3.8376237433500338,0.6287035611057838,-0.19429062992715349,0.1569867408203125,32.70200986097659
15,7,4,51.19311534315488,3.8376237433500338,0.7284149021284254,-0.2991645655620346,0.153271135546875,29.34065422378908
15,7,5,51.19311534315488,3.8376237433500338,0.5352759037876964,-0.13827954770794887,0.132438547265625,34.73949692363283
15,7,6,51.19311534315488,3.8376237433500338,0.6501022649354355,-0.2485232471630221,0.13113951250000003,30.97991525316408
15,7,7,51.19311534315488,3.8376237433500338,0.7809532833434897,-0.34496558959265283,0.1329410580078125,27.25686367144533
15,7,8,51.19311534315488,3.8376237433500338,0.7533813810468346,-0.32838855044542375,0.150257794921875,28.34533614593752
15,7,9,51.19311534315488,3.8376237433500338,0.6387995879455711,-0.18241715183358242,0.1498215984375,32.57502908281252
15,7,10,51.19311534315488,3.8376237433500338,0.6538258814717637,-0.18522670328586802,0.15960252265625002,31.717880457968768
15,7,11,51.19311534315488,3.8376237433500338,0.6886878336248194,-0.25492168153486583,0.171564779296875,31.234504336601578
15,7,12,51.19311534315488,3.8376237433500338,0.7159398821493009,-0.27428806278909956,0.15152223828125,29.633462378515645
15,7,13,51.19311534315488,3.8376237433500338,0.6384676658800846,-0.17278149902597634,0.16547447207031252,31.89786724941408
15,8,0,51.19311534315488,3.8376237433500338,0.45197418331302863,-0.03926584616094271,0.1534575205078125,33.65796730226564
15,8,1,51.19311534315488,3.8376237433500338,0.3595968852109267,-0.07819044274627622,0.110596321875,30.437520946763506
15,8,2,51.19311534315488,3.8376237433500338,0.6351392429986895,-0.1941598447859481,0.13342964707031252,30.920126606445333
15,8,3,51.19311534315488,3.8376237433500338,0.799217706178825,-0.35372805064988355,0.1399165376953125,27.345932466054705
15,8,4,51.19311534315488,3.8376237433500338,0.8060654155660789,-0.36837529228670585,0.13408365859375002,27.41568811250002
15,8,5,51.19311534315488,3.8376237433500338,0.5989952575400024,-0.1872468208862963,0.130578518359375,33.23585518390627
15,8,6,51.19311534315488,3.8376237433500338,0.5496568843753511,-0.1421226408042999,0.14078853496093752,33.147867872187526
15,8,7,51.19311534315488,3.8376237433500338,0.7867232883368684,-0.32071699123545955,0.112686669140625,26.84891764378908
15,8,8,51.19311534315488,3.8376237433500338,0.7921660777780054,-0.3628666732725808,0.1309033794921875,26.854064701250017
15,8,9,51.19311534315488,3.8376237433500338,0.6046548198945136,-0.12977486515815934,0.14405907480468752,32.6041823901172
15,8,10,51.19311534315488,3.8376237433500338,0.6802698538324856,-0.22157876644858693,0.15833611035156253,31.91918981949221
15,8,11,51.19311534315488,3.8376237433500338,0.686429552581654,-0.21079184064788953,0.169337966015625,32.259256106210955
15,8,12,51.19311534315488,3.8376237433500338,0.679095127997202,-0.2242228252025132,0.160682620703125,30.92215605582033
15,8,13,51.19311534315488,3.8376237433500338,0.6204448540008171,-0.15775124217294176,0.16491443632812502,32.24477625195314
15,9,0,51.19311534315488,3.8376237433500338,0.3573517132760135,0.009603825984148611,0.164618275390625,33.90937152200003
15,9,1,51.19311534315488,3.8376237433500338,0.2929149216407851,0.0015233863222750758,0.13013858826530614,31.273965331157044
15,9,2,51.19311534315488,3.8376237433500338,0.5288479585409332,-0.14490887134520605,0.11410986621093751,35.79755436078126
15,9,3,51.19311534315488,3.8376237433500338,0.3028417769222169,-0.023278826307447376,0.09469840234375002,41.627815272500015
15,9,4,51.19311534315488,3.8376237433500338,0.3076323436314431,0.02065883357713521,0.08688620019531251,44.11734883179689
15,9,5,51.19311534315488,3.8376237433500338,0.43604441799191895,-0.0427297120006546,0.09514155722656252,37.28752402050783
15,9,6,51.19311534315488,3.8376237433500338,0.5421793658505725,-0.1496807550169017,0.125888810546875,32.642161131875014
15,9,7,51.19311534315488,3.8376237433500338,0.7708679883899647,-0.3120513830201637,0.1113356828125,27.21773001277346
15,9,8,51.19311534315488,3.8376237433500338,0.7258561783689433,-0.2673613671897529,0.13270171621093751,29.427166179218773
15,9,9,51.19311534315488,3.8376237433500338,0.5790363444312943,-0.10121271176149237,0.156239115234375,33.149970755585954
15,9,10,51.19311534315488,3.8376237433500338,0.693032746934473,-0.23355790039607302,0.1563707689453125,31.516711288671896
15,9,11,51.19311534315488,3.8376237433500338,0.6468483728063479,-0.15611315218467184,0.16824098828125,32.61432963699221
15,9,12,51.19311534315488,3.8376237433500338,0.5912676985480121,-0.08299110483042313,0.16406884453125,32.907418176171895
15,9,13,51.19311534315488,3.8376237433500338,0.6704494380036863,-0.22009847017197712,0.17187996640625003,32.33181559718752
15,10,0,51.19311534315488,3.8376237433500338,0.346799430454477,-0.006075026974653168,0.15641774173728815,34.51907354878051
15,10,1,51.19311534315488,3.8376237433500338,0.27876133402224335,-0.008135451253539564,0.10037785,30.127666882727286
15,10,2,51.19311534315488,3.8376237433500338,0.38449146849808596,-0.05160633410348414,0.08996437797619047,40.265651553992114
15,10,3,51.19311534315488,3.8376237433500338,0.4511896725835679,-0.13248655486181501,0.10728850800781252,36.18249551164065
15,10,4,51.19311534315488,3.8376237433500338,0.6258956193400518,-0.24138573542652558,0.10483337109375,31.219190004804705
15,10,5,51.19311534315488,3.8376237433500338,0.6781852051804649,-0.2693323739319574,0.11016395742187501,30.374538515585954
15,10,6,51.19311534315488,3.8376237433500338,0.6518725508700346,-0.22575955978058662,0.1485074712890625,31.718487957617207
15,10,7,51.19311534315488,3.8376237433500338,0.7493670181287739,-0.29897117103499055,0.1383802892578125,29.096332551992205
15,10,8,51.19311534315488,3.8376237433500338,0.6999651670821447,-0.22868473453535015,0.143397101171875,30.96533526160158
15,10,9,51.19311534315488,3.8376237433500338,0.6304864010397224,-0.1774152496219844,0.1523258162109375,31.780346108632834
15,10,10,51.19311534315488,3.8376237433500338,0.6277304193742053,-0.1768359542027722,0.14088664042968752,32.519980268515646
15,10,11,51.19311534315488,3.8376237433500338,0.5642690425989725,-0.10806058586390882,0.14532903671875,34.95736899535158
15,10,12,51.19311534315488,3.8376237433500338,0.5579424902372263,-0.07679248774325546,0.15062852304687502,32.397071740742206
15,10,13,51.19311534315488,3.8376237433500338,0.6341280420017287,-0.21605186833297774,0.16799538671875003,30.523843236875017
15,11,0,51.19311534315488,3.8376237433500338,0.46393939457509736,-0.08417007121713498,0.14086457078651685,33.38044841879583
15,11,1,51.19311534315488,3.8376237433500338,0.310426689041101,0.03996014126011013,0.06912306721854304,32.53226166973686
15,11,2,51.19311534315488,3.8376237433500338,0.2163243657455842,0.03637649084799108,0.07753919096385543,46.60734263000002
15,11,3,51.19311534315488,3.8376237433500338,0.25574903715004277,-0.0850638785108436,0.10915140703125001,39.231416082382836
15,11,4,51.19311534315488,3.8376237433500338,0.7668236356035332,-0.29776510524105493,0.1291110828125,28.62228255160158
15,11,5,51.19311534315488,3.8376237433500338,0.5677324239498958,-0.16197590281118635,0.12494611699218752,33.8329071735547
15,11,6,51.19311534315488,3.8376237433500338,0.6487239537910061,-0.21651622909112683,0.16433825917968753,32.54952744921877
15,11,7,51.19311534315488,3.8376237433500338,0.749468061032674,-0.340195564238297,0.17210182070312502,29.184293160429707
15,11,8,51.19311534315488,3.8376237433500338,0.5916648285168538,-0.1376075792405331,0.148006583984375,33.041301752539084
15,11,9,51.19311534315488,3.8376237433500338,0.4977193987319789,-0.06796901760762947,0.13093916015625,35.269396836757835
15,11,10,51.19311534315488,3.8376237433500338,0.5236041639308937,-0.0916334748100868,0.12978154355468752,36.27073650453127
15,11,11,51.19311534315488,3.8376237433500338,0.607656842009598,-0.1639872804217957,0.15644711660156252,33.29206559093752
15,11,12,51.19311534315488,3.8376237433500338,0.5989890054050104,-0.1168228009910745,0.15488471152343752,32.04738559695315
15,11,13,51.19311534315488,3.8376237433500338,0.6615556221620038,-0.2008609768241017,0.16776484023437502,31.837357614101585
15,12,0,51.19311534315488,3.8376237433500338,0.3265383624192144,-0.041904847423259145,0.1435624230769231,30.507354291735552
15,12,1,51.19311534315488,3.8376237433500338,0.20537051669688203,0.07778911053438047,0.06534734573991031,32.381454030000015
15,12,2,51.19311534315488,3.8376237433500338,0.16645109155637364,0.07380127790064372,0.06575846410256411,41.07855938569171
15,12,3,51.19311534315488,3.8376237433500338,0.20898854728031557,-0.023497528908124527,0.09770386621093752,40.43548038558596
15,12,4,51.19311534315488,3.8376237433500338,0.4714148836441754,-0.17710604726614496,0.1163047908203125,34.13648342644533
15,12,5,51.19311534315488,3.8376237433500338,0.612277117254667,-0.20422674253582657,0.1395786712890625,32.65636060167971
15,12,6,51.19311534315488,3.8376237433500338,0.7546175026591924,-0.3125996434864857,0.17520581835937502,30.535666114648457
15,12,7,51.19311534315488,3.8376237433500338,0.6220420708319189,-0.20243947644929905,0.17773156679687502,32.240717353203145
15,12,8,51.19311534315488,3.8376237433500338,0.6502796341391397,-0.1927564113130953,0.163904449609375,32.50027324695314
15,12,9,51.19311534315488,3.8376237433500338,0.6002606519264431,-0.13033159797128074,0.14556756171875002,33.85231378320314
15,12,10,51.19311534315488,3.8376237433500338,0.5291540224917661,-0.10893739243285241,0.14006135859375,34.90284757085939
15,12,11,51.19311534315488,3.8376237433500338,0.7250937047329893,-0.24455041047809267,0.16188050195312503,29.150346614140645
15,12,12,51.19311534315488,3.8376237433500338,0.7695300243184011,-0.30984799623541986,0.15736235175781252,28.37418236550783
15,12,13,51.19311534315488,3.8376237433500338,0.7429636320561495,-0.2656775180977411,0.17304734101562502,29.89298489316408
15,13,0,51.19311534315488,3.8376237433500338,0.3002101157559976,0.07734221544521094,0.0587898898989899,32.325142563304375
15,13,1,51.19311534315488,3.8376237433500338,0.20359171105262194,0.18612955452513572,0.05262938230452675,33.73099109000002
15,13,2,51.19311534315488,3.8376237433500338,0.14426339605389069,0.05916210042590855,0.08340610101214575,35.478236523593765
15,13,3,51.19311534315488,3.8376237433500338,0.15984084878888832,-0.01194038675868209,0.1163327126953125,37.778717527460955
15,13,4,51.19311534315488,3.8376237433500338,0.3910069231990576,-0.08664432896679633,0.1231181318359375,35.16402568894533
15,13,5,51.19311534315488,3.8376237433500338,0.6303576333066124,-0.1599496594083827,0.1629908412109375,33.488908828671896
15,13,6,51.19311534315488,3.8376237433500338,0.6682432521524007,-0.21948435135983652,0.16839155,32.1226087402344
15,13,7,51.19311534315488,3.8376237433500338,0.6498747530317569,-0.20383642824171233,0.16492126015625003,32.24274680257814
15,13,8,51.19311534315488,3.8376237433500338,0.5179529995259828,-0.061184609137433045,0.1468426625,34.36607823863283
15,13,9,51.19311534315488,3.8376237433500338,0.5600155716518936,-0.08188791478040475,0.156081132421875,33.84393562871095
15,13,10,51.19311534315488,3.8376237433500338,0.6262304351250813,-0.14763963433543972,0.15459347246093752,31.76129331746096
15,13,11,51.19311534315488,3.8376237433500338,0.7533302438270737,-0.30311626139918346,0.1767694228515625,29.84749585355471
15,13,12,51.19311534315488,3.8376237433500338,0.8161700259400135,-0.3871993581465853,0.1822938064453125,28.62911191578127
15,13,13,51.19311534315488,3.8376237433500338,0.8247525504791021,-0.39538167420564707,0.1821306802734375,28.47070805140627
16,0,0,50.95164929931729,4.606585961631535,0.5607855125267072,-0.1150494012123297,0.15423766347656254,31.166751436250017
16,0,1,50.95164929931729,4.606585961631535,0.5556805367730374,-0.13317403940899467,0.14328755273437502,30.135564175859393
16,0,2,50.95164929931729,4.606585961631535,0.569407707761348,-0.14871769585100364,0.15074114199218752,31.398943142539082
16,0,3,50.95164929931729,4.606585961631535,0.7480009814363072,-0.2880940859306084,0.16152316718750004,27.44464114519533
16,0,4,50.95164929931729,4.606585961631535,0.6685368794653429,-0.1665191208961911,0.168404354296875,27.781589823828142
16,0,5,50.95164929931729,4.606585961631535,0.6548578904119168,-0.15121971201212464,0.1577042599609375,28.107216311210955
16,0,6,50.95164929931729,4.606585961631535,0.6268629842646388,-0.15284342624779204,0.1605882080078125,30.165184790585954
16,0,7,50.95164929931729,4.606585961631535,0.6161886586601282,-0.12660606113387812,0.16824546367187498,30.289375075859393
16,0,8,50.95164929931729,4.606585961631535,0.6066521079320554,-0.1404850435235636,0.15670671132812503,31.21062492734377
16,0,9,50.95164929931729,4.606585961631535,0.5170057913590458,-0.0687246426326155,0.14017744160156254,29.849438517265643
16,0,10,50.95164929931729,4.606585961631535,0.5115868634477383,-0.0660700705333249,0.1426161232421875,33.15097212863283
16,0,11,50.95164929931729,4.606585961631535,0.5159478950729084,-0.09345332358302247,0.144774239453125,33.681746574218764
16,0,12,50.95164929931729,4.606585961631535,0.6359101829436422,-0.20482768653565428,0.1638609111328125,27.591569274453143
16,0,13,50.95164929931729,4.606585961631535,0.6000372764562926,-0.1487529195952661,0.1629940818359375,28.90264030144533
16,1,0,50.95164929931729,4.606585961631535,0.5506511881239713,-0.1562654004736073,0.15366344707031251,30.59868585839846
16,1,1,50.95164929931729,4.606585961631535,0.6214757114976455,-0.1657663144839498,0.1593728056640625,30.229232610664084
16,1,2,50.95164929931729,4.606585961631535,0.6339767039682018,-0.18902802919652154,0.1607575171875,32.05426169187502
16,1,3,50.95164929931729,4.606585961631535,0.5980017417624115,-0.17019115349355804,0.16120085214843752,31.462430193710958
16,1,4,50.95164929931729,4.606585961631535,0.6970248004445287,-0.23757211719878332,0.1543204173828125,27.62550246910158
16,1,5,50.95164929931729,4.606585961631535,0.7749896599744739,-0.30427627312536737,0.1608954890625,25.55283383339846
16,1,6,50.95164929931729,4.606585961631535,0.7394266789535512,-0.2536425207890988,0.16922955078125002,27.959527138437515
16,1,7,50.95164929931729,4.606585961631535,0.7372551487855143,-0.24746341647859366,0.16448041796875001,27.015919964726578
16,1,8,50.95164929931729,4.606585961631535,0.6905489474698648,-0.2196149380032277,0.165796011328125,28.619191646796892
16,1,9,50.95164929931729,4.606585961631535,0.5384716668023708,-0.0926681739852121,0.1534484091796875,31.113765450429707
16,1,10,50.95164929931729,4.606585961631535,0.478981491932837,-0.04349845370274316,0.14062630566406253,33.77640970625002
16,1,11,50.95164929931729,4.606585961631535,0.4840732830665404,-0.06046716613836743,0.13406366582031254,36.27657117148439
16,1,12,50.95164929931729,4.606585961631535,0.6427639511169067,-0.19006643907457507,0.157452546484375,31.843245687617205
16,1,13,50.95164929931729,4.606585961631535,0.49989239816994097,-0.058674233475329934,0.15291031601562505,33.22635549160158
16,2,0,50.95164929931729,4.606585961631535,0.6120764882938294,-0.17640244798315236,0.14736692089843753,30.246215897539084
16,2,1,50.95164929931729,4.606585961631535,0.5071101099066051,-0.09188155951550438,0.1591674291015625,32.40956220054689
16,2,2,50.95164929931729,4.606585961631535,0.6966413333199516,-0.24087247437793358,0.17198947109375,29.835145585976576
16,2,3,50.95164929931729,4.606585961631535,0.577730945969599,-0.1305579140619365,0.16261521796875,33.059072786210955
16,2,4,50.95164929931729,4.606585961631535,0.6121958787817795,-0.14068747191636843,0.1697584763671875,30.72550641687502
16,2,5,50.95164929931729,4.606585961631535,0.7340706770080749,-0.2807984265692017,0.156502640234375,28.13371264203127
16,2,6,50.95164929931729,4.606585961631535,0.77755720097442,-0.29836419147552007,0.1697728787109375,26.339485795742206
16,2,7,50.95164929931729,4.606585961631535,0.8340455891961644,-0.38413683771661405,0.16190839277343752,25.10684898160158
16,2,8,50.95164929931729,4.606585961631535,0.7060580836104068,-0.2321589790975101,0.1595404708984375,28.429978871679708
16,2,9,50.95164929931729,4.606585961631535,0.629128531666906,-0.1573355998360404,0.15648574296875,31.456008054570333
16,2,10,50.95164929931729,4.606585961631535,0.5358111653452655,-0.07411322649884819,0.15165591738281253,32.90663710519533
16,2,11,50.95164929931729,4.606585961631535,0.5753151475796214,-0.11458776444309397,0.14385780585937502,33.3723757092969
16,2,12,50.95164929931729,4.606585961631535,0.6892272637646774,-0.23658590796855605,0.15181792402343752,29.507049045078144
16,2,13,50.95164929931729,4.606585961631535,0.8254513329505195,-0.374203901276761,0.1600008154296875,26.189179701406267
16,3,0,50.95164929931729,4.606585961631535,0.618033699396532,-0.16269171847344063,0.1692156775390625,29.783815203593768
16,3,1,50.95164929931729,4.606585961631535,0.5386178150449059,-0.12511045226360792,0.16056189003906252,31.46457980785158
16,3,2,50.95164929931729,4.606585961631535,0.4633591341534693,-0.1092427794055844,0.16823809609375,36.286357924062514
16,3,3,50.95164929931729,4.606585961631535,0.49290087034766206,-0.12824121239937686,0.1653943466796875,35.77151866156252
16,3,4,50.95164929931729,4.606585961631535,0.6366591828483819,-0.20737153911870496,0.17319557148437503,31.212006822148457
16,3,5,50.95164929931729,4.606585961631535,0.6428477782315449,-0.1628762819037382,0.1667458837890625,30.861152409804706
16,3,6,50.95164929931729,4.606585961631535,0.5517144213887033,-0.13406849351520073,0.15379333222656252,33.984601838515644
16,3,7,50.95164929931729,4.606585961631535,0.5920085819224749,-0.20481895834620084,0.13866633750000001,33.519170322148454
16,3,8,50.95164929931729,4.606585961631535,0.7360459523532163,-0.3097606495897163,0.154687338671875,29.082900801523454
16,3,9,50.95164929931729,4.606585961631535,0.8025480116510507,-0.33021947822140085,0.16644434902343752,28.424137528906268
16,3,10,50.95164929931729,4.606585961631535,0.7973570368995014,-0.31883749508733106,0.16703006484375002,27.260695592304703
16,3,11,50.95164929931729,4.606585961631535,0.6564434365733579,-0.15791009552879143,0.1665070505859375,30.265856160898455
16,3,12,50.95164929931729,4.606585961631535,0.7708113292730601,-0.2828177996296155,0.1657631841796875,26.957019202109393
16,3,13,50.95164929931729,4.606585961631535,0.8278038631188319,-0.3606558702260322,0.16025690839843754,25.563541849179707
16,4,0,50.95164929931729,4.606585961631535,0.5773370468492791,-0.13919731588371945,0.17643479648437502,30.013430043242206
16,4,1,50.95164929931729,4.606585961631535,0.6433306874552391,-0.2296928449434958,0.18169228515625002,29.237446041757835
16,4,2,50.95164929931729,4.606585961631535,0.5099664861162094,-0.06952430239184748,0.1684532892578125,30.882675254492206
16,4,3,50.95164929931729,4.606585961631535,0.3709335794516726,-0.03469312764708159,0.1430163123046875,39.044326218125015
16,4,4,50.95164929931729,4.606585961631535,0.501265969815866,-0.14401985528258204,0.1672425931640625,34.14432751531252
16,4,5,50.95164929931729,4.606585961631535,0.6757753973531082,-0.22843233246640465,0.1678100150390625,30.389438946523455
16,4,6,50.95164929931729,4.606585961631535,0.5497170387368324,-0.12521304486056511,0.1521190681640625,35.667342485585955
16,4,7,50.95164929931729,4.606585961631535,0.5307831412359978,-0.09137687409179966,0.1485238201171875,35.32466595312502
16,4,8,50.95164929931729,4.606585961631535,0.6140585599486204,-0.15507169823675127,0.15361443671875002,32.645645910078144
16,4,9,50.95164929931729,4.606585961631535,0.5917939266421518,-0.13800024062278574,0.15057010078125,33.70587298882814
16,4,10,50.95164929931729,4.606585961631535,0.6125162339259965,-0.15085869201680005,0.15274457929687502,31.45783055351564
16,4,11,50.95164929931729,4.606585961631535,0.5498010710943233,-0.08137847570444016,0.16204087851562504,32.50957934046877
16,4,12,50.95164929931729,4.606585961631535,0.6837976553949391,-0.20617855125905377,0.16365629902343753,30.076336298046893
16,4,13,50.95164929931729,4.606585961631535,0.8030852449558559,-0.35923171441564594,0.16596912109375,27.156980047929707
16,5,0,50.95164929931729,4.606585961631535,0.6708699039938739,-0.23599435040977151,0.17315944433593752,28.87774616750002
16,5,1,50.95164929931729,4.606585961631535,0.6827409389477732,-0.24982625732992297,0.1810032359375,29.72543515496096
16,5,2,50.95164929931729,4.606585961631535,0.7473085316837209,-0.30368269867026354,0.17085580410156254,27.54445133468752
16,5,3,50.95164929931729,4.606585961631535,0.7380380222330671,-0.291474029108812,0.1402756611328125,28.582728316250016
16,5,4,50.95164929931729,4.606585961631535,0.46577492223642136,-0.09673794533971282,0.1547790486328125,34.220765657890645
16,5,5,50.95164929931729,4.606585961631535,0.48963091037944934,-0.13151963469114855,0.158422841015625,36.24687044691409
16,5,6,50.95164929931729,4.606585961631535,0.35440141052086294,-0.041379250789234726,0.1683220712890625,38.688491643828144
16,5,7,50.95164929931729,4.606585961631535,0.5307761541044524,-0.08404680075071949,0.15608385566406252,34.71221952183596
16,5,8,50.95164929931729,4.606585961631535,0.6951081086482676,-0.2058768480110218,0.16186117265625,28.20820144507814
16,5,9,50.95164929931729,4.606585961631535,0.7608573269399677,-0.2921787901112916,0.15175665390625,28.331530549531266
16,5,10,50.95164929931729,4.606585961631535,0.70791986194284,-0.23015160224759873,0.14902693085937502,29.01064515200002
16,5,11,50.95164929931729,4.606585961631535,0.5438121117936419,-0.10343427365183093,0.14532342343750002,32.91423418871095
16,5,12,50.95164929931729,4.606585961631535,0.557286029391172,-0.09484808632124223,0.15403486640625,33.024111515234395
16,5,13,50.95164929931729,4.606585961631535,0.5567909215714182,-0.10155865024095329,0.170994164453125,31.857371723398458
16,6,0,50.95164929931729,4.606585961631535,0.5395660867482974,-0.11560532312261432,0.179732346875,31.64281753437502
16,6,1,50.95164929931729,4.606585961631535,0.6830042932160616,-0.24650686717907544,0.175696963671875,30.925260312265642
16,6,2,50.95164929931729,4.606585961631535,0.5754382700709804,-0.13525112079036306,0.1809222751953125,31.384129497265643
16,6,3,50.95164929931729,4.606585961631535,0.754910452976234,-0.29055000822074994,0.14531509296875,28.75832909375002
16,6,4,50.95164929931729,4.606585961631535,0.6897311015852171,-0.2474685967184188,0.133862806640625,28.845455224648457
16,6,5,50.95164929931729,4.606585961631535,0.43671017651828714,-0.06547885910358657,0.1586062748046875,34.14211114296877
16,6,6,50.95164929931729,4.606585961631535,0.5782041013950192,-0.18678671857285045,0.176709093359375,30.25635646859377
16,6,7,50.95164929931729,4.606585961631535,0.65594625643105,-0.21904066485472146,0.16674639375,32.43677284414064
16,6,8,50.95164929931729,4.606585961631535,0.7689735661362511,-0.33373531487020347,0.15974839375,28.929877648320335
16,6,9,50.95164929931729,4.606585961631535,0.8507645228183489,-0.38125417941827144,0.16453964941406252,26.06253271425783
16,6,10,50.95164929931729,4.606585961631535,0.8139440173749508,-0.3309645865381024,0.1552380572265625,26.87732325921877
16,6,11,50.95164929931729,4.606585961631535,0.6922106723536141,-0.2344812244025179,0.15994782031250002,29.47902395140627
16,6,12,50.95164929931729,4.606585961631535,0.4429686440558797,-0.09972789436364582,0.169532830078125,34.172719779101584
16,6,13,50.95164929931729,4.606585961631535,0.6841681608428436,-0.23865141673066673,0.1760348681640625,28.72418227285158
16,7,0,50.95164929931729,4.606585961631535,0.5408727953184514,-0.12609901607091778,0.1797642181640625,31.35730605125002
16,7,1,50.95164929931729,4.606585961631535,0.6042274659601162,-0.16860219796242246,0.17991302480468752,30.165505229960957
16,7,2,50.95164929931729,4.606585961631535,0.6051491177333274,-0.1851424540925891,0.16152203789062503,31.347786331484393
16,7,3,50.95164929931729,4.606585961631535,0.5584638387242372,-0.1088385007221147,0.15978982832031252,32.45151305539064
16,7,4,50.95164929931729,4.606585961631535,0.7230862526492516,-0.2943858476744105,0.1776119876953125,28.08811011347658
16,7,5,50.95164929931729,4.606585961631535,0.590383898034642,-0.17686055364675776,0.1850439771484375,29.70231678921877
16,7,6,50.95164929931729,4.606585961631535,0.5369805409907971,-0.12746062001885827,0.16998125292968752,32.768314108320325
16,7,7,50.95164929931729,4.606585961631535,0.45640862721205944,-0.06289088640776527,0.1975612962890625,34.89919589714846
16,7,8,50.95164929931729,4.606585961631535,0.40770893232067984,-0.04584239820914007,0.20584531484375002,32.19150988167971
16,7,9,50.95164929931729,4.606585961631535,0.4628976386328091,-0.0823202475750224,0.18762426347656253,31.499240666914083
16,7,10,50.95164929931729,4.606585961631535,0.5802107253370767,-0.16687898617736283,0.172410688671875,30.227203161289083
16,7,11,50.95164929931729,4.606585961631535,0.7037753169684962,-0.2886919525299587,0.13878503769531253,27.70696750437502
16,7,12,50.95164929931729,4.606585961631535,0.710903381756384,-0.28619120604694576,0.15708103789062502,30.27928123554689
16,7,13,50.95164929931729,4.606585961631535,0.7775335745144915,-0.33944704586666496,0.17631305390625002,28.15199771386721
16,8,0,50.95164929931729,4.606585961631535,0.5772384885816708,-0.1461203667217808,0.15351934960937502,33.54275599531252
16,8,1,50.95164929931729,4.606585961631535,0.5251380943040977,-0.08413823432761862,0.17500030957031248,32.601859204648456
16,8,2,50.95164929931729,4.606585961631535,0.5628628252916386,-0.12528698151607126,0.1702318900390625,32.05139108914065
16,8,3,50.95164929931729,4.606585961631535,0.6645541879860313,-0.20071877973094898,0.1586265826171875,30.651691871679706
16,8,4,50.95164929931729,4.606585961631535,0.5435235827598471,-0.10964921230406993,0.17590103515625,31.06877709734377
16,8,5,50.95164929931729,4.606585961631535,0.6766003852077423,-0.25876158813944267,0.17723507968750002,29.15295018406252
16,8,6,50.95164929931729,4.606585961631535,0.592347674907792,-0.1669918534795378,0.1849204955078125,31.212701107460955
16,8,7,50.95164929931729,4.606585961631535,0.5885266759459133,-0.14463309373905048,0.18582294023437504,31.82127556296877
16,8,8,50.95164929931729,4.606585961631535,0.5513774719496323,-0.12099126866734777,0.18402111914062502,31.37612518871095
16,8,9,50.95164929931729,4.606585961631535,0.6049687513804372,-0.20445710426558,0.19395596679687502,29.830058610898455
16,8,10,50.95164929931729,4.606585961631535,0.45569105750058425,-0.05610478245623873,0.17002418984375,32.30228176812501
16,8,11,50.95164929931729,4.606585961631535,0.6678194705753673,-0.21530412542280106,0.174466545703125,31.339261308945332
16,8,12,50.95164929931729,4.606585961631535,0.5259382005623017,-0.10840917773294026,0.13993854492187502,35.782680633125025
16,8,13,50.95164929931729,4.606585961631535,0.6019136504333011,-0.1462293288528863,0.14988582187500005,32.92354695804689
16,9,0,50.95164929931729,4.606585961631535,0.5596038929399638,-0.12985749231803737,0.153683073046875,33.10654454445314
16,9,1,50.95164929931729,4.606585961631535,0.5153290641598823,-0.07240498931503596,0.1707830263671875,33.22165571410158
16,9,2,50.95164929931729,4.606585961631535,0.43869898463184287,-0.03131555584710213,0.20038333496093752,32.66626751902346
16,9,3,50.95164929931729,4.606585961631535,0.5945423623023505,-0.15492826215383543,0.1822360462890625,28.743882618593766
16,9,4,50.95164929931729,4.606585961631535,0.6457812838601702,-0.20363359737107795,0.186960576953125,28.942908849570333
16,9,5,50.95164929931729,4.606585961631535,0.6204774167452807,-0.21311032842274916,0.19084034648437498,28.89430887769533
16,9,6,50.95164929931729,4.606585961631535,0.6047220210407349,-0.19190229397255754,0.1957098796875,28.958169774804702
16,9,7,50.95164929931729,4.606585961631535,0.5230364929747642,-0.12568925465033084,0.2036293365234375,31.19204611941408
16,9,8,50.95164929931729,4.606585961631535,0.5656697046370452,-0.11735439718955143,0.16805457792968753,31.965726962890646
16,9,9,50.95164929931729,4.606585961631535,0.3630208638474738,-0.05407916717344802,0.235062725390625,32.649818297773464
16,9,10,50.95164929931729,4.606585961631535,0.5421235584624573,-0.12751769968584833,0.16670973984375,31.669060184023458
16,9,11,50.95164929931729,4.606585961631535,0.5533389730548172,-0.12274960996811,0.18594019960937502,31.502498467226584
16,9,12,50.95164929931729,4.606585961631535,0.524906882575834,-0.08537486236198774,0.17639192949218752,33.89347689125002
16,9,13,50.95164929931729,4.606585961631535,0.5784507744159073,-0.1337561745029114,0.15884667929687502,33.9301605238672
16,10,0,50.95164929931729,4.606585961631535,0.6364235154180837,-0.1527018779751801,0.1580699072265625,30.308888498632832
16,10,1,50.95164929931729,4.606585961631535,0.47430553006468623,-0.06354818190085731,0.19992447851562503,32.578180070000016
16,10,2,50.95164929931729,4.606585961631535,0.5569101145151432,-0.08825734582208357,0.19066262148437502,30.596656409023453
16,10,3,50.95164929931729,4.606585961631535,0.7018572085248375,-0.2095871506249595,0.18072065722656253,28.08162789195314
16,10,4,50.95164929931729,4.606585961631535,0.6967809363098059,-0.27634408452006637,0.1811104875,28.70185832972658
16,10,5,50.95164929931729,4.606585961631535,0.5565284715630736,-0.15015996843754387,0.1952609146484375,29.967286773242208
16,10,6,50.95164929931729,4.606585961631535,0.5825626710283899,-0.11569460487159529,0.19304316484375,29.13039926304689
16,10,7,50.95164929931729,4.606585961631535,0.5819830107042221,-0.12348631686215042,0.1954294845703125,30.24660309511721
16,10,8,50.95164929931729,4.606585961631535,0.587147762867317,-0.13497856633498378,0.1642271890625,32.369320355703145
16,10,9,50.95164929931729,4.606585961631535,0.545072242032339,-0.11573085136673436,0.1656362916015625,33.0432911469922
16,10,10,50.95164929931729,4.606585961631535,0.7162245818579771,-0.25516091524454443,0.1735109462890625,29.192310820625018
16,10,11,50.95164929931729,4.606585961631535,0.5129807054150154,-0.086478000212716,0.199574373046875,31.569723977773457
16,10,12,50.95164929931729,4.606585961631535,0.5454775082624752,-0.12374933445308606,0.1878128466796875,31.723074246171898
16,10,13,50.95164929931729,4.606585961631535,0.6136553342420293,-0.17606507572349758,0.182257002734375,32.8465413707422
16,11,0,50.95164929931729,4.606585961631535,0.7410811292903937,-0.27827331837388847,0.14792470820312498,29.067673255390645
16,11,1,50.95164929931729,4.606585961631535,0.6584317167435652,-0.2054481815139775,0.1684412501953125,29.252773725195333
16,11,2,50.95164929931729,4.606585961631535,0.6301483512312684,-0.10193026772327005,0.1828518619140625,29.89675673164064
16,11,3,50.95164929931729,4.606585961631535,0.804387890114379,-0.31922626686683253,0.15802090429687501,25.611494266484396
16,11,4,50.95164929931729,4.606585961631535,0.613317673768671,-0.16474545514833322,0.17095696035156252,30.14984375550783
16,11,5,50.95164929931729,4.606585961631535,0.607139752208549,-0.20066355137211794,0.19647805078125002,30.355392262929705
16,11,6,50.95164929931729,4.606585961631535,0.7651508504543416,-0.31748550964376626,0.1812082279296875,27.83492962812502
16,11,7,50.95164929931729,4.606585961631535,0.67014724822451,-0.250418232493581,0.1924638302734375,27.36979184785158
16,11,8,50.95164929931729,4.606585961631535,0.6399068474806399,-0.19631653407246946,0.19108132734375,30.524811230820326
16,11,9,50.95164929931729,4.606585961631535,0.700089130053445,-0.3076318077827581,0.19932099687500002,29.72256455222658
16,11,10,50.95164929931729,4.606585961631535,0.6105341538318152,-0.1520161390809864,0.171519935546875,31.84964112347658
16,11,11,50.95164929931729,4.606585961631535,0.653755931815049,-0.2090130381673395,0.18373331914062502,30.557035415468768
16,11,12,50.95164929931729,4.606585961631535,0.48517420815956774,-0.11587727548472322,0.20435737714843752,31.13284494488283
16,11,13,50.95164929931729,4.606585961631535,0.609798103511116,-0.20257971721293105,0.2000868322265625,30.720726529531266
16,12,0,50.95164929931729,4.606585961631535,0.4382767064039731,-0.06166406376277951,0.19295633261718753,32.66879097910158
16,12,1,50.95164929931729,4.606585961631535,0.6933363558672041,-0.2470095402366514,0.1759833962890625,27.878983366367205
16,12,2,50.95164929931729,4.606585961631535,0.8301956671226731,-0.3640302348775072,0.16547454960937502,25.369649324023456
16,12,3,50.95164929931729,4.606585961631535,0.8124463804370525,-0.3676551274521508,0.16348720605468753,25.300107303828142
16,12,4,50.95164929931729,4.606585961631535,0.6827230944210851,-0.19575704216039325,0.17543795449218752,29.200548782890642
16,12,5,50.95164929931729,4.606585961631535,0.718180290746335,-0.2757293241584874,0.1803505462890625,27.330918546171894
16,12,6,50.95164929931729,4.606585961631535,0.8495134062258962,-0.4074517037736238,0.1706845505859375,25.18415498082033
16,12,7,50.95164929931729,4.606585961631535,0.8333708682610999,-0.39458406349529723,0.1735913400390625,26.484671535898457
16,12,8,50.95164929931729,4.606585961631535,0.6547028458198896,-0.2230251090342332,0.19176208671875,29.423340934179706
16,12,9,50.95164929931729,4.606585961631535,0.5582208877130468,-0.14639738899061971,0.1885873984375,31.508807117421888
16,12,10,50.95164929931729,4.606585961631535,0.5957537353558636,-0.12510509778624912,0.17527730000000002,32.550235086171895
16,12,11,50.95164929931729,4.606585961631535,0.6064931018195241,-0.18569488588368774,0.17342626230468752,32.08154576949221
16,12,12,50.95164929931729,4.606585961631535,0.7430858253110793,-0.3513953914128758,0.196728230078125,29.825993036328143
16,12,13,50.95164929931729,4.606585961631535,0.7182145671902181,-0.31218125861391477,0.19456258867187504,29.641967373593765
16,13,0,50.95164929931729,4.606585961631535,0.5365668344356158,-0.07488161186051237,0.17589381777343752,31.546325227578144
16,13,1,50.95164929931729,4.606585961631535,0.5528997051195919,-0.08946792373801563,0.16509124765625,32.10580570050783
16,13,2,50.95164929931729,4.606585961631535,0.6072937377431517,-0.14037270377952543,0.17365596640625003,29.39664432875002
16,13,3,50.95164929931729,4.606585961631535,0.7755017666839445,-0.32995298947150875,0.166564581640625,26.300919581796894
16,13,4,50.95164929931729,4.606585961631535,0.6902636162844904,-0.2486494587089112,0.17545152402343753,27.460830009453144
16,13,5,50.95164929931729,4.606585961631535,0.7011687559213216,-0.19883806360925588,0.1732243619140625,28.800453519921895
16,13,6,50.95164929931729,4.606585961631535,0.7927504120112354,-0.3446055069967331,0.17041668828125,27.03201536750002
16,13,7,50.95164929931729,4.606585961631535,0.772390165855563,-0.3249709172566597,0.1715354443359375,26.349873372148455
16,13,8,50.95164929931729,4.606585961631535,0.5523835831397713,-0.13177500731626962,0.18512823984375,30.542181715273458
16,13,9,50.95164929931729,4.606585961631535,0.4699098973151834,-0.09916148374090202,0.19872376289062502,32.64433744929689
16,13,10,50.95164929931729,4.606585961631535,0.4646228076278821,-0.06881224375901937,0.19093456328125002,33.531293611835956
16,13,11,50.95164929931729,4.606585961631535,0.6482345170540001,-0.19150042839183304,0.1767130078125,31.61493263292971
16,13,12,50.95164929931729,4.606585961631535,0.6319242243739978,-0.18699489680091416,0.17177029335937502,31.638711904882832
16,13,13,50.95164929931729,4.606585961631535,0.646027615392814,-0.18683080382411085,0.18380582011718752,30.60755802359377
17,0,0,51.13274883219548,4.606585961631535,0.6805313271632667,-0.1841009479641154,0.18961942265625,32.516468787031265
17,0,1,51.13274883219548,4.606585961631535,0.6609930688299536,-0.1812888058924227,0.187385975,31.531344686796892
17,0,2,51.13274883219548,4.606585961631535,0.6160191478954689,-0.1690918544982629,0.174204779296875,31.885657174062516
17,0,3,51.13274883219548,4.606585961631535,0.7507193729986791,-0.296364669371611,0.1771172201171875,28.622936781992205
17,0,4,51.13274883219548,4.606585961631535,0.6774079623163274,-0.22569396898275668,0.16812058457031254,30.997305765078146
17,0,5,51.13274883219548,4.606585961631535,0.6881390902698272,-0.2358929757737812,0.16583664921875002,30.630789878281266
17,0,6,51.13274883219548,4.606585961631535,0.6221140702660604,-0.1831685374477804,0.14910929941406253,31.00576402941408
17,0,7,51.13274883219548,4.606585961631535,0.7507468741790722,-0.31368430871634445,0.130559925,26.92736520828127
17,0,8,51.13274883219548,4.606585961631535,0.8039445038183617,-0.3522966383481746,0.1411606607421875,26.36555193039372
17,0,9,51.13274883219548,4.606585961631535,0.7432946877304196,-0.26339702709091395,0.15541147578125,28.00981609285158
17,0,10,51.13274883219548,4.606585961631535,0.7407611427541002,-0.24605900592161922,0.14420951074218752,29.039074041171894
17,0,11,51.13274883219548,4.606585961631535,0.6711295646338798,-0.22598227840902002,0.1453288810546875,30.06058364944225
17,0,12,51.13274883219548,4.606585961631535,0.7771429894558408,-0.3002373591234738,0.155750428515625,27.218571166132833
17,0,13,51.13274883219548,4.606585961631535,0.6468544738370565,-0.18648125772275995,0.1525263240234375,31.733141383203144
17,1,0,51.13274883219548,4.606585961631535,0.7151476544004187,-0.21168768166863666,0.19758151015625003,31.81372521019533
17,1,1,51.13274883219548,4.606585961631535,0.7083913014731679,-0.2397012349811517,0.19120748359375,31.59510544660158
17,1,2,51.13274883219548,4.606585961631535,0.6631547211495852,-0.2374961725999842,0.16110670332031252,31.941400273671896
17,1,3,51.13274883219548,4.606585961631535,0.6324457735748059,-0.19017269960556102,0.15720863945312502,32.51037376308595
17,1,4,51.13274883219548,4.606585961631535,0.6541401868162867,-0.21632483965777294,0.14798611835937503,30.59635599710939
17,1,5,51.13274883219548,4.606585961631535,0.7861122085363131,-0.33943266929494825,0.14802925040000003,27.197695876015644
17,1,6,51.13274883219548,4.606585961631535,0.7773719458631192,-0.3124886611671146,0.145815108984375,27.25032136753908
17,1,7,51.13274883219548,4.606585961631535,0.7704041515036848,-0.312251418590223,0.1488736439453125,27.72453826343752
17,1,8,51.13274883219548,4.606585961631535,0.76666691534136,-0.29522468285833187,0.157642772265625,28.255613120937518
17,1,9,51.13274883219548,4.606585961631535,0.6608519381581011,-0.18848131679129587,0.149152175,31.067929268164082
17,1,10,51.13274883219548,4.606585961631535,0.7410538790002645,-0.2688299226133962,0.14376096914062503,28.363160586171894
17,1,11,51.13274883219548,4.606585961631535,0.7477841001267466,-0.2830468048729029,0.15377114218750002,28.29105505097658
17,1,12,51.13274883219548,4.606585961631535,0.8648392660502304,-0.40950134087678625,0.15542746679687502,24.68226013390627
17,1,13,51.13274883219548,4.606585961631535,0.7457923267703996,-0.2755192944633953,0.151610981640625,27.513775940351582
17,2,0,51.13274883219548,4.606585961631535,0.6841850055227017,-0.20751610323456118,0.18216685859375,32.236865404882835
17,2,1,51.13274883219548,4.606585961631535,0.6561414453505705,-0.17415298305130178,0.17853938144531253,32.9210368496094
17,2,2,51.13274883219548,4.606585961631535,0.5453799705964235,-0.1243316036474242,0.15816697714843753,34.357793545625015
17,2,3,51.13274883219548,4.606585961631535,0.6777366891817233,-0.24534718244963805,0.15214548632075472,29.971129572231092
17,2,4,51.13274883219548,4.606585961631535,0.7649583034203149,-0.31068080943320536,0.14313808946188342,27.897061487773456
17,2,5,51.13274883219548,4.606585961631535,0.8194104779247332,-0.362304409396334,0.1518365858,26.49015238437502
17,2,6,51.13274883219548,4.606585961631535,0.8096105018228916,-0.3333297074829182,0.15545873886718753,27.363563307500016
17,2,7,51.13274883219548,4.606585961631535,0.726357311069079,-0.25721270703679117,0.15301690039062502,29.571030106953145
17,2,8,51.13274883219548,4.606585961631535,0.519164117238337,-0.11087915192245268,0.146796403515625,33.78755165035158
17,2,9,51.13274883219548,4.606585961631535,0.6127310771956654,-0.15662783681033918,0.1450646689453125,31.660882304140646
17,2,10,51.13274883219548,4.606585961631535,0.7926381077540443,-0.329917926872495,0.15175790859375,27.66517686921877
17,2,11,51.13274883219548,4.606585961631535,0.710849914037396,-0.22295469633735726,0.1651073546875,28.857071151992205
17,2,12,51.13274883219548,4.606585961631535,0.7888618066740589,-0.33800139028112053,0.167270441796875,26.783000594023456
17,2,13,51.13274883219548,4.606585961631535,0.7772441162259623,-0.29672838144336716,0.16602567695312498,27.14758049292971
17,3,0,51.13274883219548,4.606585961631535,0.37347352890880453,-0.06086329352901403,0.15190223925781252,38.014914725937516
17,3,1,51.13274883219548,4.606585961631535,0.6082118332628474,-0.1876204464925918,0.15224044824218752,33.16948417835939
17,3,2,51.13274883219548,4.606585961631535,0.5447096006582361,-0.1422144640416041,0.13301742285156248,34.148212842734395
17,3,3,51.13274883219548,4.606585961631535,0.7589519879749743,-0.3017337235302823,0.13672647741935484,27.99133742222658
17,3,4,51.13274883219548,4.606585961631535,0.7378653741199841,-0.2413966669049393,0.150772496875,29.63451715812502
17,3,5,51.13274883219548,4.606585961631535,0.7078535409092909,-0.2315358053131906,0.1479870583984375,29.92476179785158
17,3,6,51.13274883219548,4.606585961631535,0.6306515556696493,-0.18273076348262207,0.14427279277343752,31.79011950957033
17,3,7,51.13274883219548,4.606585961631535,0.6771050619388068,-0.21651263311453375,0.15810959863281251,30.828120450898457
17,3,8,51.13274883219548,4.606585961631535,0.570192625771549,-0.12163449265761335,0.15411215214843751,33.65443579332033
17,3,9,51.13274883219548,4.606585961631535,0.6437162679244626,-0.1811820313456709,0.1522677404296875,31.430486393515643
17,3,10,51.13274883219548,4.606585961631535,0.6672387737118751,-0.1730010631353,0.16663604179687502,30.431870460429707
17,3,11,51.13274883219548,4.606585961631535,0.644621487788277,-0.1662805420184808,0.16732303789062503,30.062370481953142
17,3,12,51.13274883219548,4.606585961631535,0.7722426149370214,-0.2847815869707718,0.17255126796875003,27.810910026640645
17,3,13,51.13274883219548,4.606585961631535,0.7078960045780688,-0.2187584636156747,0.16429041484375,29.501014103515644
17,4,0,51.13274883219548,4.606585961631535,0.4764697205603839,-0.10899072226388615,0.1580521837890625,35.132842932265646
17,4,1,51.13274883219548,4.606585961631535,0.5240915287022194,-0.10696921040753428,0.1479630005859375,35.461373401484394
17,4,2,51.13274883219548,4.606585961631535,0.5519454842877908,-0.14287389834561015,0.14184300507812503,33.32412955589845
17,4,3,51.13274883219548,4.606585961631535,0.7334751747704649,-0.28887089795008736,0.1437284608870968,28.905557634921895
17,4,4,51.13274883219548,4.606585961631535,0.6948939579334898,-0.24359386043054537,0.1488919322265625,30.63392751382814
17,4,5,51.13274883219548,4.606585961631535,0.6637093911952401,-0.20009569115785913,0.1480112748046875,30.70471791242189
17,4,6,51.13274883219548,4.606585961631535,0.7584528090686048,-0.325154903371194,0.16080824101562502,29.800511430195332
17,4,7,51.13274883219548,4.606585961631535,0.7079105630301785,-0.2408739329118101,0.1554737484375,29.93034278363283
17,4,8,51.13274883219548,4.606585961631535,0.6686230853645299,-0.20040932892873228,0.1571443244140625,31.89153189593752
17,4,9,51.13274883219548,4.606585961631535,0.5716379632294922,-0.09165084543259966,0.158814384375,33.78887346277346
17,4,10,51.13274883219548,4.606585961631535,0.6274046895903944,-0.17726645268322463,0.1487063505859375,32.04263241289064
17,4,11,51.13274883219548,4.606585961631535,0.54325064449445,-0.09512819702946798,0.1504821859375,33.37225554453127
17,4,12,51.13274883219548,4.606585961631535,0.6601265213137835,-0.16362568687599935,0.1591099171875,29.854258459531266
17,4,13,51.13274883219548,4.606585961631535,0.7412079085999108,-0.28519533042695766,0.17225880371093752,28.762968788867205
17,5,0,51.13274883219548,4.606585961631535,0.44727717013237056,-0.06124415286429309,0.13058918671875003,37.60529306738283
17,5,1,51.13274883219548,4.606585961631535,0.47181723146111504,-0.08186156952466894,0.13221991074218747,36.423893174140645
17,5,2,51.13274883219548,4.606585961631535,0.6914056946032895,-0.2651513371883797,0.1351639763671875,29.431618951367206
17,5,3,51.13274883219548,4.606585961631535,0.7259642722585873,-0.2554546177193018,0.15317429257812504,29.640966000546893
17,5,4,51.13274883219548,4.606585961631535,0.33741824440303814,-0.02907431837474067,0.19389712421875,34.32337301609377
17,5,5,51.13274883219548,4.606585961631535,0.63200087144986,-0.21139334190804476,0.1526480466796875,31.589083856679707
17,5,6,51.13274883219548,4.606585961631535,0.7673371538382995,-0.3385011837758851,0.1615365705078125,28.530082797265642
17,5,7,51.13274883219548,4.606585961631535,0.7064699938218789,-0.2612021305472707,0.155710421484375,29.76945551410158
17,5,8,51.13274883219548,4.606585961631535,0.6394195590601461,-0.18500473363683817,0.16547272109375,31.697986513437524
17,5,9,51.13274883219548,4.606585961631535,0.5069265334631272,-0.06248864432747362,0.14296675175781248,34.7043887846094
17,5,10,51.13274883219548,4.606585961631535,0.5489114261630872,-0.10765797838061658,0.14825507363281248,32.81127968785158
17,5,11,51.13274883219548,4.606585961631535,0.6432193498292791,-0.15766057422254368,0.1624106734375,30.767477299179703
17,5,12,51.13274883219548,4.606585961631535,0.7765963685583288,-0.3175564261353697,0.166767183203125,29.037932475898458
17,5,13,51.13274883219548,4.606585961631535,0.7034608002372496,-0.2132467674526921,0.172866632421875,30.22234316410158
17,6,0,51.13274883219548,4.606585961631535,0.40220894775287586,-0.048666531835381735,0.12040230644531251,37.337926463867205
17,6,1,51.13274883219548,4.606585961631535,0.4215387907748387,-0.04371881133363456,0.11976279101562501,37.42363064503908
17,6,2,51.13274883219548,4.606585961631535,0.678512436757033,-0.24625733788733645,0.14130665957031252,30.90373079175783
17,6,3,51.13274883219548,4.606585961631535,0.7610135326837277,-0.29903331401702343,0.1612266410569106,29.085858189921893
17,6,4,51.13274883219548,4.606585961631535,0.636540426301512,-0.20225478603379834,0.1291308189453125,30.307366411601585
17,6,5,51.13274883219548,4.606585961631535,0.634763102454444,-0.1675746656168576,0.15396025546875,30.233672031171892
17,6,6,51.13274883219548,4.606585961631535,0.6344112544840199,-0.19641117735594643,0.1642201912109375,29.86801732519533
17,6,7,51.13274883219548,4.606585961631535,0.7560227711797913,-0.3023474562282137,0.1608494904296875,27.388363979960957
17,6,8,51.13274883219548,4.606585961631535,0.7318206285540968,-0.23715445327746665,0.1684736580078125,30.68981080566408
17,6,9,51.13274883219548,4.606585961631535,0.7761584072793559,-0.3042086920911129,0.16996749843750003,28.989866569648456
17,6,10,51.13274883219548,4.606585961631535,0.8179193126603657,-0.37631056543910746,0.166380475390625,27.94813151316408
17,6,11,51.13274883219548,4.606585961631535,0.7635439053933032,-0.3151700576294242,0.1587189296875,28.70430835578127
17,6,12,51.13274883219548,4.606585961631535,0.7428716521742611,-0.254487687191966,0.16000056757812503,29.789890200078144
17,6,13,51.13274883219548,4.606585961631535,0.7301565114327802,-0.26711551870231026,0.1609688310546875,28.72244655957033
17,7,0,51.13274883219548,4.606585961631535,0.4504340734365937,-0.0803386774725337,0.134502011328125,34.17751301808596
17,7,1,51.13274883219548,4.606585961631535,0.33480082314433,0.009713779219820983,0.10919481015625002,36.68728098875002
17,7,2,51.13274883219548,4.606585961631535,0.4019705228536732,-0.03459233177037057,0.1183795216796875,36.471631965195336
17,7,3,51.13274883219548,4.606585961631535,0.5474986727244184,-0.13634406403330962,0.14271541280000002,34.05231468394533
17,7,4,51.13274883219548,4.606585961631535,0.5003244765280405,-0.09148236134247638,0.139950043625498,33.59830549613283
17,7,5,51.13274883219548,4.606585961631535,0.6282560329096071,-0.15158755840498533,0.1646402431174089,30.737215805703144
17,7,6,51.13274883219548,4.606585961631535,0.7211636400759617,-0.2315059160634246,0.170764831640625,29.650465692851583
17,7,7,51.13274883219548,4.606585961631535,0.7691280861376959,-0.3007734979884928,0.1601790244140625,27.78225740585939
17,7,8,51.13274883219548,4.606585961631535,0.7194567624987267,-0.2526788388503889,0.15896277148437502,29.498717621328147
17,7,9,51.13274883219548,4.606585961631535,0.6900944982349687,-0.1911960980374054,0.15558284394531252,31.484600592968768
17,7,10,51.13274883219548,4.606585961631535,0.5997529143527934,-0.09001104599744969,0.1661446828125,32.595203411796895
17,7,11,51.13274883219548,4.606585961631535,0.7295940248342326,-0.257468593138381,0.16417898593750002,30.05526073332033
17,7,12,51.13274883219548,4.606585961631535,0.7563064504410416,-0.25735181758983566,0.16236691777343754,28.774878452304705
17,7,13,51.13274883219548,4.606585961631535,0.7737927078953513,-0.2924462593697862,0.1545696306640625,27.620121757929706
17,8,0,51.13274883219548,4.606585961631535,0.622562161264498,-0.1574682672727862,0.15819233359375,32.745943434453146
17,8,1,51.13274883219548,4.606585961631535,0.6017004066671576,-0.19267931097626978,0.13348361015625004,31.210871932695326
17,8,2,51.13274883219548,4.606585961631535,0.4525041184687626,-0.07355411287085079,0.1391241318359375,35.6750597338672
17,8,3,51.13274883219548,4.606585961631535,0.40526502451145874,-0.0538238145441448,0.132763132421875,35.50172873527346
17,8,4,51.13274883219548,4.606585961631535,0.4961445412667207,-0.11401759323942635,0.1393017203125,32.86496535200003
17,8,5,51.13274883219548,4.606585961631535,0.5625592705843693,-0.146097978227366,0.16775687128906253,31.848986893085957
17,8,6,51.13274883219548,4.606585961631535,0.6126175669415906,-0.13698774748655607,0.17158407558593752,32.422459885390644
17,8,7,51.13274883219548,4.606585961631535,0.6560975652377475,-0.16660685083523816,0.1776382333984375,32.09969064910158
17,8,8,51.13274883219548,4.606585961631535,0.6448223247695373,-0.15573915960988277,0.177863390234375,32.07915582582033
17,8,9,51.13274883219548,4.606585961631535,0.7071349830680937,-0.220573531000052,0.16673924101562504,30.562990247187518
17,8,10,51.13274883219548,4.606585961631535,0.5681744870065518,-0.06156222401616865,0.17776762265625,33.81276622367189
17,8,11,51.13274883219548,4.606585961631535,0.6802277563421095,-0.15770314893522383,0.15912494453125003,31.561092142109395
17,8,12,51.13274883219548,4.606585961631535,0.6834132512232295,-0.16955413289275323,0.16418144394531253,30.568864969062517
17,8,13,51.13274883219548,4.606585961631535,0.6746574815249577,-0.2017068023991165,0.16330708417968753,30.170585529218766
17,9,0,51.13274883219548,4.606585961631535,0.6928135699424639,-0.2770999127939595,0.1398233818359375,28.460921298828143
17,9,1,51.13274883219548,4.606585961631535,0.5916813828987751,-0.15591226955709014,0.14906631816406252,32.805411641796894
17,9,2,51.13274883219548,4.606585961631535,0.5601637678787411,-0.14328607147845812,0.15343014550781253,32.55070239359377
17,9,3,51.13274883219548,4.606585961631535,0.5153673811026185,-0.1407614919937529,0.15726982340425533,33.25957911200002
17,9,4,51.13274883219548,4.606585961631535,0.6320294919694089,-0.1916860910869502,0.1732867678137652,31.413069178320335
17,9,5,51.13274883219548,4.606585961631535,0.7481687838887852,-0.28394788010275424,0.16988091953125,29.347483587968767
17,9,6,51.13274883219548,4.606585961631535,0.7370294730827547,-0.28978236353227327,0.16829068300781252,30.21853794652346
17,9,7,51.13274883219548,4.606585961631535,0.6485518730059286,-0.15760844227192855,0.17778006210937503,32.18257763410158
17,9,8,51.13274883219548,4.606585961631535,0.7173123408794713,-0.25782577017038777,0.174523702734375,30.850010465703143
17,9,9,51.13274883219548,4.606585961631535,0.7434996741261253,-0.3141727212767159,0.1685951982421875,32.13240216863283
17,9,10,51.13274883219548,4.606585961631535,0.6110936340522127,-0.09014223200138938,0.15996534121093753,34.73066481335939
17,9,11,51.13274883219548,4.606585961631535,0.5993886084241844,-0.09768744944368168,0.160712726953125,34.00938915933596
17,9,12,51.13274883219548,4.606585961631535,0.6453050263850102,-0.14902194783082726,0.17399442109375002,31.746039068046894
17,9,13,51.13274883219548,4.606585961631535,0.6804407409272705,-0.19531444957478147,0.1790753158203125,31.63827797656252
17,10,0,51.13274883219548,4.606585961631535,0.6267390461443646,-0.24760362290114651,0.11469856289062502,28.417659851428592
17,10,1,51.13274883219548,4.606585961631535,0.6238675592158403,-0.16634511486339604,0.158123593359375,31.983024013320332
17,10,2,51.13274883219548,4.606585961631535,0.6077333140612393,-0.14091944752255423,0.16419222402343753,33.59269780707034
17,10,3,51.13274883219548,4.606585961631535,0.5019457341280298,-0.08131264265043145,0.1693015232421875,34.24980547625002
17,10,4,51.13274883219548,4.606585961631535,0.635103923007108,-0.14838392091906927,0.17396816328125,32.0454362574219
17,10,5,51.13274883219548,4.606585961631535,0.738916987432366,-0.25896539391574147,0.14587114492187503,29.08450299839846
17,10,6,51.13274883219548,4.606585961631535,0.695509067163137,-0.22279394726912244,0.15875918320312501,30.281190520156272
17,10,7,51.13274883219548,4.606585961631535,0.5930033194990528,-0.08623691173656754,0.17268181796875,32.51383183800783
17,10,8,51.13274883219548,4.606585961631535,0.691804395088587,-0.16152340249609679,0.17873892578125,32.04982894718752
17,10,9,51.13274883219548,4.606585961631535,0.5988959311828933,-0.1291449389986096,0.1760588169921875,34.236387077421895
17,10,10,51.13274883219548,4.606585961631535,0.6896050299306142,-0.20862213105608762,0.17168672695312504,31.52685185972658
17,10,11,51.13274883219548,4.606585961631535,0.6437481147010219,-0.14923770848789186,0.16148102597656253,33.04744350722658
17,10,12,51.13274883219548,4.606585961631535,0.5099474234781787,-0.07793162982163845,0.136629624609375,35.704833892460954
17,10,13,51.13274883219548,4.606585961631535,0.5040702980609485,-0.06354219387914412,0.14616567832031252,35.360762113554706
17,11,0,51.13274883219548,4.606585961631535,0.6532467884463563,-0.1813947651064498,0.17316247480468752,30.747603382109396
17,11,1,51.13274883219548,4.606585961631535,0.6763087754396617,-0.21561442676385867,0.1841642560546875,31.68621704222658
17,11,2,51.13274883219548,4.606585961631535,0.5691161643151876,-0.15091170352963307,0.1690483005859375,31.38326831644533
17,11,3,51.13274883219548,4.606585961631535,0.6354352649565731,-0.1867438511532566,0.18172711386718748,32.40767961921877
17,11,4,51.13274883219548,4.606585961631535,0.6277936092841336,-0.14259939920965103,0.175523412109375,33.373677494257834
17,11,5,51.13274883219548,4.606585961631535,0.6701849167536854,-0.18290216197915513,0.1755082869140625,31.81220312316408
17,11,6,51.13274883219548,4.606585961631535,0.6426664464502367,-0.16184498738513278,0.17798098535156254,31.687245118554703
17,11,7,51.13274883219548,4.606585961631535,0.6508064158287938,-0.16604899205765544,0.172721655859375,31.777876055117208
17,11,8,51.13274883219548,4.606585961631535,0.6891645125545398,-0.18452089250308246,0.17894525996093752,32.070090061835955
17,11,9,51.13274883219548,4.606585961631535,0.5961267527288581,-0.1192682729134863,0.17391263945312502,33.249767593437525
17,11,10,51.13274883219548,4.606585961631535,0.6633819334812626,-0.19416027360438742,0.16340400605468752,31.854174005468764
17,11,11,51.13274883219548,4.606585961631535,0.538001548837076,-0.11451382823711499,0.14476649023437502,34.88834101332033
17,11,12,51.13274883219548,4.606585961631535,0.4990376009358499,-0.07467061806062991,0.13639562421875,35.052345890937524
17,11,13,51.13274883219548,4.606585961631535,0.4966411968869008,-0.06588797080128256,0.142864021484375,34.90504391574221
17,12,0,51.13274883219548,4.606585961631535,0.6829826492888933,-0.22081182483167144,0.17701962031250001,31.62274334269533
17,12,1,51.13274883219548,4.606585961631535,0.6744265842715533,-0.20922802725378453,0.1829390146484375,31.838485827734395
17,12,2,51.13274883219548,4.606585961631535,0.6704147236886847,-0.2606299237273216,0.17308091035156253,31.06905080597658
17,12,3,51.13274883219548,4.606585961631535,0.7115069161017051,-0.24489393744490284,0.17344087910156253,31.648411871796895
17,12,4,51.13274883219548,4.606585961631535,0.6864917627360843,-0.20193271751987418,0.18058608125,31.970440092031268
17,12,5,51.13274883219548,4.606585961631535,0.6730174187300741,-0.2206671594494142,0.16081240957031254,30.911828561796895
17,12,6,51.13274883219548,4.606585961631535,0.6583157857013022,-0.16762761682999905,0.17214637226562501,32.1758617588672
17,12,7,51.13274883219548,4.606585961631535,0.6665719597763242,-0.17868347646926103,0.17174808984375,31.068096163671896
17,12,8,51.13274883219548,4.606585961631535,0.5988014348520352,-0.10222242371698373,0.17356362753906251,31.887219316015646
17,12,9,51.13274883219548,4.606585961631535,0.650922497861742,-0.15352268755884546,0.175027331640625,31.283351313828142
17,12,10,51.13274883219548,4.606585961631535,0.5963289579328427,-0.1692267381568233,0.16245411406250002,32.8296582211719
17,12,11,51.13274883219548,4.606585961631535,0.5779554908156006,-0.1306170200652404,0.15486340566406254,33.003489906289076
17,12,12,51.13274883219548,4.606585961631535,0.7130014963238712,-0.22504569429230153,0.17008337421875003,31.3036791866797
17,12,13,51.13274883219548,4.606585961631535,0.670632191975361,-0.2227248179811779,0.17142931386718752,31.45740997683596
17,13,0,51.13274883219548,4.606585961631535,0.6620336622581549,-0.21958453705698627,0.1709074326171875,32.80305507722659
17,13,1,51.13274883219548,4.606585961631535,0.6974303910722348,-0.2331496906220519,0.17393094160156253,31.473585489453143
17,13,2,51.13274883219548,4.606585961631535,0.6889701530088777,-0.2564959711912498,0.1729004037109375,30.82044192237502
17,13,3,51.13274883219548,4.606585961631535,0.6217503701099436,-0.1394227953323084,0.1710033890625,33.963860064804706
17,13,4,51.13274883219548,4.606585961631535,0.6279852573899789,-0.14214182174641782,0.17236829375,33.875138412851584
17,13,5,51.13274883219548,4.606585961631535,0.6792713193531266,-0.24043928601534986,0.16698431054687501,31.977609923046895
17,13,6,51.13274883219548,4.606585961631535,0.635725815323658,-0.18565651923507692,0.16675551347656253,31.329601396953144
17,13,7,51.13274883219548,4.606585961631535,0.7105688213238273,-0.2863868347177787,0.17562716816406249,31.876084047734395
17,13,8,51.13274883219548,4.606585961631535,0.6679402310367675,-0.16749469398314198,0.177555514453125,32.20329938035158
17,13,9,51.13274883219548,4.606585961631535,0.5598953912176544,-0.05816215707452722,0.1627745056640625,33.34816918484377
17,13,10,51.13274883219548,4.606585961631535,0.5622493191599282,-0.12195104890741686,0.16323969472656252,31.549429484023456
17,13,11,51.13274883219548,4.606585961631535,0.664692470475883,-0.18971316983232633,0.17115249375,30.36016547445314
17,13,12,51.13274883219548,4.606585961631535,0.6688816756656142,-0.19369479660489497,0.17328395097656252,31.452463193984393
17,13,13,51.13274883219548,4.606585961631535,0.7047366766137451,-0.26502081191817517,0.17926552070312501,30.282532360039077
18,0,0,51.43458138699247,4.702706238916723,0.5233413888688374,-0.1182656273469348,0.1762328994140625,31.426507604609395
18,0,1,51.43458138699247,4.702706238916723,0.7025305589079048,-0.19653543209925523,0.169778901953125,30.53735509718752
18,0,2,51.43458138699247,4.702706238916723,0.598163677150815,-0.14439144753885397,0.1675821818359375,31.654326648593766
18,0,3,51.43458138699247,4.702706238916723,0.6909900523055161,-0.19979626010929402,0.156745428515625,30.881687233085955
18,0,4,51.43458138699247,4.702706238916723,0.6633945363956304,-0.20226688225301728,0.1545749296875,28.95637397914064
18,0,5,51.43458138699247,4.702706238916723,0.7207708989930461,-0.2382517286961986,0.13686282871093752,27.641330839062523
18,0,6,51.43458138699247,4.702706238916723,0.7576972257628904,-0.259778549054748,0.1631353958984375,28.50082267683596
18,0,7,51.43458138699247,4.702706238916723,0.6926783899176776,-0.19108394822262698,0.17026379023437502,29.551476629257827
18,0,8,51.43458138699247,4.702706238916723,0.5869199975745429,-0.0448612850401941,0.15912678496093752,31.141122962070334
18,0,9,51.43458138699247,4.702706238916723,0.36038977241292586,-0.03449084674232037,0.178446558984375,36.64211238851564
18,0,10,51.43458138699247,4.702706238916723,0.577290526321582,-0.13737206614411182,0.1618333787109375,31.682318363164082
18,0,11,51.43458138699247,4.702706238916723,0.5516659568751001,-0.062207210229317564,0.1639881873046875,31.941159944140644
18,0,12,51.43458138699247,4.702706238916723,0.5999479204309288,-0.16067875887581637,0.16112671074218748,30.894965439687525
18,0,13,51.43458138699247,4.702706238916723,0.7084704379223501,-0.25422120779189494,0.167216935546875,30.104761940937518
18,1,0,51.43458138699247,4.702706238916723,0.6565255615844139,-0.13934879606289058,0.18254784121093753,30.667887411757828
18,1,1,51.43458138699247,4.702706238916723,0.6755114798126947,-0.19059866621339033,0.17116265546875004,32.11864330296876
18,1,2,51.43458138699247,4.702706238916723,0.6903247989209153,-0.16692159984486143,0.148543088671875,29.30591993070314
18,1,3,51.43458138699247,4.702706238916723,0.638993688023697,-0.1648958258576838,0.1543944783203125,31.434037929921892
18,1,4,51.43458138699247,4.702706238916723,0.7629117512956951,-0.2757527879001004,0.144680652734375,27.84970321847658
18,1,5,51.43458138699247,4.702706238916723,0.7146544791117349,-0.17780501062550014,0.16269955429687502,29.55580256082033
18,1,6,51.43458138699247,4.702706238916723,0.6212776477400144,-0.13822662584483478,0.17186426601562502,31.13634975054689
18,1,7,51.43458138699247,4.702706238916723,0.679949413427327,-0.18965293660120938,0.16010499687500002,29.334866287578144
18,1,8,51.43458138699247,4.702706238916723,0.8423174579461774,-0.3636882067400615,0.169880783203125,26.198826261757834
18,1,9,51.43458138699247,4.702706238916723,0.6762152499683856,-0.20746348540343584,0.15671212890625,29.988929782695333
18,1,10,51.43458138699247,4.702706238916723,0.7526879635493108,-0.31676784079616627,0.17932035273437502,30.834429101093768
18,1,11,51.43458138699247,4.702706238916723,0.5758971304775082,-0.0855966755149426,0.1595917357421875,32.98730104203127
18,1,12,51.43458138699247,4.702706238916723,0.7058210925664755,-0.26836463090454943,0.168142062890625,30.622638701679705
18,1,13,51.43458138699247,4.702706238916723,0.6361991062032032,-0.14974819214196394,0.1645464978515625,30.958038590000015
18,2,0,51.43458138699247,4.702706238916723,0.6239335379116147,-0.10642413934515538,0.16808606972656248,30.629407983476582
18,2,1,51.43458138699247,4.702706238916723,0.5995050145567357,-0.08247468322192227,0.16483210585937502,30.966543585078142
18,2,2,51.43458138699247,4.702706238916723,0.761400840042322,-0.2767737300384966,0.14047324121093752,26.73775188394533
18,2,3,51.43458138699247,4.702706238916723,0.6688560405075219,-0.16326010658184928,0.16305267890625003,30.064747073984393
18,2,4,51.43458138699247,4.702706238916723,0.7532670863839702,-0.2519691420888257,0.167328804296875,29.719433592500017
18,2,5,51.43458138699247,4.702706238916723,0.7287518953416916,-0.19184598255984853,0.16600799433593752,30.830410257265644
18,2,6,51.43458138699247,4.702706238916723,0.7578647101075258,-0.3456541504914464,0.1833196521484375,28.338649871574486
18,2,7,51.43458138699247,4.702706238916723,0.6834936150675666,-0.26886695009232797,0.164906126171875,30.487994470679627
18,2,8,51.43458138699247,4.702706238916723,0.6686499104156775,-0.23026992562735527,0.182477716015625,31.682158143476585
18,2,9,51.43458138699247,4.702706238916723,0.5467942249781048,-0.06952874827527673,0.14961769960937502,32.480539522109396
18,2,10,51.43458138699247,4.702706238916723,0.6423118439629283,-0.18116599555767357,0.16055173535156247,33.53969179378908
18,2,11,51.43458138699247,4.702706238916723,0.6097535071162585,-0.12466717059172966,0.15982383437500003,33.61155699945314
18,2,12,51.43458138699247,4.702706238916723,0.6721468518106886,-0.1981930995493012,0.169674741015625,31.40302206875002
18,2,13,51.43458138699247,4.702706238916723,0.7453957772001307,-0.2753768028863818,0.1727960443359375,29.680914109296893
18,3,0,51.43458138699247,4.702706238916723,0.5902672672376523,-0.09068248899198006,0.16616318046875,32.55667057695314
18,3,1,51.43458138699247,4.702706238916723,0.601407034887959,-0.08106663026117586,0.17215643046875,31.18046357117189
18,3,2,51.43458138699247,4.702706238916723,0.7120754797020648,-0.19439950575086903,0.16085289960937502,27.833020343515646
18,3,3,51.43458138699247,4.702706238916723,0.6594665529947537,-0.1273264166755932,0.17044910000000002,29.57484200035158
18,3,4,51.43458138699247,4.702706238916723,0.6588638563916556,-0.16403264536339918,0.1632913041015625,32.614349664453144
18,3,5,51.43458138699247,4.702706238916723,0.7316725514725074,-0.26825754026651716,0.1752000109375,30.93455972996096
18,3,6,51.43458138699247,4.702706238916723,0.6147877150821074,-0.1780296345503039,0.16860026484375001,31.7587539735345
18,3,7,51.43458138699247,4.702706238916723,0.738487883353809,-0.3077946354437071,0.1703047607421875,29.89289403842859
18,3,8,51.43458138699247,4.702706238916723,0.6211359809913839,-0.15963180681512282,0.1663086158203125,33.915593883945334
18,3,9,51.43458138699247,4.702706238916723,0.5249245639141457,-0.06569457314668187,0.15350881054687499,32.25343479089845
18,3,10,51.43458138699247,4.702706238916723,0.6331255449665927,-0.1732219559475387,0.16513374375,32.99690087164064
18,3,11,51.43458138699247,4.702706238916723,0.6354117090522167,-0.14850502378716474,0.16241403066406251,33.91963275523439
18,3,12,51.43458138699247,4.702706238916723,0.6131421739555596,-0.1331617135139811,0.15580806054687502,32.91128347613283
18,3,13,51.43458138699247,4.702706238916723,0.7194879994557343,-0.2517835111198458,0.173425016796875,30.99625766128908
18,4,0,51.43458138699247,4.702706238916723,0.7438113706521354,-0.2510309474189757,0.146395416015625,27.83511655109377
18,4,1,51.43458138699247,4.702706238916723,0.8122864748822547,-0.31995615938170024,0.1490907357421875,25.299246123007833
18,4,2,51.43458138699247,4.702706238916723,0.8013293838703964,-0.3461880605041367,0.16516686289062502,27.349050074140642
18,4,3,51.43458138699247,4.702706238916723,0.5418824184483676,-0.08649834204422578,0.161767861328125,32.13276933875001
18,4,4,51.43458138699247,4.702706238916723,0.7047156941142616,-0.2148759984679811,0.15927406718750003,29.841934895234395
18,4,5,51.43458138699247,4.702706238916723,0.6822672621168069,-0.18881959120928,0.16054354453125003,30.60570882136721
18,4,6,51.43458138699247,4.702706238916723,0.6135814306293552,-0.17756732467465236,0.15288765781250002,31.300034188789077
18,4,7,51.43458138699247,4.702706238916723,0.6654737135656553,-0.20490787895535933,0.169216598046875,31.2338234029297
18,4,8,51.43458138699247,4.702706238916723,0.5698936811988151,-0.06342120514429272,0.16711038359375,33.68865604824221
18,4,9,51.43458138699247,4.702706238916723,0.5890968123244641,-0.08700631476139659,0.1596001904296875,32.641026242421894
18,4,10,51.43458138699247,4.702706238916723,0.6281045882441216,-0.14545270785547576,0.16114462050781253,30.567309502929707
18,4,11,51.43458138699247,4.702706238916723,0.5938044681448509,-0.13382915436353657,0.1519353263671875,33.86394973800783
18,4,12,51.43458138699247,4.702706238916723,0.6121342915171591,-0.16633203843574063,0.16013496894531248,32.64723475531251
18,4,13,51.43458138699247,4.702706238916723,0.7192590021524694,-0.2347547387605107,0.18158957343749998,30.18138033066408
18,5,0,51.43458138699247,4.702706238916723,0.6659055584195885,-0.18097450511847324,0.14901979453125003,30.26596297402346
18,5,1,51.43458138699247,4.702706238916723,0.7158269817533771,-0.2158861900882308,0.157241462890625,28.715343486757835
18,5,2,51.43458138699247,4.702706238916723,0.6312703217281623,-0.11677386179071131,0.1829977546875,30.654582501875023
18,5,3,51.43458138699247,4.702706238916723,0.7572255306364534,-0.27142672861327005,0.15635655214843752,28.08441838484377
18,5,4,51.43458138699247,4.702706238916723,0.5846492860762966,-0.10185856714923315,0.16251410585937504,31.489634161484396
18,5,5,51.43458138699247,4.702706238916723,0.7577449716220421,-0.2850003675007873,0.18008854062500002,29.745075418320333
18,5,6,51.43458138699247,4.702706238916723,0.7484695705737847,-0.27862462286864986,0.1784527515625,30.331345958164082
18,5,7,51.43458138699247,4.702706238916723,0.593809158293543,-0.12951494967004828,0.187041365234375,30.675778231367207
18,5,8,51.43458138699247,4.702706238916723,0.6243994395564596,-0.14176823343076295,0.1696767236328125,31.360877615117204
18,5,9,51.43458138699247,4.702706238916723,0.5839095560455723,-0.13534911133123745,0.16228980371093749,31.486858972845866
18,5,10,51.43458138699247,4.702706238916723,0.5623721981924754,-0.18177517083600564,0.169086812890625,30.87493285172002
18,5,11,51.43458138699247,4.702706238916723,0.6620895686418722,-0.17947233365112675,0.165879300390625,32.26050448460939
18,5,12,51.43458138699247,4.702706238916723,0.5822838544436288,-0.10169830405262986,0.15741219414062502,34.182620020625016
18,5,13,51.43458138699247,4.702706238916723,0.7051097004787424,-0.23537470170528946,0.17254335781250002,31.492424654375018
18,6,0,51.43458138699247,4.702706238916723,0.5952193570145519,-0.08239139298845355,0.16346495996093752,31.128545716601586
18,6,1,51.43458138699247,4.702706238916723,0.6276155997159818,-0.15302470365139068,0.1636608119140625,28.654813823984398
18,6,2,51.43458138699247,4.702706238916723,0.684379939473558,-0.21349134334985115,0.1814801642578125,30.37053302339846
18,6,3,51.43458138699247,4.702706238916723,0.7617766101416308,-0.2574164797115983,0.173676358984375,29.15898512562502
18,6,4,51.43458138699247,4.702706238916723,0.7529935713531546,-0.24203426397335268,0.1789178193359375,29.042759093984394
18,6,5,51.43458138699247,4.702706238916723,0.7639836844220893,-0.29212160417100225,0.16363194902343753,29.60498332906252
18,6,6,51.43458138699247,4.702706238916723,0.699185695487503,-0.17857887804598543,0.1594068365234375,29.552130859648454
18,6,7,51.43458138699247,4.702706238916723,0.7102935591636745,-0.15948155655762847,0.16668874960937502,28.950499257265644
18,6,8,51.43458138699247,4.702706238916723,0.6435526905143482,-0.13515801359365753,0.16023541953125,32.20723143851565
18,6,9,51.43458138699247,4.702706238916723,0.6667149426013426,-0.18835849553783313,0.161748941015625,31.889335551054707
18,6,10,51.43458138699247,4.702706238916723,0.712912676861488,-0.2418605235831392,0.16994563652343753,31.144260597617208
18,6,11,51.43458138699247,4.702706238916723,0.6385593614095115,-0.14536045198935216,0.159147911328125,32.619710348164084
18,6,12,51.43458138699247,4.702706238916723,0.6238145834859661,-0.1479246099273063,0.1640414642578125,32.525240814921894
18,6,13,51.43458138699247,4.702706238916723,0.5913463195221345,-0.09643180960288456,0.1615900021484375,32.11403031113283
18,7,0,51.43458138699247,4.702706238916723,0.7093213407041643,-0.17511635577084017,0.18008415292968752,29.323664261093768
18,7,1,51.43458138699247,4.702706238916723,0.7337799215056016,-0.2603665948969198,0.16758578066406252,26.745175396132836
18,7,2,51.43458138699247,4.702706238916723,0.7410192866200498,-0.2345288721144741,0.17692990019531252,29.37018805285158
18,7,3,51.43458138699247,4.702706238916723,0.7426218738749928,-0.23224642031705806,0.17424962441406253,29.788715255703146
18,7,4,51.43458138699247,4.702706238916723,0.7362175854860327,-0.24226539744584952,0.17666033574218754,29.72582235253908
18,7,5,51.43458138699247,4.702706238916723,0.7971786561559367,-0.33056416345823136,0.17295808984375,29.258554985585956
18,7,6,51.43458138699247,4.702706238916723,0.8167778102458583,-0.3658149281978066,0.17572129062500003,29.52427933730471
18,7,7,51.43458138699247,4.702706238916723,0.7632278855282398,-0.30344977814240437,0.1684662103515625,29.08350830117189
18,7,8,51.43458138699247,4.702706238916723,0.6456833499355487,-0.16041690749624926,0.15756098652343747,30.88417731406252
18,7,9,51.43458138699247,4.702706238916723,0.6805631913801642,-0.2062981029767763,0.1782374515625,31.200718010000017
18,7,10,51.43458138699247,4.702706238916723,0.7279888207214169,-0.2504722855972429,0.1699891,30.784073388476582
18,7,11,51.43458138699247,4.702706238916723,0.6024078526145584,-0.1498306560015914,0.17195182910156254,31.731532510507826
18,7,12,51.43458138699247,4.702706238916723,0.6296311304923401,-0.1510823630673457,0.16620453652343753,32.01388633062502
18,7,13,51.43458138699247,4.702706238916723,0.5953667103109601,-0.10623557271407903,0.15644585957031254,32.49045311527345
18,8,0,51.43458138699247,4.702706238916723,0.6451930018188388,-0.14540788747160377,0.1715639521484375,30.728443777812522
18,8,1,51.43458138699247,4.702706238916723,0.7213642017780828,-0.23983273878320516,0.16519235117187503,28.252208452578145
18,8,2,51.43458138699247,4.702706238916723,0.7448852168840883,-0.25849265092818285,0.1700304662109375,29.422326209492205
18,8,3,51.43458138699247,4.702706238916723,0.7959915581952612,-0.32071369826480933,0.17962162070312498,29.864125321953146
18,8,4,51.43458138699247,4.702706238916723,0.7068806925584843,-0.21127927441899425,0.16189615859375,33.01244218132814
18,8,5,51.43458138699247,4.702706238916723,0.793608736560387,-0.3571745545621935,0.17805937675781247,30.732709626992207
18,8,6,51.43458138699247,4.702706238916723,0.7450668289491308,-0.30357856663453425,0.173856597265625,30.474642441171895
18,8,7,51.43458138699247,4.702706238916723,0.6669959104564964,-0.17540795788673136,0.17021948027343753,31.282523512109393
18,8,8,51.43458138699247,4.702706238916723,0.6849193501831116,-0.2897316859272235,0.13806412098765436,28.63399954103898
18,8,9,51.43458138699247,4.702706238916723,0.7467530442960864,-0.27002978261899124,0.18325717890625,31.380317603867205
18,8,10,51.43458138699247,4.702706238916723,0.7638236533849869,-0.30123003987718555,0.1815441755859375,31.55402912421877
18,8,11,51.43458138699247,4.702706238916723,0.7698793389854643,-0.2984356160557987,0.1750651544921875,30.92585446027346
18,8,12,51.43458138699247,4.702706238916723,0.7202224506476347,-0.2370989707429233,0.1747873912109375,31.56693348488283
18,8,13,51.43458138699247,4.702706238916723,0.5505168412425053,-0.09116758138543957,0.175918778125,36.75614875109377
18,9,0,51.43458138699247,4.702706238916723,0.6864682129166721,-0.1862624349240379,0.17053268613281253,29.643289186015647
18,9,1,51.43458138699247,4.702706238916723,0.7030486421171905,-0.21066785850361122,0.17850427246093753,30.736715119179706
18,9,2,51.43458138699247,4.702706238916723,0.753183187662324,-0.3178360024078118,0.18121352949218753,30.758204584765643
18,9,3,51.43458138699247,4.702706238916723,0.7910742155712245,-0.3186064631191439,0.18006694394531253,29.771765347929705
18,9,4,51.43458138699247,4.702706238916723,0.6640166682762673,-0.17595423193197082,0.1635335830078125,34.8979341671094
18,9,5,51.43458138699247,4.702706238916723,0.6732985842100677,-0.1716506966565641,0.175545205078125,33.47986309214846
18,9,6,51.43458138699247,4.702706238916723,0.6344628024796511,-0.15641590220782978,0.17490493457031253,32.14609427609377
18,9,7,51.43458138699247,4.702706238916723,0.7200566647157272,-0.24632277419575008,0.15240047578125002,29.68518663429689
18,9,8,51.43458138699247,4.702706238916723,0.621162784751267,-0.23695594770387482,0.12067000861111112,27.762292059076106
18,9,9,51.43458138699247,4.702706238916723,0.7033706807061303,-0.19464086508464357,0.1775106666015625,31.587561769648456
18,9,10,51.43458138699247,4.702706238916723,0.6438995216212489,-0.18041101347314087,0.1755859369140625,31.520776863242205
18,9,11,51.43458138699247,4.702706238916723,0.7060653777372532,-0.23379593391778464,0.18226789902343749,32.36736434035158
18,9,12,51.43458138699247,4.702706238916723,0.5701167583914513,-0.046373118031624874,0.18211420117187505,35.091619741835956
18,9,13,51.43458138699247,4.702706238916723,0.6258980773456218,-0.15181173278230978,0.1894321501953125,32.166215198515644
18,10,0,51.43458138699247,4.702706238916723,0.6336998654307924,-0.1678542047209558,0.16529531621093752,31.107703805585956
18,10,1,51.43458138699247,4.702706238916723,0.6368060451445549,-0.21591981144327427,0.18228899707031251,31.038215191953142
18,10,2,51.43458138699247,4.702706238916723,0.7546489270185996,-0.2976928498663065,0.19431272226562502,30.135030110234393
18,10,3,51.43458138699247,4.702706238916723,0.717498414398221,-0.2136466982344338,0.17728231289062502,31.03001060878908
18,10,4,51.43458138699247,4.702706238916723,0.7136779532171926,-0.18586633030279776,0.17215155136718752,32.797233761914086
18,10,5,51.43458138699247,4.702706238916723,0.6277336227961663,-0.17196903561706212,0.1602366814453125,35.20018860757814
18,10,6,51.43458138699247,4.702706238916723,0.7726138395373792,-0.2906569353843888,0.17684881230468752,31.63325775968752
18,10,7,51.43458138699247,4.702706238916723,0.5003072759241043,-0.06582628111357247,0.1430983056640625,32.72230435472658
18,10,8,51.43458138699247,4.702706238916723,0.6448126300381944,-0.12819490520120036,0.1790925615234375,31.222794947773455
18,10,9,51.43458138699247,4.702706238916723,0.6581782389512028,-0.18515429089916385,0.17571938300781254,32.471827576601584
18,10,10,51.43458138699247,4.702706238916723,0.6867441986691958,-0.19857141911505927,0.183008109765625,32.09241400496096
18,10,11,51.43458138699247,4.702706238916723,0.7208305739770288,-0.2652215878787874,0.17546922089843753,30.859636998593768
18,10,12,51.43458138699247,4.702706238916723,0.7813227542981513,-0.346419427228545,0.17452243671875,30.337027081250017
18,10,13,51.43458138699247,4.702706238916723,0.6904420927970986,-0.1885028078924243,0.173983666015625,29.744314374804706
18,11,0,51.43458138699247,4.702706238916723,0.6265410309216123,-0.14370177631603875,0.1703110541015625,31.671997544960956
18,11,1,51.43458138699247,4.702706238916723,0.7536885664254767,-0.2811808248941767,0.18249581914062502,30.88051228871096
18,11,2,51.43458138699247,4.702706238916723,0.6714672929574925,-0.23248403357567438,0.1665639826171875,32.03716491605471
18,11,3,51.43458138699247,4.702706238916723,0.7179418778743587,-0.22286447134759,0.1787401216796875,31.40660698425783
18,11,4,51.43458138699247,4.702706238916723,0.6125759707157354,-0.10102776853198274,0.1755876822265625,33.13436268769533
18,11,5,51.43458138699247,4.702706238916723,0.6893014619432536,-0.211827375625309,0.177751075390625,33.00939133144533
18,11,6,51.43458138699247,4.702706238916723,0.7696601581864284,-0.30035133796547825,0.172811425390625,31.056226555156265
18,11,7,51.43458138699247,4.702706238916723,0.6277704976869918,-0.13856534342999055,0.16366559882812504,29.10905666550783
18,11,8,51.43458138699247,4.702706238916723,0.690985628950687,-0.16116607841019087,0.1845012119140625,28.777255044335956
18,11,9,51.43458138699247,4.702706238916723,0.7264722532586372,-0.23597091302096812,0.1775242642578125,30.463146678593766
18,11,10,51.43458138699247,4.702706238916723,0.7199819603964177,-0.2692225206216725,0.18215033281250004,31.990006921367208
18,11,11,51.43458138699247,4.702706238916723,0.7345894077634401,-0.2985559853422286,0.17197009375,30.870351690195328
18,11,12,51.43458138699247,4.702706238916723,0.6488701781832211,-0.1357324902806422,0.17890484882812502,29.65788252921877
18,11,13,51.43458138699247,4.702706238916723,0.6868308931871898,-0.1689346674851539,0.1819425796875,29.102127164023457
18,12,0,51.43458138699247,4.702706238916723,0.702674562780501,-0.2156698114455572,0.17498214921875002,30.51198030417971
18,12,1,51.43458138699247,4.702706238916723,0.6442365269388581,-0.1815565873328824,0.1664258515625,32.04284603914064
18,12,2,51.43458138699247,4.702706238916723,0.687894177728763,-0.21516972354623348,0.1695434890625,31.921860147617203
18,12,3,51.43458138699247,4.702706238916723,0.63305880695224,-0.1562367896704636,0.16727736796875,33.12475618226564
18,12,4,51.43458138699247,4.702706238916723,0.5346846938201533,0.01066971514356852,0.1719881078125,33.54676816332032
18,12,5,51.43458138699247,4.702706238916723,0.6958122293510443,-0.21911548063796563,0.17496564218750002,31.56924999453127
18,12,6,51.43458138699247,4.702706238916723,0.6394711406795637,-0.14469676851935603,0.16279809785156252,32.11421055828127
18,12,7,51.43458138699247,4.702706238916723,0.8097248360347657,-0.3172789877950517,0.18239833671875,29.910221861210953
18,12,8,51.43458138699247,4.702706238916723,0.7415445596591064,-0.2548191986044598,0.176696503515625,29.00140906296877
18,12,9,51.43458138699247,4.702706238916723,0.7526842102492206,-0.2637527597341746,0.196704269921875,29.306874573007832
18,12,10,51.43458138699247,4.702706238916723,0.7716469958024801,-0.25737267805521585,0.192145325390625,30.471251124453143
18,12,11,51.43458138699247,4.702706238916723,0.7111106303749054,-0.20508588512784492,0.17589293554687502,31.287276696171894
18,12,12,51.43458138699247,4.702706238916723,0.7015556682426893,-0.2140158061464169,0.17537496562500002,29.982180528359393
18,12,13,51.43458138699247,4.702706238916723,0.709547739301038,-0.2417889935067179,0.17448024511718752,29.795324317812522
18,13,0,51.43458138699247,4.702706238916723,0.735943493734941,-0.27781861348196935,0.1779005796875,30.389846171562517
18,13,1,51.43458138699247,4.702706238916723,0.6977273403592896,-0.21991070677837216,0.177579616796875,30.563717911601586
18,13,2,51.43458138699247,4.702706238916723,0.6275187849392292,-0.1605895436140422,0.157755873046875,32.629363584335955
18,13,3,51.43458138699247,4.702706238916723,0.7242264194438647,-0.2384706749305195,0.178721784765625,30.910119551796893
18,13,4,51.43458138699247,4.702706238916723,0.6972970144830626,-0.21380796142747777,0.1802174220703125,29.339966614296895
18,13,5,51.43458138699247,4.702706238916723,0.6596120650191031,-0.16044644893362914,0.16695550390625002,29.81023810039064
18,13,6,51.43458138699247,4.702706238916723,0.6042600299156107,-0.07858686889520872,0.16845178359375002,30.12426868789064
18,13,7,51.43458138699247,4.702706238916723,0.7499715942238124,-0.2900319946109946,0.188188044140625,30.30372808953127
18,13,8,51.43458138699247,4.702706238916723,0.7262338257164302,-0.240125421655802,0.17698007675781252,31.171150801835957
18,13,9,51.43458138699247,4.702706238916723,0.8151142483059427,-0.3251803290162546,0.19459833984375,28.867245102148452
18,13,10,51.43458138699247,4.702706238916723,0.6904802709809985,-0.1747859147628933,0.18281270937500002,30.75741683796877
18,13,11,51.43458138699247,4.702706238916723,0.6649038731187265,-0.1583483257985449,0.1792095966796875,31.790827146523455
18,13,12,51.43458138699247,4.702706238916723,0.6583513042521245,-0.1624417173809214,0.1781026498046875,29.299431033359394
18,13,13,51.43458138699247,4.702706238916723,0.6831282740882703,-0.20661441592531749,0.173726961328125,29.113749767187517
19,0,0,51.01201581027669,2.588060138642594,0.5562987886060666,-0.2674087568382265,0.2123461646484375,30.763611999218767
19,0,1,51.01201581027669,2.588060138642594,0.56815455527071,-0.17612338453126636,0.196153193359375,33.72683315723216
19,0,2,51.01201581027669,2.588060138642594,0.6693676335420761,-0.27415315854540206,0.19751120703125002,31.698032915860672
19,0,3,51.01201581027669,2.588060138642594,0.45639429987144026,-0.18168559361635714,0.191718924609375,31.18544373312502
19,0,4,51.01201581027669,2.588060138642594,0.5594910923982845,-0.17719443464061693,0.18493094882812502,33.14934322847658
19,0,5,51.01201581027669,2.588060138642594,0.6072380892567437,-0.2647604170847534,0.19553072812500003,30.618339473398454
19,0,6,51.01201581027669,2.588060138642594,0.6774078511579916,-0.2636459117924344,0.20131105546875,30.63909459875002
19,0,7,51.01201581027669,2.588060138642594,0.5643316195895964,-0.18480829493322687,0.19730476503906252,31.026332231796893
19,0,8,51.01201581027669,2.588060138642594,0.6332051910248215,-0.2983121179646162,0.18180437636718752,31.241567354492204
19,0,9,51.01201581027669,2.588060138642594,0.718680473571855,-0.35898533300956265,0.195615940234375,30.314816627070336
19,0,10,51.01201581027669,2.588060138642594,0.6291869165205677,-0.3442195133020219,0.1864643751953125,31.461255249335956
19,0,11,51.01201581027669,2.588060138642594,0.6897992047732784,-0.34342668603137133,0.19763891484375,29.916490456484393
19,0,12,51.01201581027669,2.588060138642594,0.6784281555770777,-0.3293417692947738,0.182887105859375,30.90961886527345
19,0,13,51.01201581027669,2.588060138642594,0.7055047517772512,-0.2421244357231747,0.1795809935546875,30.761275462109396
19,1,0,51.01201581027669,2.588060138642594,0.5292435039978659,-0.16173867843883152,0.2009488091796875,31.450039871210958
19,1,1,51.01201581027669,2.588060138642594,0.39745739951779346,-0.086309077245427,0.21569543105468753,32.593501077617205
19,1,2,51.01201581027669,2.588060138642594,0.5500864842036366,-0.18115285675836168,0.2025779482421875,33.08395356851564
19,1,3,51.01201581027669,2.588060138642594,0.4154268341749952,-0.11358307330476733,0.19672341269531252,30.333435489921893
19,1,4,51.01201581027669,2.588060138642594,0.5830955820863408,-0.21820602918887735,0.186806898828125,31.174675634960956
19,1,5,51.01201581027669,2.588060138642594,0.5807545735452657,-0.18154974493236564,0.191363908984375,30.808760571992206
19,1,6,51.01201581027669,2.588060138642594,0.5602216531188247,-0.17035438902272526,0.19547085390625002,31.32689101390627
19,1,7,51.01201581027669,2.588060138642594,0.5164139187044832,-0.09978363673610174,0.2146301287109375,32.317542693359385
19,1,8,51.01201581027669,2.588060138642594,0.6476159303099562,-0.2758879988269361,0.1972667783203125,30.970315423554705
19,1,9,51.01201581027669,2.588060138642594,0.6540959096935839,-0.30445928261541566,0.194901428515625,30.92202253941408
19,1,10,51.01201581027669,2.588060138642594,0.6144098443818267,-0.3590862167573922,0.20320253867187502,30.94636925609377
19,1,11,51.01201581027669,2.588060138642594,0.6990659789993494,-0.3322904546184084,0.19785411640625,30.359197480507827
19,1,12,51.01201581027669,2.588060138642594,0.7037122900249773,-0.3335405538735345,0.19028184355468752,31.977423000078144
19,1,13,51.01201581027669,2.588060138642594,0.6942298130245506,-0.2845910801217346,0.1679347779296875,32.43390224140627
19,2,0,51.01201581027669,2.588060138642594,0.532743612354001,-0.2012871901419067,0.1977321013671875,30.670831448515642
19,2,1,51.01201581027669,2.588060138642594,0.3616650717058264,-0.07257652778751181,0.2197610076171875,32.92074978933596
19,2,2,51.01201581027669,2.588060138642594,0.6278748228491766,-0.2398252376562945,0.21078084023437502,33.803546915820334
19,2,3,51.01201581027669,2.588060138642594,0.5581331029511636,-0.22987762184652183,0.19495162753906253,32.27076522042971
19,2,4,51.01201581027669,2.588060138642594,0.6055886652316333,-0.25982160409202404,0.196520983203125,31.062034518828142
19,2,5,51.01201581027669,2.588060138642594,0.6571065386351638,-0.2751052438220229,0.19219606093750002,30.383777850898454
19,2,6,51.01201581027669,2.588060138642594,0.7135444872588672,-0.2532382447197318,0.18498159453125002,30.651458217968766
19,2,7,51.01201581027669,2.588060138642594,0.6786187409149214,-0.22897612285306154,0.1868197873046875,29.91516864406252
19,2,8,51.01201581027669,2.588060138642594,0.6017354347813686,-0.19499962984863262,0.19345578164062505,31.558728901718773
19,2,9,51.01201581027669,2.588060138642594,0.6870372593511589,-0.28858851814613407,0.1978134220703125,31.815714604648456
19,2,10,51.01201581027669,2.588060138642594,0.5801607149683761,-0.30083090136344526,0.19336356718750003,30.394278916250023
19,2,11,51.01201581027669,2.588060138642594,0.7491866817949276,-0.32091539753020726,0.183369702734375,30.433799772500016
19,2,12,51.01201581027669,2.588060138642594,0.6381059012751062,-0.31777497042755126,0.18551222792968752,29.578186586328144
19,2,13,51.01201581027669,2.588060138642594,0.6513535538469913,-0.27848762759136225,0.1809524498046875,30.224072201562517
19,3,0,51.01201581027669,2.588060138642594,0.5353605598107267,-0.21624868234200828,0.20140259609375,31.07988566234377
19,3,1,51.01201581027669,2.588060138642594,0.4478803970536498,-0.12485232481953529,0.20660660664062502,33.12065722859377
19,3,2,51.01201581027669,2.588060138642594,0.4208984921793625,-0.11156758914499007,0.20126068632812502,33.13272043589846
19,3,3,51.01201581027669,2.588060138642594,0.3969935543001905,-0.09134349701688252,0.19208051035156254,32.28155334605471
19,3,4,51.01201581027669,2.588060138642594,0.4502296091232473,-0.1407595659253588,0.2047905033203125,31.062428392226582
19,3,5,51.01201581027669,2.588060138642594,0.5687249576690948,-0.2660241880153143,0.20002638203125,30.593205009921896
19,3,6,51.01201581027669,2.588060138642594,0.7193976516578955,-0.3618229350776521,0.18965749648437502,32.34002018035158
19,3,7,51.01201581027669,2.588060138642594,0.6328648506276119,-0.2987764575396551,0.1985076908203125,30.835357040117202
19,3,8,51.01201581027669,2.588060138642594,0.5762421533094482,-0.250648120123128,0.18492069296875002,31.240599360546895
19,3,9,51.01201581027669,2.588060138642594,0.681656691910023,-0.29915140301879667,0.190635002734375,30.12118445890627
19,3,10,51.01201581027669,2.588060138642594,0.533821082085525,-0.1852104361156117,0.1922289099609375,29.947005631132832
19,3,11,51.01201581027669,2.588060138642594,0.5245048242007382,-0.15713435925363003,0.1769400404296875,30.889137448554706
19,3,12,51.01201581027669,2.588060138642594,0.5550243864807263,-0.22442245402536073,0.18096137910156251,31.605559781210957
19,3,13,51.01201581027669,2.588060138642594,0.5973680921640279,-0.24719349288342518,0.18160387734375003,31.01118479550783
19,4,0,51.01201581027669,2.588060138642594,0.5389244183179132,-0.25169531483552854,0.2006820681640625,31.161030258242207
19,4,1,51.01201581027669,2.588060138642594,0.5070719671682274,-0.14310492789462503,0.20266282714843753,32.360414811406265
19,4,2,51.01201581027669,2.588060138642594,0.5170679848216444,-0.21214032569694463,0.1982951302734375,31.797416181171894
19,4,3,51.01201581027669,2.588060138642594,0.5295669870915695,-0.1949704783573587,0.19983275683593751,32.138517220039084
19,4,4,51.01201581027669,2.588060138642594,0.4135380206455066,-0.07645765502984189,0.20297456132812502,31.792829892617206
19,4,5,51.01201581027669,2.588060138642594,0.6184378775263156,-0.2172877992782165,0.18107348105468749,32.50360448128908
19,4,6,51.01201581027669,2.588060138642594,0.7076137795250421,-0.2927006448644411,0.19573359863281253,31.892379725117205
19,4,7,51.01201581027669,2.588060138642594,0.5700007271047312,-0.2540487751252748,0.19270173847656252,30.959854413125022
19,4,8,51.01201581027669,2.588060138642594,0.5602234608171397,-0.26039857654820814,0.1875023958984375,31.107984190039083
19,4,9,51.01201581027669,2.588060138642594,0.6888454476908686,-0.32071704926528066,0.19734589238281253,30.386488233945332
19,4,10,51.01201581027669,2.588060138642594,0.5034562022913144,-0.16622286718288276,0.19223533847656255,30.894758489257832
19,4,11,51.01201581027669,2.588060138642594,0.6817274580787707,-0.21585209039995595,0.18238908222656253,31.697065250234395
19,4,12,51.01201581027669,2.588060138642594,0.47381441150286047,-0.16233664494366243,0.186545429296875,31.318592969257836
19,4,13,51.01201581027669,2.588060138642594,0.6237846765090902,-0.17227244563575494,0.172483297265625,33.71698822964845
19,5,0,51.01201581027669,2.588060138642594,0.43324738785743805,-0.16050112334078154,0.21275442558593752,31.15147715937502
19,5,1,51.01201581027669,2.588060138642594,0.5453308171253815,-0.1983779035430983,0.212496262890625,31.277289668984395
19,5,2,51.01201581027669,2.588060138642594,0.4908594030447702,-0.1818486260797078,0.18965138964843753,31.84422035738283
19,5,3,51.01201581027669,2.588060138642594,0.5213681134014748,-0.16894084485530292,0.2012180798828125,32.031116622851584
19,5,4,51.01201581027669,2.588060138642594,0.5217183386334083,-0.17199101761677332,0.217926453515625,31.614478677148455
19,5,5,51.01201581027669,2.588060138642594,0.4508853826116483,-0.12427809162958149,0.2047973654296875,32.1368749682422
19,5,6,51.01201581027669,2.588060138642594,0.5939130173155067,-0.24893652211302159,0.18614203750000002,31.3650366511719
19,5,7,51.01201581027669,2.588060138642594,0.5830749227688048,-0.24207149793737803,0.1759757451171875,32.16847830160158
19,5,8,51.01201581027669,2.588060138642594,0.6727622469435821,-0.2875944343631066,0.178572533984375,31.523680845078143
19,5,9,51.01201581027669,2.588060138642594,0.5468491750303378,-0.15640528779663093,0.17697313671874998,32.54596256117189
19,5,10,51.01201581027669,2.588060138642594,0.5774296252925912,-0.24773986227415584,0.18314297519531253,31.775098913867204
19,5,11,51.01201581027669,2.588060138642594,0.6604384246469802,-0.2969630088601032,0.19727716210937501,32.435798174375016
19,5,12,51.01201581027669,2.588060138642594,0.6487490780267692,-0.26061821519004275,0.20379519277343752,31.74776810550783
19,5,13,51.01201581027669,2.588060138642594,0.6023065037048785,-0.18844496833457466,0.19385897285156253,31.46192283136721
19,6,0,51.01201581027669,2.588060138642594,0.519565576338797,-0.1474363304166752,0.18788766816406252,33.586358146612916
19,6,1,51.01201581027669,2.588060138642594,0.47360693333025455,-0.07638378486101885,0.17580314394531252,33.36917799136721
19,6,2,51.01201581027669,2.588060138642594,0.525753613415085,-0.17952559134611554,0.18893628750000002,31.33035576464846
19,6,3,51.01201581027669,2.588060138642594,0.3258330844724258,-0.038399827430473446,0.215300344140625,31.325168652265642
19,6,4,51.01201581027669,2.588060138642594,0.39664866466896365,-0.08367635041854683,0.20505417656250002,32.30208816933596
19,6,5,51.01201581027669,2.588060138642594,0.4402965357176819,-0.12056492288899429,0.19113367792968752,31.472290380312515
19,6,6,51.01201581027669,2.588060138642594,0.6273498799181801,-0.28571685278141945,0.1897895720703125,32.11354297625002
19,6,7,51.01201581027669,2.588060138642594,0.557013135183132,-0.20035171867106222,0.18456732792968752,32.936845192109395
19,6,8,51.01201581027669,2.588060138642594,0.6519014779663241,-0.26087644429271156,0.18852693613281252,31.38324161316408
19,6,9,51.01201581027669,2.588060138642594,0.6250947265792385,-0.17178508490326044,0.18128241191406252,32.53251078324221
19,6,10,51.01201581027669,2.588060138642594,0.5997218000871888,-0.23787729761328794,0.1905582271484375,31.258523938085954
19,6,11,51.01201581027669,2.588060138642594,0.6571202643894667,-0.26999862728675084,0.187480444140625,32.54189031078127
19,6,12,51.01201581027669,2.588060138642594,0.6412100922075057,-0.23358041457313372,0.19730173242187501,32.84746930976564
19,6,13,51.01201581027669,2.588060138642594,0.5154897902603637,-0.1794070585245905,0.20134865820312503,33.16570566406252
19,7,0,51.01201581027669,2.588060138642594,0.5750078805816372,-0.29034093332112143,0.19981841191406252,32.12707605925766
19,7,1,51.01201581027669,2.588060138642594,0.5897469267329618,-0.24176369637235362,0.20514798691406252,32.36302283187502
19,7,2,51.01201581027669,2.588060138642594,0.5236457777325308,-0.2018436607135896,0.19609957128906252,29.610711182890647
19,7,3,51.01201581027669,2.588060138642594,0.6115577287267706,-0.24356169408524256,0.1906969353515625,30.89248203453127
19,7,4,51.01201581027669,2.588060138642594,0.47344224578087707,-0.12210201358857214,0.18563062539062503,33.14031084359377
19,7,5,51.01201581027669,2.588060138642594,0.3973597449811601,-0.04478070865638242,0.1740969296875,33.199658886171896
19,7,6,51.01201581027669,2.588060138642594,0.4487302845582184,-0.0685382693414578,0.19160890390625002,33.62930132984377
19,7,7,51.01201581027669,2.588060138642594,0.6172918377430714,-0.21453323467566632,0.1861991443359375,33.03174197785158
19,7,8,51.01201581027669,2.588060138642594,0.5434078440259305,-0.19133670822451096,0.201987266796875,31.791080827695332
19,7,9,51.01201581027669,2.588060138642594,0.5537675967546756,-0.13126391385929917,0.18203426464843753,32.42275362148439
19,7,10,51.01201581027669,2.588060138642594,0.5004668265336284,-0.08827058735700374,0.18333193828125002,32.23193864949221
19,7,11,51.01201581027669,2.588060138642594,0.6095651986496411,-0.18901877096179265,0.1901727111328125,32.379721283750015
19,7,12,51.01201581027669,2.588060138642594,0.5387965340540752,-0.14971563487862008,0.19757576503906252,33.64824063207033
19,7,13,51.01201581027669,2.588060138642594,0.5836508564196352,-0.1847536309427742,0.19918032421875,33.84376873320315
19,8,0,51.01201581027669,2.588060138642594,0.5057592060561831,-0.1818896624087344,0.19530233125000002,31.642310172031273
19,8,1,51.01201581027669,2.588060138642594,0.5311170055222847,-0.18944152425471875,0.181615471484375,32.27808191949221
19,8,2,51.01201581027669,2.588060138642594,0.45445915920119473,-0.1284478780222708,0.19623989218750001,30.435555513242203
19,8,3,51.01201581027669,2.588060138642594,0.7397732398087572,-0.3814958264880957,0.21775696269531253,30.61610974941408
19,8,4,51.01201581027669,2.588060138642594,0.7396837110202142,-0.3542150473068333,0.21489317890625,31.205003886640647
19,8,5,51.01201581027669,2.588060138642594,0.5129051997433332,-0.1594238774573638,0.19544115175781251,30.924112071171898
19,8,6,51.01201581027669,2.588060138642594,0.5680333152096892,-0.15258783809699172,0.192250561328125,31.003754607500014
19,8,7,51.01201581027669,2.588060138642594,0.5856456773739903,-0.1657750327021015,0.18190335742187502,32.22307316011721
19,8,8,51.01201581027669,2.588060138642594,0.5428642360099356,-0.18912505930818702,0.18756570722656252,31.427842768671894
19,8,9,51.01201581027669,2.588060138642594,0.5507986930844262,-0.2318873873402353,0.19560805078125,29.570102167929708
19,8,10,51.01201581027669,2.588060138642594,0.5667938561549649,-0.17510793158757174,0.1854990880859375,31.97161503640627
19,8,11,51.01201581027669,2.588060138642594,0.5349500846092403,-0.12632358224760787,0.19128215,32.58753289425783
19,8,12,51.01201581027669,2.588060138642594,0.46378601375033895,-0.11262257174019666,0.1988779515625,33.027389343007826
19,8,13,51.01201581027669,2.588060138642594,0.7248862350752586,-0.3575835586075836,0.19520645019531252,33.203757839843774
19,9,0,51.01201581027669,2.588060138642594,0.5577383937962561,-0.24300395429818686,0.18986006679687503,31.70464230628908
19,9,1,51.01201581027669,2.588060138642594,0.5256785874194402,-0.1869195762353546,0.21036084414062503,32.001001997421895
19,9,2,51.01201581027669,2.588060138642594,0.32709574060892543,-0.05468422324686588,0.203170037890625,31.036993516835956
19,9,3,51.01201581027669,2.588060138642594,0.43348476889060794,-0.11031915295577617,0.2078402177734375,30.947063541406273
19,9,4,51.01201581027669,2.588060138642594,0.5169122545158943,-0.17085814232968027,0.19512145761718752,30.60777164984377
19,9,5,51.01201581027669,2.588060138642594,0.563982527159913,-0.19573348676557975,0.166234996484375,31.975373523242208
19,9,6,51.01201581027669,2.588060138642594,0.5575960532015187,-0.1790878756944852,0.1923048279296875,30.465463188242204
19,9,7,51.01201581027669,2.588060138642594,0.6642304898558589,-0.2964802573965786,0.18391209667968753,30.502927891835952
19,9,8,51.01201581027669,2.588060138642594,0.6700047752013152,-0.2703192395765117,0.1818325810546875,31.296349135976584
19,9,9,51.01201581027669,2.588060138642594,0.5013386008865635,-0.18857572589884747,0.193334950390625,30.29858103207033
19,9,10,51.01201581027669,2.588060138642594,0.48608088324020204,-0.16138948289315758,0.1930431267578125,31.504194125585954
19,9,11,51.01201581027669,2.588060138642594,0.5420644662068563,-0.2037393042231932,0.20091228144531253,31.254218033984394
19,9,12,51.01201581027669,2.588060138642594,0.6240012094189398,-0.19813579681889623,0.18902622910156253,33.92840417966103
19,9,13,51.01201581027669,2.588060138642594,0.7056895185861571,-0.3453423619988655,0.204668143359375,30.75942625988283
19,10,0,51.01201581027669,2.588060138642594,0.4860258350010345,-0.17946544872542095,0.1871893400390625,32.68928574746096
19,10,1,51.01201581027669,2.588060138642594,0.4577751665133446,-0.17139050443084988,0.1971907607421875,31.164855503281267
19,10,2,51.01201581027669,2.588060138642594,0.4941763441326929,-0.14687265498929325,0.20168506035156253,33.19255143668052
19,10,3,51.01201581027669,2.588060138642594,0.6157162838194254,-0.24344015317178785,0.19546310371093753,32.685193469609395
19,10,4,51.01201581027669,2.588060138642594,0.5007045840441857,-0.14611881218685763,0.20281292128906253,31.753569393359392
19,10,5,51.01201581027669,2.588060138642594,0.5979135360070633,-0.2298007636511249,0.18084627089843752,31.181338103632832
19,10,6,51.01201581027669,2.588060138642594,0.6998922758572385,-0.3181437472658537,0.1852464705078125,30.21995322042971
19,10,7,51.01201581027669,2.588060138642594,0.6287426539857283,-0.2757767038372573,0.1876418697265625,30.56483277359377
19,10,8,51.01201581027669,2.588060138642594,0.6493380041187311,-0.3137689649748914,0.18927875800781252,29.974750340351584
19,10,9,51.01201581027669,2.588060138642594,0.6917039066680031,-0.32217096938315026,0.20448682695312503,30.88406382511721
19,10,10,51.01201581027669,2.588060138642594,0.626238372153521,-0.28674370506119995,0.1986809521484375,31.291969797851582
19,10,11,51.01201581027669,2.588060138642594,0.5390809565300989,-0.21223015678883372,0.2046935130859375,30.416970029492205
19,10,12,51.01201581027669,2.588060138642594,0.6090722993774128,-0.21426096600133,0.19990974375,32.81238816200001
19,10,13,51.01201581027669,2.588060138642594,0.6760063180877979,-0.3751246889844647,0.2073615783203125,30.162240753828144
19,11,0,51.01201581027669,2.588060138642594,0.45582755168708144,-0.18613826725502713,0.1888614978515625,32.50927892855471
19,11,1,51.01201581027669,2.588060138642594,0.6583327953701001,-0.298303171331903,0.1825051205078125,32.58061674441408
19,11,2,51.01201581027669,2.588060138642594,0.40429147132696697,-0.09115894595893677,0.1837993873046875,33.26566272160158
19,11,3,51.01201581027669,2.588060138642594,0.4997278869685684,-0.14241964213475694,0.18221896484375003,33.58038759441408
19,11,4,51.01201581027669,2.588060138642594,0.5280097838382967,-0.1759481664884349,0.18498664882812502,31.246020126640644
19,11,5,51.01201581027669,2.588060138642594,0.5033670958313996,-0.21279698250342022,0.19732405644531253,30.86218716195314
19,11,6,51.01201581027669,2.588060138642594,0.5488620180239139,-0.1543201937188733,0.20480017617187501,31.264098248046892
19,11,7,51.01201581027669,2.588060138642594,0.5338613444333289,-0.1898485404685348,0.1949210470703125,29.874746552070327
19,11,8,51.01201581027669,2.588060138642594,0.6585981283867989,-0.25191673825894983,0.19698964609375003,31.82692330695314
19,11,9,51.01201581027669,2.588060138642594,0.6747548455313173,-0.26452056559415627,0.1836956046875,33.063278553007834
19,11,10,51.01201581027669,2.588060138642594,0.6506323219766456,-0.25762910467690736,0.19705889082031253,33.81030284597658
19,11,11,51.01201581027669,2.588060138642594,0.5704372221488134,-0.17932839761388875,0.196004104296875,31.67990171621096
19,11,12,51.01201581027669,2.588060138642594,0.6571789537693853,-0.276861117612361,0.1961142619140625,31.307951711679706
19,11,13,51.01201581027669,2.588060138642594,0.6531241577987167,-0.25577823795574944,0.19119298828125003,30.96770517781252
19,12,0,51.01201581027669,2.588060138642594,0.5650528543911888,-0.22391660868432994,0.17152533593750002,31.83012770070314
19,12,1,51.01201581027669,2.588060138642594,0.5747737147390106,-0.19638796344956838,0.15654432421875,33.6127119163672
19,12,2,51.01201581027669,2.588060138642594,0.5015445758480767,-0.14442871770329663,0.17182899492187503,31.91559155234377
19,12,3,51.01201581027669,2.588060138642594,0.5722690151272027,-0.2270636750575212,0.19648961796875003,32.56158398070315
19,12,4,51.01201581027669,2.588060138642594,0.6010826659120341,-0.23236389583311265,0.20437540039062502,33.218891924492205
19,12,5,51.01201581027669,2.588060138642594,0.5056634938082556,-0.20115751252079295,0.21049269257812503,32.22390763765627
19,12,6,51.01201581027669,2.588060138642594,0.6411097073385135,-0.361396425141466,0.20288505390625,30.198123288007828
19,12,7,51.01201581027669,2.588060138642594,0.6974725651942169,-0.3692467264636601,0.20568752988281253,31.246921362382828
19,12,8,51.01201581027669,2.588060138642594,0.5538186433544896,-0.23437587531314305,0.20301668535156253,31.982556705898453
19,12,9,51.01201581027669,2.588060138642594,0.6881932537434401,-0.3000487837307013,0.2041012458984375,32.67970594531252
19,12,10,51.01201581027669,2.588060138642594,0.669813294600864,-0.2969590298658314,0.19833486953125,32.494206587692325
19,12,11,51.01201581027669,2.588060138642594,0.5871516058016738,-0.23703884160751765,0.199656278515625,33.2668977483594
19,12,12,51.01201581027669,2.588060138642594,0.5879135148247943,-0.2348702757859964,0.18892072578125002,32.03135027656252
19,12,13,51.01201581027669,2.588060138642594,0.6679490427461867,-0.2535491430808507,0.18903595937500003,32.41077052402346
19,13,0,51.01201581027669,2.588060138642594,0.6186582564809936,-0.2667562805676664,0.15543290683593752,31.49418707093752
19,13,1,51.01201581027669,2.588060138642594,0.6310375266903975,-0.17947731496605107,0.1708323056640625,33.014985668867205
19,13,2,51.01201581027669,2.588060138642594,0.5812147411738868,-0.2249337980661278,0.156421936328125,33.71905105812502
19,13,3,51.01201581027669,2.588060138642594,0.5386421457809883,-0.16249624419839204,0.17379378437500004,33.75221653343752
19,13,4,51.01201581027669,2.588060138642594,0.38060159864185716,-0.07050655630204823,0.201055532421875,33.78573582722658
19,13,5,51.01201581027669,2.588060138642594,0.42527451875955874,-0.05997692060524497,0.18926764140625002,34.80707625265627
19,13,6,51.01201581027669,2.588060138642594,0.4803548885141895,-0.11847638123084092,0.18660534003906254,33.22646230472658
19,13,7,51.01201581027669,2.588060138642594,0.557253211433967,-0.19321668459398622,0.19560599941406254,33.59640956316407
19,13,8,51.01201581027669,2.588060138642594,0.5087940622745883,-0.16668419617445066,0.2138838908203125,34.00752660546877
19,13,9,51.01201581027669,2.588060138642594,0.5705696020156263,-0.2023858635765166,0.20610293750000003,32.609896892304704
19,13,10,51.01201581027669,2.588060138642594,0.6077430454626255,-0.23132144763504173,0.21436431796875002,32.38436063310759
19,13,11,51.01201581027669,2.588060138642594,0.6301741094055447,-0.2458568114679002,0.18943562636718753,33.25548877144533
19,13,12,51.01201581027669,2.588060138642594,0.5213706470827955,-0.16349235097465764,0.19055764257812502,32.59293363289065
19,13,13,51.01201581027669,2.588060138642594,0.5613163226017676,-0.18794654445177433,0.20431106074218752,30.95070186347658
20,0,0,51.01201581027669,3.8376237433500338,0.6450951521242856,-0.20339610910574096,0.1573364857421875,30.35628014703127
20,0,1,51.01201581027669,3.8376237433500338,0.623254491768316,-0.17837177764073775,0.1502492056862745,32.34403902417971
20,0,2,51.01201581027669,3.8376237433500338,0.6093327842563007,-0.15167778340055815,0.1528871091796875,32.46527859687502
20,0,3,51.01201581027669,3.8376237433500338,0.644712128469181,-0.16950610046838366,0.15647061191406253,32.31975906570314
20,0,4,51.01201581027669,3.8376237433500338,0.6828612767879096,-0.22629035580994838,0.16588166054687503,30.73036641406252
20,0,5,51.01201581027669,3.8376237433500338,0.5546989906787763,-0.10760087652170136,0.16851961972656254,30.27468159535158
20,0,6,51.01201581027669,3.8376237433500338,0.6655012014061185,-0.19043484867932764,0.17720890664062502,30.016781305039085
20,0,7,51.01201581027669,3.8376237433500338,0.6005774612391679,-0.11232658538789855,0.16877320351562503,30.052516971171897
20,0,8,51.01201581027669,3.8376237433500338,0.633010057329652,-0.1744912978979457,0.17403288203125,31.52619095351565
20,0,9,51.01201581027669,3.8376237433500338,0.5362257647063531,-0.08394962107671945,0.1602278359375,33.219385935195334
20,0,10,51.01201581027669,3.8376237433500338,0.5994527151396432,-0.12964121981582633,0.1632764828125,32.27302164769533
20,0,11,51.01201581027669,3.8376237433500338,0.6110555633878216,-0.16620870115477096,0.14477360527343752,31.220884328000015
20,0,12,51.01201581027669,3.8376237433500338,0.6133131972898302,-0.20630314879965744,0.14889978846153848,31.41472929387354
20,0,13,51.01201581027669,3.8376237433500338,0.5908530195707556,-0.10643269785150603,0.163593341015625,32.85264974632814
20,1,0,51.01201581027669,3.8376237433500338,0.7350051967754584,-0.2749014764338139,0.15871263769531252,28.56620566097658
20,1,1,51.01201581027669,3.8376237433500338,0.6504730230200518,-0.192558648651245,0.15012328046875,31.77568638605471
20,1,2,51.01201581027669,3.8376237433500338,0.6286383083446953,-0.1793036448223936,0.147978307421875,33.22245681253908
20,1,3,51.01201581027669,3.8376237433500338,0.5218996531948981,-0.0870206959313394,0.14762496289062502,34.852344990195334
20,1,4,51.01201581027669,3.8376237433500338,0.5219796312873086,-0.0851564981091319,0.15992213417968754,32.05119081453127
20,1,5,51.01201581027669,3.8376237433500338,0.6188650164479221,-0.14706600266255387,0.1606536693359375,32.065190009726585
20,1,6,51.01201581027669,3.8376237433500338,0.6219897382600582,-0.171878530105412,0.18091284902343752,30.70270181468752
20,1,7,51.01201581027669,3.8376237433500338,0.645406542659861,-0.18846711922589698,0.1753673556640625,30.01624056359377
20,1,8,51.01201581027669,3.8376237433500338,0.70178650572185,-0.20573900390617178,0.1783859025390625,30.755807965273455
20,1,9,51.01201581027669,3.8376237433500338,0.6843631446319944,-0.21146942774785385,0.17241629726562502,30.936909618710956
20,1,10,51.01201581027669,3.8376237433500338,0.7515209638413809,-0.279607530964474,0.17311979648437503,28.872766005546893
20,1,11,51.01201581027669,3.8376237433500338,0.6582812410559481,-0.2576478937063613,0.15337934003906253,29.51678249664033
20,1,12,51.01201581027669,3.8376237433500338,0.5759145206539014,-0.11669121721141992,0.1582730546875,32.29828962757814
20,1,13,51.01201581027669,3.8376237433500338,0.630150820877619,-0.14816490600715687,0.1669699654296875,31.966427924023456
20,2,0,51.01201581027669,3.8376237433500338,0.7937980241756812,-0.3218645545302674,0.17296218320312504,28.48873276625002
20,2,1,51.01201581027669,3.8376237433500338,0.6052335879430011,-0.1534812380750288,0.146566588671875,33.01919811148439
20,2,2,51.01201581027669,3.8376237433500338,0.5037208871699626,-0.08302249318836995,0.14524602187500002,35.06182555578127
20,2,3,51.01201581027669,3.8376237433500338,0.6174472959765931,-0.15549373561120494,0.1507426095703125,32.86341116867189
20,2,4,51.01201581027669,3.8376237433500338,0.6485341221678562,-0.1822983534556344,0.15165511718750002,30.930494155390644
20,2,5,51.01201581027669,3.8376237433500338,0.5938505412081178,-0.14416615190389753,0.15768092226562502,32.50536689785158
20,2,6,51.01201581027669,3.8376237433500338,0.6227567110858825,-0.1585652132884928,0.1586075478515625,31.506463904492207
20,2,7,51.01201581027669,3.8376237433500338,0.70726670993839,-0.2271795205146977,0.1784839791015625,30.016200508671893
20,2,8,51.01201581027669,3.8376237433500338,0.5150900194574006,-0.0736160084115916,0.15115962675781247,32.74131041515626
20,2,9,51.01201581027669,3.8376237433500338,0.46603200344016626,-0.03918580789290231,0.142676098828125,34.127838239140644
20,2,10,51.01201581027669,3.8376237433500338,0.6262553341024162,-0.19392172163195637,0.15593185683593752,32.776124818085954
20,2,11,51.01201581027669,3.8376237433500338,0.5101718276818937,-0.11800625635137238,0.1576257421875,35.07631208585939
20,2,12,51.01201581027669,3.8376237433500338,0.5910220895655456,-0.13492646517421986,0.17334307460937504,33.052697377812514
20,2,13,51.01201581027669,3.8376237433500338,0.6399781001162879,-0.16054107905051337,0.17467481367187498,31.73306127335939
20,3,0,51.01201581027669,3.8376237433500338,0.7486594584575608,-0.2840511583515743,0.15964656523437504,29.065523641250017
20,3,1,51.01201581027669,3.8376237433500338,0.5156227986525916,-0.08451590851001041,0.14120922324218751,34.46024068414064
20,3,2,51.01201581027669,3.8376237433500338,0.4958181753302553,-0.06867635722181366,0.14456770175781253,35.28459100378908
20,3,3,51.01201581027669,3.8376237433500338,0.6725403644428345,-0.20178583470936595,0.1689525841796875,30.82713910531252
20,3,4,51.01201581027669,3.8376237433500338,0.6749711493414822,-0.19029574339488953,0.1672710375,29.65118668144533
20,3,5,51.01201581027669,3.8376237433500338,0.5938248813664662,-0.10365785894546407,0.16690764453125,30.773939493242207
20,3,6,51.01201581027669,3.8376237433500338,0.6788139747040011,-0.17782344047530518,0.1755114939453125,30.441503669140644
20,3,7,51.01201581027669,3.8376237433500338,0.5701490737258168,-0.10659106690961143,0.1552219705078125,31.36302722925783
20,3,8,51.01201581027669,3.8376237433500338,0.5433334109995538,-0.10077107677870381,0.15325720312500002,33.21854478183596
20,3,9,51.01201581027669,3.8376237433500338,0.633770601589422,-0.1921369520513022,0.16362318496093753,31.105267131171896
20,3,10,51.01201581027669,3.8376237433500338,0.6062601097036944,-0.1541545011597577,0.16101550292968753,32.04479537867189
20,3,11,51.01201581027669,3.8376237433500338,0.5657923195860501,-0.14243404796215245,0.17203332109375002,32.60877535449221
20,3,12,51.01201581027669,3.8376237433500338,0.6225016250166426,-0.17545768966212072,0.18713926328125002,31.465487719414078
20,3,13,51.01201581027669,3.8376237433500338,0.6572987922839575,-0.17365123759464401,0.16813126113281252,31.496697179375015
20,4,0,51.01201581027669,3.8376237433500338,0.7448288182824461,-0.2823029569613451,0.1673739015625,28.594364271054705
20,4,1,51.01201581027669,3.8376237433500338,0.7136038813992532,-0.2475334554936484,0.15732133886718752,29.996613651875016
20,4,2,51.01201581027669,3.8376237433500338,0.5833016515427211,-0.13826773032773648,0.1565552634765625,33.02029962183596
20,4,3,51.01201581027669,3.8376237433500338,0.6496961939622716,-0.19957729137304503,0.1592271607421875,30.288006532695334
20,4,4,51.01201581027669,3.8376237433500338,0.6015397213306599,-0.108376226906562,0.1618489875,30.776276030351582
20,4,5,51.01201581027669,3.8376237433500338,0.6480191709275758,-0.17844085764212675,0.167261984375,30.609580797148457
20,4,6,51.01201581027669,3.8376237433500338,0.6083257830135428,-0.22095913709624831,0.169840487109375,31.81115501937502
20,4,7,51.01201581027669,3.8376237433500338,0.6480713583473763,-0.1758208697591389,0.17036648359375,31.793083573789083
20,4,8,51.01201581027669,3.8376237433500338,0.6306198913513636,-0.14838453073165253,0.1637690552734375,30.729565315625017
20,4,9,51.01201581027669,3.8376237433500338,0.6597999302763277,-0.19958401779076618,0.16976223105468752,30.228418160585957
20,4,10,51.01201581027669,3.8376237433500338,0.7002056100572294,-0.23874753555000017,0.170656171875,30.80829994039064
20,4,11,51.01201581027669,3.8376237433500338,0.6194288939197473,-0.15675156684344616,0.16291467890625003,31.53553042613283
20,4,12,51.01201581027669,3.8376237433500338,0.6019283556409727,-0.11288200096082113,0.17042505742187503,31.661309556640646
20,4,13,51.01201581027669,3.8376237433500338,0.4751953165494729,-0.038761366451130805,0.16659790351562503,31.736799732734397
20,5,0,51.01201581027669,3.8376237433500338,0.6903437023465724,-0.22104218266358638,0.16082363437500002,30.325511291210955
20,5,1,51.01201581027669,3.8376237433500338,0.619642635205524,-0.13843560325161286,0.16396840625,31.527879936054706
20,5,2,51.01201581027669,3.8376237433500338,0.7493280785127154,-0.2968347575170698,0.15129537910156252,28.401132652109393
20,5,3,51.01201581027669,3.8376237433500338,0.5831619693990269,-0.2286482459349265,0.1485298081673307,29.086505744492207
20,5,4,51.01201581027669,3.8376237433500338,0.6309376455895849,-0.2739797103966241,0.14619175732217574,27.490423920898458
20,5,5,51.01201581027669,3.8376237433500338,0.5850794543656608,-0.13559931679407625,0.16346630625,31.113571851640643
20,5,6,51.01201581027669,3.8376237433500338,0.7397539517715457,-0.31346817469029586,0.16760865917968754,30.639161356953142
20,5,7,51.01201581027669,3.8376237433500338,0.7329522636280702,-0.29113294091589015,0.1714548779296875,30.264554375937518
20,5,8,51.01201581027669,3.8376237433500338,0.6863630620426969,-0.22820809666484854,0.15787476464843753,29.703518436875022
20,5,9,51.01201581027669,3.8376237433500338,0.6271303654186461,-0.16717489001384417,0.17628056230468753,30.670243976328145
20,5,10,51.01201581027669,3.8376237433500338,0.6795118758497309,-0.21125370766071108,0.16413428828125004,31.103271060898457
20,5,11,51.01201581027669,3.8376237433500338,0.6069642897182073,-0.13991945797626257,0.15804782285156252,32.14901160957034
20,5,12,51.01201581027669,3.8376237433500338,0.6537569804178136,-0.17415142053827545,0.15404874121093753,30.58229671953127
20,5,13,51.01201581027669,3.8376237433500338,0.6173044263784737,-0.16409324371088901,0.1586731482421875,31.257689460546892
20,6,0,51.01201581027669,3.8376237433500338,0.6362329316461606,-0.18514968791787323,0.15131902597656252,30.14175933710939
20,6,1,51.01201581027669,3.8376237433500338,0.7005811578943819,-0.25574559032289984,0.163934544921875,30.309188910546894
20,6,2,51.01201581027669,3.8376237433500338,0.5378541447663172,-0.09643113134914447,0.16989185683593752,32.03368681367189
20,6,3,51.01201581027669,3.8376237433500338,0.5542983943059032,-0.15451549924282462,0.16356278109243697,29.8974243136719
20,6,4,51.01201581027669,3.8376237433500338,0.5707534809653455,-0.1895197507675499,0.1599439784,31.01803418714845
20,6,5,51.01201581027669,3.8376237433500338,0.530836124345344,-0.060750301909856586,0.18464899140625002,31.529315237421894
20,6,6,51.01201581027669,3.8376237433500338,0.5525956339920396,-0.06901945431160939,0.18639183457031253,31.64626893347658
20,6,7,51.01201581027669,3.8376237433500338,0.6075740934797224,-0.1428844536074983,0.17738738398437504,30.577563562929708
20,6,8,51.01201581027669,3.8376237433500338,0.5870503565433863,-0.12322091524566621,0.16962931210937499,30.922383033710958
20,6,9,51.01201581027669,3.8376237433500338,0.6775485023489816,-0.1907047459331966,0.17991571953125002,31.378608593867206
20,6,10,51.01201581027669,3.8376237433500338,0.45485023032225347,-0.07861987574008932,0.1761652373046875,35.399902448046895
20,6,11,51.01201581027669,3.8376237433500338,0.49752426993955784,-0.06488880447870735,0.155209900390625,33.917770201367205
20,6,12,51.01201581027669,3.8376237433500338,0.5869021865319631,-0.1287854892219222,0.142214480078125,31.604825440976583
20,6,13,51.01201581027669,3.8376237433500338,0.5501547587970523,-0.1151615509272216,0.1474475083984375,33.76286446683595
20,7,0,51.01201581027669,3.8376237433500338,0.5946788913789905,-0.17810439715736243,0.14109737011718754,31.33639070621096
20,7,1,51.01201581027669,3.8376237433500338,0.7251942111937169,-0.28979809269316414,0.16770007109375,28.130094347421892
20,7,2,51.01201581027669,3.8376237433500338,0.536101075321197,-0.1042168576336063,0.16731264199218748,32.01734440554689
20,7,3,51.01201581027669,3.8376237433500338,0.6320864306687175,-0.1282975022379748,0.17806194609375003,31.521444445273456
20,7,4,51.01201581027669,3.8376237433500338,0.6670690498802927,-0.23243204767199183,0.1741447833984375,29.414068219765642
20,7,5,51.01201581027669,3.8376237433500338,0.6397343630511355,-0.1790558836267688,0.170800266015625,30.256877182578144
20,7,6,51.01201581027669,3.8376237433500338,0.5337475455489011,-0.09045781612227308,0.15423339628906252,33.06243739964846
20,7,7,51.01201581027669,3.8376237433500338,0.5437281241485041,-0.10910702942391198,0.1538991576171875,32.49853085785158
20,7,8,51.01201581027669,3.8376237433500338,0.5681155260317268,-0.12264701408067416,0.1609915177734375,30.904218126640643
20,7,9,51.01201581027669,3.8376237433500338,0.5658597505944905,-0.11510536839685795,0.1543408568359375,32.19073548652346
20,7,10,51.01201581027669,3.8376237433500338,0.35670981092178533,0.00031620020900344215,0.13024801132812502,35.44303492308595
20,7,11,51.01201581027669,3.8376237433500338,0.5523988481549733,-0.11121126804726464,0.1574554236328125,32.448034953007834
20,7,12,51.01201581027669,3.8376237433500338,0.5563514668503049,-0.14348483889067531,0.14685860632411069,32.81301540113283
20,7,13,51.01201581027669,3.8376237433500338,0.4254270010862083,-0.06264353730198301,0.12349121181102361,34.713074026835955
20,8,0,51.01201581027669,3.8376237433500338,0.6124538184945575,-0.19540558991643148,0.1299035158203125,31.215952231953146
20,8,1,51.01201581027669,3.8376237433500338,0.5751417846876445,-0.17716798950466686,0.1225205380859375,31.61344392500002
20,8,2,51.01201581027669,3.8376237433500338,0.6233095795743661,-0.16156941064429017,0.151713091796875,30.233111262265645
20,8,3,51.01201581027669,3.8376237433500338,0.6415850013424402,-0.15381429946441794,0.1605520779296875,30.71632048812502
20,8,4,51.01201581027669,3.8376237433500338,0.7822212065638396,-0.3294800663476588,0.14469655546875,26.33399159562502
20,8,5,51.01201581027669,3.8376237433500338,0.6806607220076022,-0.2173363138036636,0.166188723828125,29.717177165234393
20,8,6,51.01201581027669,3.8376237433500338,0.6109829750187694,-0.15172702616151146,0.1691691353515625,30.25606940832033
20,8,7,51.01201581027669,3.8376237433500338,0.5998406147786114,-0.1764069734681201,0.16868966601562502,30.125583824492203
20,8,8,51.01201581027669,3.8376237433500338,0.657534875990607,-0.23015019975089443,0.16726559921875,29.90996150421877
20,8,9,51.01201581027669,3.8376237433500338,0.6138770869948904,-0.19720803688987906,0.1638776029296875,29.42278016527346
20,8,10,51.01201581027669,3.8376237433500338,0.7131365300650887,-0.2697407755172486,0.14302737382812503,27.782998421914083
20,8,11,51.01201581027669,3.8376237433500338,0.7370947369551136,-0.2888821490655563,0.13762666308593752,27.453353090703146
20,8,12,51.01201581027669,3.8376237433500338,0.48973565316375006,-0.11286248803000766,0.13154327263779528,34.20663294628908
20,8,13,51.01201581027669,3.8376237433500338,0.36412446408993715,0.014785637977790984,0.11103698710937501,38.65795644171877
20,9,0,51.01201581027669,3.8376237433500338,0.5229802446692823,-0.09815892600094797,0.14444705175781253,32.848690984882836
20,9,1,51.01201581027669,3.8376237433500338,0.5144229399292328,-0.11127584436982485,0.13833175488281252,33.894438209375025
20,9,2,51.01201581027669,3.8376237433500338,0.49475632676401327,-0.1069638742348035,0.12805458867187502,33.867908499453144
20,9,3,51.01201581027669,3.8376237433500338,0.5984064997714784,-0.12799647359622454,0.15400281484375,29.98789503054689
20,9,4,51.01201581027669,3.8376237433500338,0.7976013813632385,-0.3546957284794955,0.155659287890625,25.325849266953142
20,9,5,51.01201581027669,3.8376237433500338,0.7148861537002378,-0.2540152303500339,0.1512468908203125,28.070559381875018
20,9,6,51.01201581027669,3.8376237433500338,0.6274230627231219,-0.15519546138209797,0.17469293515625,29.974202923085954
20,9,7,51.01201581027669,3.8376237433500338,0.6848927457175247,-0.2235172290869744,0.17433543125,28.62337738613283
20,9,8,51.01201581027669,3.8376237433500338,0.6451330648457898,-0.17472405870271226,0.17972802812500002,28.625974280234395
20,9,9,51.01201581027669,3.8376237433500338,0.6704488605138972,-0.22618981630385665,0.14174655527343752,27.956229283203143
20,9,10,51.01201581027669,3.8376237433500338,0.5886043411710058,-0.16960790321630484,0.13562557187500002,30.681753090546895
20,9,11,51.01201581027669,3.8376237433500338,0.5646075780355613,-0.15520463769757192,0.14518915683593753,33.25177033953128
20,9,12,51.01201581027669,3.8376237433500338,0.5396118466806965,-0.12169729292849625,0.13743285214843753,35.75246587039064
20,9,13,51.01201581027669,3.8376237433500338,0.42337686632677013,-0.03405050583915196,0.12603032226562502,35.827842557539086
20,10,0,51.01201581027669,3.8376237433500338,0.5714709484300289,-0.15008733227761067,0.164154977734375,32.70426628824221
20,10,1,51.01201581027669,3.8376237433500338,0.5578455043425006,-0.1372275860466378,0.1546999279296875,31.486937130078147
20,10,2,51.01201581027669,3.8376237433500338,0.6098636995137625,-0.1690584262842075,0.14796598945312503,31.123378631679707
20,10,3,51.01201581027669,3.8376237433500338,0.6433251801415864,-0.1896926280612691,0.1575896759765625,30.492480233046898
20,10,4,51.01201581027669,3.8376237433500338,0.6637315588405895,-0.2549644932402421,0.13931406953125003,28.210030619843767
20,10,5,51.01201581027669,3.8376237433500338,0.7231372447411635,-0.25739527681458374,0.14939834589843753,27.64211191003908
20,10,6,51.01201581027669,3.8376237433500338,0.6473571158434593,-0.16887589141205517,0.17063741484375,28.554002261445326
20,10,7,51.01201581027669,3.8376237433500338,0.7304460968709254,-0.2455024839005965,0.1702143767578125,27.98620371640627
20,10,8,51.01201581027669,3.8376237433500338,0.6339123817273069,-0.20214350116508073,0.14201250390625,29.088308215976582
20,10,9,51.01201581027669,3.8376237433500338,0.5693766913934021,-0.14172676208921475,0.1560517833984375,30.113213529453144
20,10,10,51.01201581027669,3.8376237433500338,0.5019526226871857,-0.07989184430302812,0.15889765878906253,31.022587096601583
20,10,11,51.01201581027669,3.8376237433500338,0.5990628387671375,-0.18581487895631987,0.15922068085937502,31.807196257929704
20,10,12,51.01201581027669,3.8376237433500338,0.6071774559110131,-0.15145670504912412,0.15763815722656252,33.44866698382815
20,10,13,51.01201581027669,3.8376237433500338,0.4532132842943015,-0.06426075969808523,0.14427696738281254,34.67960813960939
20,11,0,51.01201581027669,3.8376237433500338,0.45948512637910727,-0.08701709941413921,0.1403778818359375,34.60158115179689
20,11,1,51.01201581027669,3.8376237433500338,0.5223411470635166,-0.09417201712187777,0.14676432695312502,32.5724522161719
20,11,2,51.01201581027669,3.8376237433500338,0.6886626878770246,-0.2711980172655648,0.14336095136718752,27.324296132421892
20,11,3,51.01201581027669,3.8376237433500338,0.6442331185293512,-0.2255301588022478,0.17194111152343755,29.03311253363283
20,11,4,51.01201581027669,3.8376237433500338,0.628773600627847,-0.17007003790837552,0.1634847248046875,28.100900985195334
20,11,5,51.01201581027669,3.8376237433500338,0.6077345171233974,-0.19241659992466642,0.1393282673828125,29.496314326015643
20,11,6,51.01201581027669,3.8376237433500338,0.4963608477584437,-0.11070887785497337,0.1440467638671875,31.753676206484393
20,11,7,51.01201581027669,3.8376237433500338,0.42468903640832,-0.08311435435569055,0.13267566503906253,33.886246977851584
20,11,8,51.01201581027669,3.8376237433500338,0.4085395898598596,-0.042067675567625765,0.167350247265625,33.60313211421877
20,11,9,51.01201581027669,3.8376237433500338,0.5981580889397546,-0.19999179907228654,0.16692549296875,30.34239444078127
20,11,10,51.01201581027669,3.8376237433500338,0.5667227183332144,-0.15376074190203012,0.1883368416015625,30.226074947656265
20,11,11,51.01201581027669,3.8376237433500338,0.603500061911244,-0.13085695883426085,0.18235263984375,30.887047916796895
20,11,12,51.01201581027669,3.8376237433500338,0.6776418065637263,-0.19561248199778017,0.172192855859375,30.586816249882833
20,11,13,51.01201581027669,3.8376237433500338,0.564316462610851,-0.08968246110580634,0.16782115625000002,33.231489197421894
20,12,0,51.01201581027669,3.8376237433500338,0.6814902209795926,-0.2652989854367551,0.1663307515625,29.754968984023456
20,12,1,51.01201581027669,3.8376237433500338,0.5835813686456723,-0.1446352899995268,0.162164089453125,31.942868954140646
20,12,2,51.01201581027669,3.8376237433500338,0.6054516710522926,-0.1458599069304665,0.159823930859375,30.387195870898456
20,12,3,51.01201581027669,3.8376237433500338,0.6818435267280101,-0.2187961421725489,0.16762500820312504,29.27805505671877
20,12,4,51.01201581027669,3.8376237433500338,0.7379715434085399,-0.29138985583392724,0.165215033984375,27.384004669296893
20,12,5,51.01201581027669,3.8376237433500338,0.745444647993083,-0.2669055209772778,0.1677889591796875,27.16433012609377
20,12,6,51.01201581027669,3.8376237433500338,0.5898241405964806,-0.15360601107383282,0.16678302207031248,30.959066666328145
20,12,7,51.01201581027669,3.8376237433500338,0.27954066754324164,0.025722815557619964,0.168977349609375,35.4855665742969
20,12,8,51.01201581027669,3.8376237433500338,0.38960701555642946,-0.038291965656977824,0.14554122890625001,34.45403884707033
20,12,9,51.01201581027669,3.8376237433500338,0.6259108509821165,-0.20629027299979485,0.163103558984375,29.777099328359395
20,12,10,51.01201581027669,3.8376237433500338,0.6903002942740974,-0.2450967215781311,0.172767675,28.84546857628908
20,12,11,51.01201581027669,3.8376237433500338,0.5712008900998166,-0.09894994710347219,0.17177807890625002,31.86057611714846
20,12,12,51.01201581027669,3.8376237433500338,0.6423630120609265,-0.20347493023157814,0.17701939140625,31.079391651640645
20,12,13,51.01201581027669,3.8376237433500338,0.5883781031443167,-0.14700732494788105,0.175838649609375,31.65077511218752
20,13,0,51.01201581027669,3.8376237433500338,0.5960372334601102,-0.14163276029405802,0.174064015234375,32.80604584472658
20,13,1,51.01201581027669,3.8376237433500338,0.5485676678847135,-0.1030271362669207,0.16317784882812503,31.48857938187502
20,13,2,51.01201581027669,3.8376237433500338,0.6606981123492592,-0.2221700789996867,0.1765716625,28.560057230468768
20,13,3,51.01201581027669,3.8376237433500338,0.5930615353341628,-0.1921036723738497,0.18442414960937498,30.842927420351582
20,13,4,51.01201581027669,3.8376237433500338,0.6954506204036355,-0.23592445294684872,0.17978862382812502,30.07707063828127
20,13,5,51.01201581027669,3.8376237433500338,0.6251357766269188,-0.11911083176302534,0.1802281298828125,30.442918943046898
20,13,6,51.01201581027669,3.8376237433500338,0.6438587202535373,-0.1674577481607954,0.1846644796875,30.605114673359395
20,13,7,51.01201581027669,3.8376237433500338,0.5768947471417838,-0.08566177251231186,0.16609848046875,31.39639297917971
20,13,8,51.01201581027669,3.8376237433500338,0.3453959638317752,-0.004477386440243345,0.1438364125,35.83042610000002
20,13,9,51.01201581027669,3.8376237433500338,0.6110153564442897,-0.208589001777674,0.18851216328125003,29.907264472812518
20,13,10,51.01201581027669,3.8376237433500338,0.5965392982181146,-0.16809169570160853,0.1743030078125,30.295336583398456
20,13,11,51.01201581027669,3.8376237433500338,0.5805726701198819,-0.16982261622568717,0.16823974257812502,31.77214152546877
20,13,12,51.01201581027669,3.8376237433500338,0.6027387039293906,-0.16614240885900358,0.171091927734375,32.292174576171895
20,13,13,51.01201581027669,3.8376237433500338,0.67271245361583,-0.2037099834164339,0.1828142990234375,31.011471855781274
21,0,0,51.072382321236084,3.453142634209283,0.5700414787242023,-0.12713153908659328,0.1555273177734375,29.149972768203142
21,0,1,51.072382321236084,3.453142634209283,0.5809090726721694,-0.12350935647569328,0.1551358755859375,29.94885483335939
21,0,2,51.072382321236084,3.453142634209283,0.5799379015344599,-0.12193801771078167,0.16018943828125,27.923063807890642
21,0,3,51.072382321236084,3.453142634209283,0.5925813509457444,-0.16601868290486765,0.159992040625,28.77863026332033
21,0,4,51.072382321236084,3.453142634209283,0.5963669729959318,-0.14952239782000815,0.14919789726562502,31.35279987253908
21,0,5,51.072382321236084,3.453142634209283,0.3743546516472811,-0.012174377374281316,0.15701269492187503,35.54387986472658
21,0,6,51.072382321236084,3.453142634209283,0.4171596426571934,-0.03215876831279016,0.14972604609375,34.29809168457033
21,0,7,51.072382321236084,3.453142634209283,0.6105436861817637,-0.1603377554429807,0.15949341738281253,30.409840253398457
21,0,8,51.072382321236084,3.453142634209283,0.6716321057806531,-0.20483805306204048,0.18067176347656252,28.606167121367207
21,0,9,51.072382321236084,3.453142634209283,0.5994418623107935,-0.13645944774316118,0.18353116953125,30.722355429687518
21,0,10,51.072382321236084,3.453142634209283,0.5758301509133938,-0.12475482072269943,0.1816742048828125,31.40267492609377
21,0,11,51.072382321236084,3.453142634209283,0.6323755591959083,-0.14449223551153398,0.183754536328125,31.424398045390646
21,0,12,51.072382321236084,3.453142634209283,0.6834963053231797,-0.23604741965078108,0.1527556095703125,30.566641920898455
21,0,13,51.072382321236084,3.453142634209283,0.6137320030129065,-0.12680420863883055,0.167342808984375,30.527481558945333
21,1,0,51.072382321236084,3.453142634209283,0.6744682967939796,-0.18289244813840233,0.1739795591796875,29.558779976679705
21,1,1,51.072382321236084,3.453142634209283,0.6855734452089205,-0.22591378179463445,0.17047092363281252,28.771914388085953
21,1,2,51.072382321236084,3.453142634209283,0.5684212497249159,-0.14445973206133184,0.1719424685546875,31.903114444179703
21,1,3,51.072382321236084,3.453142634209283,0.6108678349683456,-0.15285638884243186,0.1705397369140625,30.168082096601584
21,1,4,51.072382321236084,3.453142634209283,0.6549224738577251,-0.22409289683205524,0.1688663306640625,29.42690582222658
21,1,5,51.072382321236084,3.453142634209283,0.48055124609031596,-0.04342787619620864,0.14799777500000003,33.31680618101564
21,1,6,51.072382321236084,3.453142634209283,0.5282403734679231,-0.06951497832030695,0.15395303105468752,33.08191076750002
21,1,7,51.072382321236084,3.453142634209283,0.743481109776881,-0.279284058635467,0.1773658015625,28.84321882484377
21,1,8,51.072382321236084,3.453142634209283,0.7126497033954091,-0.22927662999468373,0.18287772832031252,28.587882049531267
21,1,9,51.072382321236084,3.453142634209283,0.7103242177320385,-0.24213333572778803,0.175819176953125,28.26830385535158
21,1,10,51.072382321236084,3.453142634209283,0.6106996292732025,-0.15832244009950225,0.17867313574218752,32.66696848015627
21,1,11,51.072382321236084,3.453142634209283,0.7109832237569214,-0.23784345588046746,0.18390121250000002,32.135853567734394
21,1,12,51.072382321236084,3.453142634209283,0.6710793866971099,-0.18561849790402468,0.1711461546875,31.69199162679689
21,1,13,51.072382321236084,3.453142634209283,0.5912930149954545,-0.17271107866345675,0.141196372265625,31.033874226653563
21,2,0,51.072382321236084,3.453142634209283,0.58600208333882,-0.12144510669711002,0.17203475000000001,31.41692780246096
21,2,1,51.072382321236084,3.453142634209283,0.6418948547031609,-0.21808615524170077,0.17756001464843751,30.007809002539084
21,2,2,51.072382321236084,3.453142634209283,0.6602635806808334,-0.2049548703450365,0.18059110996093752,30.037462996367207
21,2,3,51.072382321236084,3.453142634209283,0.6606936016867593,-0.19718805711985704,0.17714613730468753,29.37078887667971
21,2,4,51.072382321236084,3.453142634209283,0.7135521125245377,-0.2451169139924541,0.1727825626953125,28.78864399378908
21,2,5,51.072382321236084,3.453142634209283,0.4808484265226107,-0.05208331669118786,0.13762920390625,33.37797672253908
21,2,6,51.072382321236084,3.453142634209283,0.4172951779132643,-0.03607399592290772,0.13781162070312503,34.09867158019533
21,2,7,51.072382321236084,3.453142634209283,0.58317458160804,-0.13223370316129884,0.16497428164062503,31.844120220078146
21,2,8,51.072382321236084,3.453142634209283,0.6519986373341273,-0.19838490658434793,0.16756882675781248,29.138610522031268
21,2,9,51.072382321236084,3.453142634209283,0.7654707597419692,-0.2889536286629682,0.168818105859375,27.755761075039082
21,2,10,51.072382321236084,3.453142634209283,0.6939268008163377,-0.23400487636127204,0.1712369958984375,30.625422518750014
21,2,11,51.072382321236084,3.453142634209283,0.6212436553586764,-0.15584086663413707,0.16455730390625,33.131765793593765
21,2,12,51.072382321236084,3.453142634209283,0.6117970994015511,-0.15710218104495316,0.1573298171875,32.06468932320314
21,2,13,51.072382321236084,3.453142634209283,0.7117845753417671,-0.2283070240336926,0.17333218535156253,29.82937767722658
21,3,0,51.072382321236084,3.453142634209283,0.6988981655068367,-0.23386988668856057,0.185378631640625,28.652497314335953
21,3,1,51.072382321236084,3.453142634209283,0.63679960715863,-0.18995245514667286,0.16445427441406252,28.716798815585957
21,3,2,51.072382321236084,3.453142634209283,0.6945555925238569,-0.2239554682265526,0.1723130029296875,28.59529888589846
21,3,3,51.072382321236084,3.453142634209283,0.6368620503524594,-0.17460948275276927,0.170424725,30.815483123046896
21,3,4,51.072382321236084,3.453142634209283,0.5975253079621564,-0.13002350520771797,0.161630399609375,32.26525766867189
21,3,5,51.072382321236084,3.453142634209283,0.5032725886681424,-0.06865875381223356,0.1435872517578125,34.6023288436719
21,3,6,51.072382321236084,3.453142634209283,0.518322304016115,-0.0783128569934419,0.14093063066406253,33.930774699335956
21,3,7,51.072382321236084,3.453142634209283,0.5617672918342387,-0.11087620186076919,0.15130677890625002,32.98198708906252
21,3,8,51.072382321236084,3.453142634209283,0.5966825046823023,-0.14455316333262985,0.1694737029296875,30.51918351429689
21,3,9,51.072382321236084,3.453142634209283,0.6467095794909656,-0.1798296240451493,0.17635635332031252,30.645476682968773
21,3,10,51.072382321236084,3.453142634209283,0.6268103748916388,-0.18052380759843845,0.18166218046875002,32.679832785898455
21,3,11,51.072382321236084,3.453142634209283,0.646289633010058,-0.16760073697808514,0.17166779765625,32.7381794554297
21,3,12,51.072382321236084,3.453142634209283,0.666784484997115,-0.19903214249529524,0.14797438574218752,30.11522962718752
21,3,13,51.072382321236084,3.453142634209283,0.6834978927664053,-0.2304469676667697,0.1696618708984375,29.539306608828145
21,4,0,51.072382321236084,3.453142634209283,0.7501169844402786,-0.2888610507880536,0.16574973417968752,25.387313544570333
21,4,1,51.072382321236084,3.453142634209283,0.6767198382884901,-0.2195862090304468,0.1784249345703125,29.12525888140627
21,4,2,51.072382321236084,3.453142634209283,0.6554720278283725,-0.2139385254081742,0.1640748640625,29.661394010703148
21,4,3,51.072382321236084,3.453142634209283,0.6410921124294542,-0.20482033349912265,0.17083487832031252,30.336132521328143
21,4,4,51.072382321236084,3.453142634209283,0.589750889576074,-0.13973074352620307,0.15520609238281252,32.257440283085955
21,4,5,51.072382321236084,3.453142634209283,0.46446428540266477,-0.04084941031894866,0.1498064298828125,34.614084963242206
21,4,6,51.072382321236084,3.453142634209283,0.46774180618458083,-0.03912087293156004,0.1333029404296875,35.36198378867189
21,4,7,51.072382321236084,3.453142634209283,0.6006086081062395,-0.12954896570339325,0.160548634765625,32.02365973156252
21,4,8,51.072382321236084,3.453142634209283,0.6397072984601918,-0.15750245311853128,0.17869947460937502,30.999154967304708
21,4,9,51.072382321236084,3.453142634209283,0.6111889346375301,-0.14076052360906816,0.18106270957031254,31.535463667929704
21,4,10,51.072382321236084,3.453142634209283,0.7216332644072656,-0.22242615340653454,0.1769153263671875,29.706789588828144
21,4,11,51.072382321236084,3.453142634209283,0.6031683069824395,-0.15788352096723823,0.165119643359375,30.8068379357422
21,4,12,51.072382321236084,3.453142634209283,0.7838715286595842,-0.3347330911905514,0.15439226640625003,26.903358958437515
21,4,13,51.072382321236084,3.453142634209283,0.6794484756718497,-0.23938850454580554,0.16981978203125003,29.560989673203146
21,5,0,51.072382321236084,3.453142634209283,0.7232304230335787,-0.2587248784479035,0.17804725859375004,30.17042530953127
21,5,1,51.072382321236084,3.453142634209283,0.6921320613385155,-0.22980609452528156,0.1805720486328125,30.414833766992203
21,5,2,51.072382321236084,3.453142634209283,0.6247959392479431,-0.16314551409578493,0.176577225,31.593576683750022
21,5,3,51.072382321236084,3.453142634209283,0.5669691460931197,-0.12073071457836139,0.17835463632812504,31.031459261796897
21,5,4,51.072382321236084,3.453142634209283,0.5827294003080246,-0.11251050101180485,0.18161680898437504,31.673946884492203
21,5,5,51.072382321236084,3.453142634209283,0.5056171507834519,-0.07091764949321469,0.157284424609375,33.355465856445335
21,5,6,51.072382321236084,3.453142634209283,0.5313877806818721,-0.08749289181924119,0.1518065908203125,32.12391052519533
21,5,7,51.072382321236084,3.453142634209283,0.7832206857348916,-0.3097589720147754,0.17177967890625,27.192775796445332
21,5,8,51.072382321236084,3.453142634209283,0.7494933311036222,-0.2742157973645398,0.16040110546875,28.070826414687517
21,5,9,51.072382321236084,3.453142634209283,0.7406791256201819,-0.27136873308254683,0.1646410416015625,28.169902263945332
21,5,10,51.072382321236084,3.453142634209283,0.740630855385049,-0.31109807396994416,0.1559680421875,27.054245849140642
21,5,11,51.072382321236084,3.453142634209283,0.6965506336821914,-0.30955745310590355,0.13757222539062502,27.284862061835952
21,5,12,51.072382321236084,3.453142634209283,0.8612954089252758,-0.4010251988719101,0.17112932636718753,25.320061330742202
21,5,13,51.072382321236084,3.453142634209283,0.7958464441575746,-0.34609947187664925,0.1705819724609375,27.39718273859377
21,6,0,51.072382321236084,3.453142634209283,0.716981474414887,-0.278072330291352,0.1861215083984375,29.827121249960957
21,6,1,51.072382321236084,3.453142634209283,0.6935969356319893,-0.24936278766006262,0.1799079109375,29.50033316984377
21,6,2,51.072382321236084,3.453142634209283,0.5664823192870742,-0.09966968725167506,0.17888304628906251,32.75960883863283
21,6,3,51.072382321236084,3.453142634209283,0.6803713055521795,-0.22041524026524265,0.17978931484375,29.390475870781266
21,6,4,51.072382321236084,3.453142634209283,0.6208967336143003,-0.17378099304412498,0.1881981228515625,30.858535488242207
21,6,5,51.072382321236084,3.453142634209283,0.5575955750679251,-0.09898078161460062,0.1638525646484375,31.47909304121096
21,6,6,51.072382321236084,3.453142634209283,0.5088363017572888,-0.07976629408572626,0.14616640585937501,32.63710086007815
21,6,7,51.072382321236084,3.453142634209283,0.7560304092364057,-0.2924642193655467,0.14978837265625,27.535151916992206
21,6,8,51.072382321236084,3.453142634209283,0.7985319831817357,-0.34584864690917927,0.1511705294921875,26.20504145046877
21,6,9,51.072382321236084,3.453142634209283,0.7810741907002045,-0.3154552053196938,0.16007372109375,27.29806015859377
21,6,10,51.072382321236084,3.453142634209283,0.714584873503114,-0.37268544226658096,0.13617525136718753,26.222745725937518
21,6,11,51.072382321236084,3.453142634209283,0.7794693367327572,-0.4232437303392011,0.1359285814453125,24.48266645820314
21,6,12,51.072382321236084,3.453142634209283,0.874368740565024,-0.4372782389659007,0.16626926484375,24.85091805828127
21,6,13,51.072382321236084,3.453142634209283,0.7604235691236665,-0.3116799349027347,0.17355869746093752,28.58465095250002
21,7,0,51.072382321236084,3.453142634209283,0.8108126011553203,-0.37324972959498637,0.16569399511718752,25.977863285234392
21,7,1,51.072382321236084,3.453142634209283,0.7272047185513763,-0.28586129812621636,0.17330627949218752,28.77144040484377
21,7,2,51.072382321236084,3.453142634209283,0.7012963242360228,-0.25554291152147707,0.17760548164062503,29.866782298437517
21,7,3,51.072382321236084,3.453142634209283,0.7085457284329957,-0.24508191338657723,0.174558316015625,28.51458821832033
21,7,4,51.072382321236084,3.453142634209283,0.6514904946099438,-0.19083772955560785,0.1714006958984375,29.581190705468767
21,7,5,51.072382321236084,3.453142634209283,0.6433160266001643,-0.18488738843466374,0.180024091796875,30.158201882539082
21,7,6,51.072382321236084,3.453142634209283,0.6865879945155857,-0.23710244502325092,0.17161731699218752,30.47108422894533
21,7,7,51.072382321236084,3.453142634209283,0.7042031467344887,-0.23540591505101635,0.16079130078125,28.536918837265645
21,7,8,51.072382321236084,3.453142634209283,0.6873106153533168,-0.21606123609743377,0.1634622345703125,28.220264652382834
21,7,9,51.072382321236084,3.453142634209283,0.7431876622802306,-0.27911432369604383,0.15606740996093754,26.569474481328143
21,7,10,51.072382321236084,3.453142634209283,0.7468027906968575,-0.30587991009689564,0.16237289062500002,27.72284928089846
21,7,11,51.072382321236084,3.453142634209283,0.7565797401753054,-0.29153680808352866,0.1564587986328125,26.514933029375022
21,7,12,51.072382321236084,3.453142634209283,0.7733160104329212,-0.3106737952570441,0.179058015625,27.558056656484393
21,7,13,51.072382321236084,3.453142634209283,0.6747952466261962,-0.193781816264615,0.176551600390625,29.667161919453143
21,8,0,51.072382321236084,3.453142634209283,0.8087260676670716,-0.3564484220568198,0.165615984765625,26.523064178515643
21,8,1,51.072382321236084,3.453142634209283,0.7954532189564313,-0.3563867804679175,0.17313524218749998,28.194102112578147
21,8,2,51.072382321236084,3.453142634209283,0.7036147767982273,-0.2491558681777042,0.1755522337890625,29.59021641453127
21,8,3,51.072382321236084,3.453142634209283,0.5842621905198051,-0.13442142860458237,0.17691439140625004,30.230607829648456
21,8,4,51.072382321236084,3.453142634209283,0.601813705805922,-0.12047763766311181,0.180828753515625,29.920796360585953
21,8,5,51.072382321236084,3.453142634209283,0.6412671262605091,-0.18819554184120094,0.1819656587890625,30.77731745832033
21,8,6,51.072382321236084,3.453142634209283,0.6618303912310182,-0.2257021961939802,0.17831405429687502,29.50730272625002
21,8,7,51.072382321236084,3.453142634209283,0.6500872170729626,-0.1671800068411567,0.1797830466796875,30.812685954335958
21,8,8,51.072382321236084,3.453142634209283,0.7423179625685242,-0.28204952480314716,0.17505210312500002,27.258285621171893
21,8,9,51.072382321236084,3.453142634209283,0.8397679388719246,-0.38915975545224946,0.16875127050781252,25.08296289652346
21,8,10,51.072382321236084,3.453142634209283,0.7853042152942503,-0.3182408686098627,0.16763008125,25.519087561718766
21,8,11,51.072382321236084,3.453142634209283,0.8298866742667895,-0.3724947307834266,0.16359720117187504,25.158713429609392
21,8,12,51.072382321236084,3.453142634209283,0.7788959178777729,-0.32290050086545985,0.16062276464843753,27.31115811804689
21,8,13,51.072382321236084,3.453142634209283,0.7958680996014502,-0.3408669108672055,0.158553478515625,25.43363706171877
21,9,0,51.072382321236084,3.453142634209283,0.7666586787433036,-0.3232674030139531,0.17636432988281253,27.89977187082033
21,9,1,51.072382321236084,3.453142634209283,0.6884479439606617,-0.21688668816336548,0.17457476425781251,30.321292172773457
21,9,2,51.072382321236084,3.453142634209283,0.6266834046266605,-0.14735791971769957,0.182954737890625,31.688640365000023
21,9,3,51.072382321236084,3.453142634209283,0.6489978886224612,-0.18213345151308252,0.1853677572265625,31.820661387500017
21,9,4,51.072382321236084,3.453142634209283,0.6192412672291933,-0.16751922619281287,0.18235281054687502,30.089120493945334
21,9,5,51.072382321236084,3.453142634209283,0.6850284472328849,-0.2371108382201885,0.17950569863281252,29.706716154804706
21,9,6,51.072382321236084,3.453142634209283,0.6793344625551181,-0.22200285736578776,0.18914600058593753,29.870560812734393
21,9,7,51.072382321236084,3.453142634209283,0.6106451405756201,-0.19778220026882523,0.18199351406250003,31.42723526902346
21,9,8,51.072382321236084,3.453142634209283,0.6292287000603398,-0.17906888408984645,0.18182325976562502,30.595928744609395
21,9,9,51.072382321236084,3.453142634209283,0.6656097148930895,-0.23027909564447363,0.1653480615234375,28.341076972578144
21,9,10,51.072382321236084,3.453142634209283,0.7740222817462654,-0.3358314710760838,0.18116731523437501,26.62377560375002
21,9,11,51.072382321236084,3.453142634209283,0.6895426159469187,-0.23719001324345976,0.18581014667968748,28.45917890972658
21,9,12,51.072382321236084,3.453142634209283,0.6221384794815733,-0.17286105031407886,0.17956854023437502,29.81530504800783
21,9,13,51.072382321236084,3.453142634209283,0.755449389109247,-0.27048386774921507,0.16678101445312501,27.752262945195334
21,10,0,51.072382321236084,3.453142634209283,0.6516080115609109,-0.20078618838691442,0.18504656992187501,30.346072817773457
21,10,1,51.072382321236084,3.453142634209283,0.6069787821502793,-0.15678376514616568,0.18095304921875002,32.147095649140645
21,10,2,51.072382321236084,3.453142634209283,0.6008074597322424,-0.15053708101264018,0.1795586708984375,32.122922503789084
21,10,3,51.072382321236084,3.453142634209283,0.692305907836752,-0.226889879838636,0.1850254509765625,29.404194681523457
21,10,4,51.072382321236084,3.453142634209283,0.6068826174840236,-0.14846111511977933,0.1860358560546875,29.94512972562502
21,10,5,51.072382321236084,3.453142634209283,0.6689788830097121,-0.2231368373131308,0.19015391640625,28.755598683242205
21,10,6,51.072382321236084,3.453142634209283,0.6761962780385558,-0.22610879011125762,0.17873165781250003,28.669774337304702
21,10,7,51.072382321236084,3.453142634209283,0.6077720430490778,-0.16953703601259232,0.1737663501953125,30.862787985781267
21,10,8,51.072382321236084,3.453142634209283,0.5931144609648498,-0.11031158191735665,0.19069172050781252,29.779062019531267
21,10,9,51.072382321236084,3.453142634209283,0.6726360314139074,-0.1912313681489403,0.18400886074218753,28.262843034335955
21,10,10,51.072382321236084,3.453142634209283,0.6806184161924937,-0.21375802300820962,0.1853093337890625,28.95204137175783
21,10,11,51.072382321236084,3.453142634209283,0.6292574750395741,-0.16847796804251475,0.18331980136718753,29.35032748742189
21,10,12,51.072382321236084,3.453142634209283,0.6122676056824593,-0.14051939795539062,0.18554902812500002,30.12292017218752
21,10,13,51.072382321236084,3.453142634209283,0.6267317115803455,-0.12635320671696176,0.1814933896484375,31.205778281796896
21,11,0,51.072382321236084,3.453142634209283,0.6695222995639628,-0.22263004229736585,0.18571110566406251,28.968937872968766
21,11,1,51.072382321236084,3.453142634209283,0.6130662016791358,-0.15242337511606763,0.1755672345703125,30.886647367578142
21,11,2,51.072382321236084,3.453142634209283,0.5792957882602833,-0.12030728413895024,0.18438186582031252,31.562727718085952
21,11,3,51.072382321236084,3.453142634209283,0.6980453009230373,-0.21553855512399928,0.1884124490234375,29.451058940117207
21,11,4,51.072382321236084,3.453142634209283,0.6325045718819932,-0.15932448941422936,0.1913374677734375,29.556930774453143
21,11,5,51.072382321236084,3.453142634209283,0.6609027724339953,-0.22317418927449276,0.187964493359375,27.950654973242205
21,11,6,51.072382321236084,3.453142634209283,0.6386612434911763,-0.195299035553463,0.1826261900390625,28.460440639765643
21,11,7,51.072382321236084,3.453142634209283,0.5962351360781601,-0.11491739482690137,0.176902721875,29.871555509960956
21,11,8,51.072382321236084,3.453142634209283,0.5767947211544622,-0.1405997591677836,0.1699468978515625,29.770049662109393
21,11,9,51.072382321236084,3.453142634209283,0.6127541481943174,-0.15607835999741304,0.1849298880859375,29.417326020078146
21,11,10,51.072382321236084,3.453142634209283,0.7069972608794918,-0.2759242296612048,0.1858099884765625,28.778523450195337
21,11,11,51.072382321236084,3.453142634209283,0.5913948247203523,-0.1502833039568268,0.1895691908203125,29.98364253300783
21,11,12,51.072382321236084,3.453142634209283,0.6425114677763323,-0.2058014557780788,0.184337803515625,30.555373136210953
21,11,13,51.072382321236084,3.453142634209283,0.6912236145082933,-0.2275329838270864,0.18769515742187504,29.585877131328143
21,12,0,51.072382321236084,3.453142634209283,0.5012011812137853,-0.08865607132499609,0.1720071576171875,33.13201947476564
21,12,1,51.072382321236084,3.453142634209283,0.6464026829993508,-0.18022097737537027,0.1802163193359375,30.12569731343752
21,12,2,51.072382321236084,3.453142634209283,0.6020605458191668,-0.1567826592230483,0.1950847705078125,29.453455559609395
21,12,3,51.072382321236084,3.453142634209283,0.6130687816961667,-0.1662279534672143,0.199035334375,28.59549248468752
21,12,4,51.072382321236084,3.453142634209283,0.6211568429509589,-0.1766846742569286,0.19502354257812501,28.06150696953127
21,12,5,51.072382321236084,3.453142634209283,0.7059124897180866,-0.2261994579782523,0.18408142089843751,27.219305506367206
21,12,6,51.072382321236084,3.453142634209283,0.6233157148150726,-0.16407251855449492,0.18322216210937503,28.861390407734397
21,12,7,51.072382321236084,3.453142634209283,0.6383373364204746,-0.172787721898654,0.164220886328125,29.10373603671877
21,12,8,51.072382321236084,3.453142634209283,0.48416880716400534,-0.056578896912156715,0.14777499667968752,31.260793716992207
21,12,9,51.072382321236084,3.453142634209283,0.672480469133833,-0.22099001106411975,0.176093088671875,30.834195447382832
21,12,10,51.072382321236084,3.453142634209283,0.744572548725398,-0.2907319943098756,0.18353857343750002,29.384908236640644
21,12,11,51.072382321236084,3.453142634209283,0.5673828031509994,-0.1510423242678786,0.1763513943359375,30.68324179847658
21,12,12,51.072382321236084,3.453142634209283,0.6210647783528555,-0.19068469856196188,0.18086311875,29.672649443750018
21,12,13,51.072382321236084,3.453142634209283,0.7132404846618541,-0.25373733223482664,0.1867404013671875,29.158330895234393
21,13,0,51.072382321236084,3.453142634209283,0.4206896793327814,-0.05940677567108267,0.1613583654296875,33.92899893113283
21,13,1,51.072382321236084,3.453142634209283,0.657149372231438,-0.2087133581131089,0.193445978515625,30.081129537031266
21,13,2,51.072382321236084,3.453142634209283,0.5932190436823495,-0.17626608436865684,0.19176421914062503,29.982500967734396
21,13,3,51.072382321236084,3.453142634209283,0.559727587308127,-0.1017345756973765,0.18927124453125,29.567458543085955
21,13,4,51.072382321236084,3.453142634209283,0.5249669557477075,-0.08677724653935939,0.1950700380859375,29.119604461601575
21,13,5,51.072382321236084,3.453142634209283,0.6058962399676382,-0.16257625546510934,0.18308966992187503,29.10165985660158
21,13,6,51.072382321236084,3.453142634209283,0.8295204261769866,-0.3670279640197641,0.17081159746093752,24.02825004535158
21,13,7,51.072382321236084,3.453142634209283,0.7680724246191082,-0.307945887626742,0.178018121484375,26.65306242746096
21,13,8,51.072382321236084,3.453142634209283,0.6049812011057062,-0.1363844058443721,0.1708418068359375,31.05999839363283
21,13,9,51.072382321236084,3.453142634209283,0.5956812715553568,-0.13924872148318188,0.170868565234375,32.277274145234394
21,13,10,51.072382321236084,3.453142634209283,0.6149380782328879,-0.15280969452315005,0.174078933203125,30.610375219765643
21,13,11,51.072382321236084,3.453142634209283,0.6321615157462463,-0.1896744565514466,0.17535371972656252,29.199100129882837
21,13,12,51.072382321236084,3.453142634209283,0.6810108312193559,-0.2265828487742228,0.18595357910156252,29.71771790667971
21,13,13,51.072382321236084,3.453142634209283,0.6955436593191301,-0.2696164940907944,0.18938031953125,28.520349451250016
22,0,0,51.01201581027669,3.6453831887796584,0.41422242835750966,-0.0912767694078453,0.1658832919921875,33.5681107608594
22,0,1,51.01201581027669,3.6453831887796584,0.5876103768134113,-0.17830730128330613,0.16638790117187502,33.00044573222658
22,0,2,51.01201581027669,3.6453831887796584,0.6716200398776023,-0.22940344312844035,0.1652180400390625,32.909267378398454
22,0,3,51.01201581027669,3.6453831887796584,0.6697680874696519,-0.23347982739277195,0.1693831244140625,32.097287353789085
22,0,4,51.01201581027669,3.6453831887796584,0.6396781333292361,-0.20609663775899678,0.16747618515625,32.80346230226564
22,0,5,51.01201581027669,3.6453831887796584,0.5578510409124716,-0.09480401655500117,0.17592417675781252,31.803063925156266
22,0,6,51.01201581027669,3.6453831887796584,0.7253895689121037,-0.28650636755738657,0.16420736308593753,30.82716580859377
22,0,7,51.01201581027669,3.6453831887796584,0.7129801168295631,-0.24632227056342004,0.1555508412109375,29.73892698781252
22,0,8,51.01201581027669,3.6453831887796584,0.6757444993126256,-0.17403993711123394,0.1505986322265625,30.17611310843752
22,0,9,51.01201581027669,3.6453831887796584,0.6114549518139166,-0.1524659155021279,0.14403455781250002,32.16102808613283
22,0,10,51.01201581027669,3.6453831887796584,0.6972052467415133,-0.173160011994192,0.16831235781250004,31.26608096667971
22,0,11,51.01201581027669,3.6453831887796584,0.5640568567704227,-0.12881438924760455,0.16033231377952759,31.29575498796877
22,0,12,51.01201581027669,3.6453831887796584,0.6739067276529954,-0.24108991446541733,0.1408982931640625,30.154683725234392
22,0,13,51.01201581027669,3.6453831887796584,0.6261253193724702,-0.22136547844005183,0.1279634618,30.93321121425783
22,1,0,51.01201581027669,3.6453831887796584,0.6395114228413118,-0.1885849780305105,0.16468882050781253,31.113878939375017
22,1,1,51.01201581027669,3.6453831887796584,0.6876129813644728,-0.23229118943665716,0.17223328574218752,30.429013209335956
22,1,2,51.01201581027669,3.6453831887796584,0.5657219799164686,-0.13838137271585496,0.15972491425781252,32.15205578363283
22,1,3,51.01201581027669,3.6453831887796584,0.6053970119300083,-0.16507244739595164,0.149230193359375,32.15596781433596
22,1,4,51.01201581027669,3.6453831887796584,0.5989124682624469,-0.1642637116342816,0.15230845625,32.01938053074221
22,1,5,51.01201581027669,3.6453831887796584,0.6477135156997018,-0.20785838495880932,0.15378450820312503,30.651284646640644
22,1,6,51.01201581027669,3.6453831887796584,0.7133466710107912,-0.24519042454354747,0.1521326060546875,29.37982126156252
22,1,7,51.01201581027669,3.6453831887796584,0.669904691735447,-0.22769434479406708,0.1686864833984375,29.52067439433596
22,1,8,51.01201581027669,3.6453831887796584,0.49916708504943724,-0.09567487157458773,0.18239694765625003,35.77860170691409
22,1,9,51.01201581027669,3.6453831887796584,0.5317976783743488,-0.07979515790533837,0.17258754375000002,34.32143702820314
22,1,10,51.01201581027669,3.6453831887796584,0.7431373223263154,-0.23834330816812108,0.173195588671875,30.20617432730471
22,1,11,51.01201581027669,3.6453831887796584,0.6631039276795384,-0.16660849248259899,0.17085123476562503,31.74230060867189
22,1,12,51.01201581027669,3.6453831887796584,0.5948709427644009,-0.1959989285860585,0.12957951205533597,29.961692435820332
22,1,13,51.01201581027669,3.6453831887796584,0.5720797985455548,-0.17303739050402794,0.13270423740157483,32.01102907953127
22,2,0,51.01201581027669,3.6453831887796584,0.684370236450313,-0.21733522781480696,0.176335913671875,29.88814492343752
22,2,1,51.01201581027669,3.6453831887796584,0.6914787883060138,-0.25469636875837753,0.155151444140625,29.402231990351584
22,2,2,51.01201581027669,3.6453831887796584,0.7721916522292419,-0.30824062010049513,0.1718055376953125,28.14199065921877
22,2,3,51.01201581027669,3.6453831887796584,0.6780716297148853,-0.206406715429531,0.16691851132812502,30.82027636203127
22,2,4,51.01201581027669,3.6453831887796584,0.6877297682716011,-0.22273746068408495,0.1508792431640625,30.365839921718766
22,2,5,51.01201581027669,3.6453831887796584,0.6663909823482936,-0.23175739867208842,0.15676159316406252,30.666799253046896
22,2,6,51.01201581027669,3.6453831887796584,0.665076288672485,-0.1966120089556803,0.1499905666015625,29.640478665664084
22,2,7,51.01201581027669,3.6453831887796584,0.5568200776441655,-0.17349287267307884,0.16601211171875002,31.90157900550783
22,2,8,51.01201581027669,3.6453831887796584,0.46980542117253,-0.08224540860392554,0.180997708984375,34.54290736707033
22,2,9,51.01201581027669,3.6453831887796584,0.6207469764104294,-0.17421489939231422,0.15900978164062501,33.423652685117204
22,2,10,51.01201581027669,3.6453831887796584,0.6852522325943036,-0.21466460694615394,0.151336843359375,31.52408807011721
22,2,11,51.01201581027669,3.6453831887796584,0.668495878913642,-0.19290086960968042,0.1518476013671875,31.34545647019533
22,2,12,51.01201581027669,3.6453831887796584,0.5706379628540279,-0.13661600092388093,0.14171882578125,33.567356393164076
22,2,13,51.01201581027669,3.6453831887796584,0.4519233278764901,-0.09473776589720034,0.1407490896825397,33.39196256609377
22,3,0,51.01201581027669,3.6453831887796584,0.6627512002882514,-0.24478109539645143,0.17848158769531253,29.489484961835956
22,3,1,51.01201581027669,3.6453831887796584,0.7543287721911497,-0.3212815688118773,0.158706107421875,27.75489989421877
22,3,2,51.01201581027669,3.6453831887796584,0.6498749383488809,-0.13868033419640746,0.175764233203125,31.601901431679707
22,3,3,51.01201581027669,3.6453831887796584,0.7245577638917009,-0.22089006780135476,0.16971210195312503,30.01159419265627
22,3,4,51.01201581027669,3.6453831887796584,0.7803631884705267,-0.2971639747811844,0.1596125716796875,28.940892751835953
22,3,5,51.01201581027669,3.6453831887796584,0.6558935465417701,-0.17320467573556564,0.1576087064453125,30.84615851738283
22,3,6,51.01201581027669,3.6453831887796584,0.6414175911017945,-0.1180442130557872,0.16174727734375,31.87368075242189
22,3,7,51.01201581027669,3.6453831887796584,0.5413897345254808,-0.10633280940670702,0.18065994453125,33.62144388933596
22,3,8,51.01201581027669,3.6453831887796584,0.5699954975702233,-0.11272497108061794,0.1605814671875,34.46419276976564
22,3,9,51.01201581027669,3.6453831887796584,0.6858203772099474,-0.23647928246704486,0.14740135390625003,32.269189726835954
22,3,10,51.01201581027669,3.6453831887796584,0.6225829750969571,-0.16478858205208644,0.14286240332031253,34.57024485125002
22,3,11,51.01201581027669,3.6453831887796584,0.6627658210961431,-0.19869007109893966,0.14161203496093752,33.01395091671877
22,3,12,51.01201581027669,3.6453831887796584,0.4711519322932901,-0.07470432907219794,0.14763644316406252,36.335365120976576
22,3,13,51.01201581027669,3.6453831887796584,0.36320270064170856,0.05416784941730155,0.140136804296875,38.83224875843752
22,4,0,51.01201581027669,3.6453831887796584,0.7417715960897169,-0.3289256015101928,0.1804679216796875,27.549371414257834
22,4,1,51.01201581027669,3.6453831887796584,0.7811457343414183,-0.3222153526216158,0.17283646210937503,27.96933391847658
22,4,2,51.01201581027669,3.6453831887796584,0.7069811857652942,-0.24641153640800023,0.1665630412109375,29.694753084804706
22,4,3,51.01201581027669,3.6453831887796584,0.6994145329797674,-0.23466793537792446,0.1574443419921875,30.872721606406266
22,4,4,51.01201581027669,3.6453831887796584,0.762332511727727,-0.29086663079471947,0.15028625703125004,31.175002750156267
22,4,5,51.01201581027669,3.6453831887796584,0.7219743562827738,-0.2502475772550689,0.161940887109375,32.45500450941408
22,4,6,51.01201581027669,3.6453831887796584,0.6574862817062598,-0.18812164002924808,0.1502837373046875,32.72279836542971
22,4,7,51.01201581027669,3.6453831887796584,0.6672350865509691,-0.208984347248288,0.16241031250000001,34.42837031796877
22,4,8,51.01201581027669,3.6453831887796584,0.6343711774636196,-0.1549046142276384,0.16585704511718752,33.972852394765646
22,4,9,51.01201581027669,3.6453831887796584,0.6907074844413992,-0.20850756561111813,0.16306136640625002,32.859532517070335
22,4,10,51.01201581027669,3.6453831887796584,0.5275274835332089,-0.09534297058252203,0.14014472578125003,36.836378759609396
22,4,11,51.01201581027669,3.6453831887796584,0.604919827009306,-0.17192644395903464,0.13369949316406252,34.926600139531274
22,4,12,51.01201581027669,3.6453831887796584,0.4550897954704549,-0.08904825206587962,0.13760038359375,35.92712535722658
22,4,13,51.01201581027669,3.6453831887796584,0.3929233640145197,-0.031176041859842067,0.138755369921875,35.00533476429689
22,5,0,51.01201581027669,3.6453831887796584,0.6841876926918351,-0.2057911355339262,0.17562068203125,29.66894436347658
22,5,1,51.01201581027669,3.6453831887796584,0.7205244339513206,-0.23097191771387068,0.165200654296875,29.715414748671897
22,5,2,51.01201581027669,3.6453831887796584,0.7301774315382018,-0.24321555762925473,0.16777360898437504,29.238948101328145
22,5,3,51.01201581027669,3.6453831887796584,0.7944206009407122,-0.3124229667207263,0.160087394921875,28.674327246757834
22,5,4,51.01201581027669,3.6453831887796584,0.7617238016661061,-0.29854348651002227,0.1569842998046875,30.89421107199221
22,5,5,51.01201581027669,3.6453831887796584,0.5819670055850534,-0.1231316672406369,0.15179124980468753,35.88144271882815
22,5,6,51.01201581027669,3.6453831887796584,0.587868122583353,-0.11611681479839621,0.1568094873046875,35.216123790664085
22,5,7,51.01201581027669,3.6453831887796584,0.6381186391307945,-0.16070818717753976,0.1610961169921875,33.25167020222658
22,5,8,51.01201581027669,3.6453831887796584,0.6839210263235465,-0.2109513934319077,0.1529753546875,32.05329369792971
22,5,9,51.01201581027669,3.6453831887796584,0.6025992000567204,-0.14646946722619558,0.13914443105468752,34.40081253171877
22,5,10,51.01201581027669,3.6453831887796584,0.4853732614159837,-0.10388688820555937,0.12752384960937502,38.6485168317969
22,5,11,51.01201581027669,3.6453831887796584,0.568371065966774,-0.1492972644486158,0.1378929046875,35.69502043660158
22,5,12,51.01201581027669,3.6453831887796584,0.5599305193314897,-0.16051403062385827,0.14511390332031252,34.03338873335939
22,5,13,51.01201581027669,3.6453831887796584,0.6007490550324177,-0.15470967304617972,0.14791793398437503,32.39723863625002
22,6,0,51.01201581027669,3.6453831887796584,0.7683682459026318,-0.29934633042788444,0.1757293599609375,31.207841110273456
22,6,1,51.01201581027669,3.6453831887796584,0.7244049822881579,-0.24622854035076397,0.16115836601562503,31.98685593417971
22,6,2,51.01201581027669,3.6453831887796584,0.775399005201886,-0.2629268360165323,0.170108298828125,29.76508285179689
22,6,3,51.01201581027669,3.6453831887796584,0.7808712434628136,-0.2910876342820733,0.1682834150390625,29.18108209085939
22,6,4,51.01201581027669,3.6453831887796584,0.7376181798513302,-0.28327605868609995,0.1512093970703125,31.519942385703146
22,6,5,51.01201581027669,3.6453831887796584,0.6090586156557751,-0.13621417843542805,0.1474258029296875,36.279281554531266
22,6,6,51.01201581027669,3.6453831887796584,0.5165168408481039,-0.08781943515260843,0.15204064863281253,34.32789254644533
22,6,7,51.01201581027669,3.6453831887796584,0.6453511109380241,-0.20884767067318924,0.15161116953125003,30.933598411835955
22,6,8,51.01201581027669,3.6453831887796584,0.606644132275669,-0.12926113531398697,0.16021843398437502,34.104773279960966
22,6,9,51.01201581027669,3.6453831887796584,0.6638006304135622,-0.20295028152137495,0.15574184550781253,32.40703874046877
22,6,10,51.01201581027669,3.6453831887796584,0.5610730939790967,-0.11983861112504719,0.1443484390625,34.51675817890627
22,6,11,51.01201581027669,3.6453831887796584,0.714672553616374,-0.23896926130731,0.17081431406250003,32.46061887429689
22,6,12,51.01201581027669,3.6453831887796584,0.7406323066701752,-0.24128342755679189,0.16946646035156254,31.042247387421895
22,6,13,51.01201581027669,3.6453831887796584,0.6453715479940731,-0.17056854173552718,0.15564820644531252,31.88058355062502
22,7,0,51.01201581027669,3.6453831887796584,0.6768995404389346,-0.21212754342426116,0.15796183867187502,32.881789701992204
22,7,1,51.01201581027669,3.6453831887796584,0.7334723676161774,-0.2728892827312025,0.1518325259765625,32.29331614144533
22,7,2,51.01201581027669,3.6453831887796584,0.7759948243484076,-0.31036871288540385,0.14812162421875003,30.728336964687518
22,7,3,51.01201581027669,3.6453831887796584,0.8009818517019701,-0.3443076513502583,0.15787166406250003,29.477415078710955
22,7,4,51.01201581027669,3.6453831887796584,0.6395449691437645,-0.20033256648146558,0.15082921542968747,34.7329679713672
22,7,5,51.01201581027669,3.6453831887796584,0.5640867519006783,-0.12413691965454561,0.1442496669921875,35.69901925296877
22,7,6,51.01201581027669,3.6453831887796584,0.6905140823118272,-0.23643535129003837,0.163070934765625,30.23397911890627
22,7,7,51.01201581027669,3.6453831887796584,0.8146566736037846,-0.3700365933046441,0.16689177949218748,28.47348519265627
22,7,8,51.01201581027669,3.6453831887796584,0.6177419196540241,-0.1467789316745036,0.17166313984375,34.16698524945315
22,7,9,51.01201581027669,3.6453831887796584,0.7861641034553992,-0.3140749689654877,0.1514547681640625,30.696313054648456
22,7,10,51.01201581027669,3.6453831887796584,0.6477995594005722,-0.17851756635831229,0.15463939824218753,32.495974018671895
22,7,11,51.01201581027669,3.6453831887796584,0.6515255176306288,-0.17100315752224066,0.17276848535156253,32.996807410156265
22,7,12,51.01201581027669,3.6453831887796584,0.7420880214489747,-0.27340163237971626,0.1715837111328125,31.020931493164085
22,7,13,51.01201581027669,3.6453831887796584,0.6719440313630737,-0.19826942346249254,0.1724091669921875,31.96774973644533
22,8,0,51.01201581027669,3.6453831887796584,0.6864180261107582,-0.20824323097108716,0.154245344921875,31.28010686515627
22,8,1,51.01201581027669,3.6453831887796584,0.7710979130417633,-0.3175508568723259,0.15160864101562502,30.696232944804706
22,8,2,51.01201581027669,3.6453831887796584,0.7601022010678451,-0.30270548808092623,0.149604876171875,32.255464240273454
22,8,3,51.01201581027669,3.6453831887796584,0.6317998514915767,-0.18989800336922044,0.14843496152343752,35.93085714078127
22,8,4,51.01201581027669,3.6453831887796584,0.6221354928660048,-0.1990644338076012,0.15164343105468753,36.352528655000015
22,8,5,51.01201581027669,3.6453831887796584,0.6500935559142725,-0.174575604435579,0.1697668666015625,34.67111649617189
22,8,6,51.01201581027669,3.6453831887796584,0.6161807045222838,-0.17384867288662492,0.17633603828125002,31.876411162929706
22,8,7,51.01201581027669,3.6453831887796584,0.5834932802788888,-0.0973649328624552,0.1696132171875,32.738379730039085
22,8,8,51.01201581027669,3.6453831887796584,0.6451152132774759,-0.12793092418952562,0.16344765332031252,34.424705292617205
22,8,9,51.01201581027669,3.6453831887796584,0.8059542162092482,-0.3341422026334393,0.15940401328125,30.416549452812518
22,8,10,51.01201581027669,3.6453831887796584,0.6574475625606879,-0.1789656264496271,0.16016754941406253,33.56588771269533
22,8,11,51.01201581027669,3.6453831887796584,0.5994149111365863,-0.13649091984385284,0.16707687675781252,34.24487204503908
22,8,12,51.01201581027669,3.6453831887796584,0.5381689430977024,-0.07612417060731919,0.17124839199218753,34.95007232375002
22,8,13,51.01201581027669,3.6453831887796584,0.7194570204589424,-0.28353280187134383,0.17083723828125,32.31560002964846
22,9,0,51.01201581027669,3.6453831887796584,0.7085425276333546,-0.21657423442060475,0.15339053906250003,32.93656480765627
22,9,1,51.01201581027669,3.6453831887796584,0.6803323784428558,-0.21656849035312786,0.155798657421875,33.55811038203127
22,9,2,51.01201581027669,3.6453831887796584,0.582674536743284,-0.14084551795314104,0.159651275390625,34.42646103335939
22,9,3,51.01201581027669,3.6453831887796584,0.6399601067463223,-0.213517175555554,0.170777213671875,34.57046515332033
22,9,4,51.01201581027669,3.6453831887796584,0.6818432876079882,-0.23823780084928237,0.1637148587890625,34.816322263789075
22,9,5,51.01201581027669,3.6453831887796584,0.6482429468566245,-0.16196531347368603,0.16897658515625003,35.20076940394533
22,9,6,51.01201581027669,3.6453831887796584,0.577088466645805,-0.12020450624578519,0.1505971580078125,35.86177575218752
22,9,7,51.01201581027669,3.6453831887796584,0.5754785199610521,-0.11779447165053383,0.14715900214843752,35.20132349703127
22,9,8,51.01201581027669,3.6453831887796584,0.5539901456185792,-0.1073080954133318,0.15712370917968752,36.167922195898456
22,9,9,51.01201581027669,3.6453831887796584,0.6212506454877266,-0.17716007192399483,0.1603565912109375,33.92694945429689
22,9,10,51.01201581027669,3.6453831887796584,0.5913128914880796,-0.09135659581082663,0.17522041542968753,34.16032945660159
22,9,11,51.01201581027669,3.6453831887796584,0.6469082150141287,-0.166380048467998,0.16845871914062502,32.72630984691408
22,9,12,51.01201581027669,3.6453831887796584,0.6706267578058672,-0.18899505570815792,0.15974312792968753,32.79004390343752
22,9,13,51.01201581027669,3.6453831887796584,0.6054540604962532,-0.19308202403782498,0.16486480078125001,33.27438801875002
22,10,0,51.01201581027669,3.6453831887796584,0.6904138807369498,-0.24610990062914698,0.164039059765625,32.402552589218764
22,10,1,51.01201581027669,3.6453831887796584,0.6105823179120387,-0.15488696402776608,0.1667004603515625,35.10931066566408
22,10,2,51.01201581027669,3.6453831887796584,0.614163112345672,-0.13908350429521812,0.1689887138671875,33.88073275027346
22,10,3,51.01201581027669,3.6453831887796584,0.6895773249861592,-0.2206065987944793,0.1771962501953125,32.830692973320325
22,10,4,51.01201581027669,3.6453831887796584,0.6854807443556353,-0.20793059248885337,0.17334073125,32.95542400003908
22,10,5,51.01201581027669,3.6453831887796584,0.6785055321838795,-0.2130715459467574,0.15295122753906254,33.08059563089846
22,10,6,51.01201581027669,3.6453831887796584,0.5813524376690946,-0.11979520112560674,0.14894613437499998,36.63435508531252
22,10,7,51.01201581027669,3.6453831887796584,0.5831673754947161,-0.14385210657408412,0.1392269673828125,34.89427581757815
22,10,8,51.01201581027669,3.6453831887796584,0.5467188939236192,-0.09798138234945036,0.14782723652343752,36.712235205078144
22,10,9,51.01201581027669,3.6453831887796584,0.5512180917225848,-0.07865540636644718,0.1614345013671875,35.45521829515627
22,10,10,51.01201581027669,3.6453831887796584,0.656476104972801,-0.15197206060840357,0.16355638984375,31.749096593750018
22,10,11,51.01201581027669,3.6453831887796584,0.6922457617777964,-0.2035206419783233,0.16999162148437502,31.694555141796897
22,10,12,51.01201581027669,3.6453831887796584,0.6575207238023468,-0.19908434163418537,0.15545859960937503,33.45107695496095
22,10,13,51.01201581027669,3.6453831887796584,0.5553270700187329,-0.131344267168011,0.15303817343749998,34.19456306316408
22,11,0,51.01201581027669,3.6453831887796584,0.7373894780100889,-0.3021369727407842,0.17620868691406252,31.006705320078147
22,11,1,51.01201581027669,3.6453831887796584,0.6317874226704712,-0.18623254640877213,0.169489486328125,34.38085182898439
22,11,2,51.01201581027669,3.6453831887796584,0.6290595870306417,-0.19303452977861651,0.18068668867187504,33.65480296343752
22,11,3,51.01201581027669,3.6453831887796584,0.6136057505408239,-0.15979727091396267,0.17793560156250002,34.20252064097659
22,11,4,51.01201581027669,3.6453831887796584,0.611163926278786,-0.15646458860249327,0.16518834902343751,34.179702687148456
22,11,5,51.01201581027669,3.6453831887796584,0.502763050601307,-0.04873041552077373,0.14979025156249998,36.068966511406266
22,11,6,51.01201581027669,3.6453831887796584,0.5123701252228539,-0.06837504132120725,0.142105750390625,37.98121518500002
22,11,7,51.01201581027669,3.6453831887796584,0.5223911079361836,-0.08275508840675742,0.13896374570312503,36.84156587199221
22,11,8,51.01201581027669,3.6453831887796584,0.4897111473313408,-0.059637586603569596,0.146335295703125,37.91792840843752
22,11,9,51.01201581027669,3.6453831887796584,0.5640296105619628,-0.08743784316778451,0.15964265214843754,36.41628941480471
22,11,10,51.01201581027669,3.6453831887796584,0.610388709854358,-0.10189433219006515,0.16814233984375002,33.8361582980469
22,11,11,51.01201581027669,3.6453831887796584,0.6333641885395493,-0.15424802817413125,0.16824120703125,33.381301281054704
22,11,12,51.01201581027669,3.6453831887796584,0.5516215377488822,-0.0905719533595371,0.1656969134765625,34.842217770781275
22,11,13,51.01201581027669,3.6453831887796584,0.5709175956965101,-0.2218057287376581,0.12197428431372549,30.631984850117206
22,12,0,51.01201581027669,3.6453831887796584,0.6784257759339489,-0.2175560048481328,0.18239852343750002,32.95095120042971
22,12,1,51.01201581027669,3.6453831887796584,0.6405087119265173,-0.16907049011775468,0.17296934023437502,33.9274901957422
22,12,2,51.01201581027669,3.6453831887796584,0.6400744208339456,-0.21728762770548737,0.178105033203125,32.51692274281252
22,12,3,51.01201581027669,3.6453831887796584,0.6270561527729095,-0.16370719813111523,0.18390907812500004,33.848561972187525
22,12,4,51.01201581027669,3.6453831887796584,0.6669390632707214,-0.23761159494654194,0.1684339810546875,32.409929370664074
22,12,5,51.01201581027669,3.6453831887796584,0.5618665042233476,-0.11512598864576264,0.15350357734375003,35.65389070765627
22,12,6,51.01201581027669,3.6453831887796584,0.5099469168115663,-0.06121403426201062,0.14513437246093752,35.89150318003908
22,12,7,51.01201581027669,3.6453831887796584,0.5558491402257015,-0.09228570410326857,0.145045085546875,36.936636229062515
22,12,8,51.01201581027669,3.6453831887796584,0.6030156184475304,-0.13556403538157685,0.15194391171875,36.325511610195335
22,12,9,51.01201581027669,3.6453831887796584,0.5417523171104843,-0.07242223459091537,0.15830476718750003,35.92231876660158
22,12,10,51.01201581027669,3.6453831887796584,0.5445711763233753,-0.05551140837950661,0.1532157513671875,35.29956486875002
22,12,11,51.01201581027669,3.6453831887796584,0.6071189746162511,-0.1401299633511522,0.1607881904296875,34.18463611835939
22,12,12,51.01201581027669,3.6453831887796584,0.5600412844871068,-0.08055665376210012,0.1699235158203125,34.499895056796895
22,12,13,51.01201581027669,3.6453831887796584,0.6083840406884731,-0.1369947532983498,0.17121336875,33.55832400828127
22,13,0,51.01201581027669,3.6453831887796584,0.6828544119290224,-0.23722666068089973,0.18394772988281252,31.21227385496096
22,13,1,51.01201581027669,3.6453831887796584,0.6660015708040112,-0.2033811685279014,0.17756590566406252,32.46020497343751
22,13,2,51.01201581027669,3.6453831887796584,0.5563393346056154,-0.10791126187296587,0.18654268984375,35.501221372929706
22,13,3,51.01201581027669,3.6453831887796584,0.5981432787226584,-0.13750866825636643,0.17979924570312503,33.19960547960939
22,13,4,51.01201581027669,3.6453831887796584,0.6609064828041874,-0.20762733099447045,0.18073890585937502,32.15507993023439
22,13,5,51.01201581027669,3.6453831887796584,0.6107214115511466,-0.15727553896941301,0.1628577708984375,34.49958129324221
22,13,6,51.01201581027669,3.6453831887796584,0.5696754356696001,-0.05578043542713984,0.173831936328125,36.21230304933596
22,13,7,51.01201581027669,3.6453831887796584,0.575320112049079,-0.1277851138872567,0.15559906914062502,36.13236010109377
22,13,8,51.01201581027669,3.6453831887796584,0.6028161852059015,-0.16049786129441365,0.165373393359375,34.91041127527346
22,13,9,51.01201581027669,3.6453831887796584,0.553257290920242,-0.13568567748771443,0.1382376228515625,33.748685024492204
22,13,10,51.01201581027669,3.6453831887796584,0.5634177142877178,-0.11739948506065145,0.14775993945312502,34.5858262158594
22,13,11,51.01201581027669,3.6453831887796584,0.5844306171864513,-0.15990640842611006,0.15851651503906253,34.16811346308596
22,13,12,51.01201581027669,3.6453831887796584,0.6251993389069299,-0.17868423002344186,0.16089660859375,32.92806648839846
22,13,13,51.01201581027669,3.6453831887796584,0.5865913352995022,-0.12961122668247774,0.1725808181640625,33.25996157105471
23,0,0,51.01201581027669,5.087187348057474,0.7656763719268496,-0.267668858024597,0.1368695919921875,25.428790416171893
23,0,1,51.01201581027669,5.087187348057474,0.8044057973560893,-0.35450062938491406,0.13864208261718752,25.04627926390627
23,0,2,51.01201581027669,5.087187348057474,0.8653909164458209,-0.4393913338899105,0.13177907265625002,23.688691120976582
23,0,3,51.01201581027669,5.087187348057474,0.7984477166538693,-0.33227610953166753,0.13804157324218752,25.188988274726583
23,0,4,51.01201581027669,5.087187348057474,0.6611915385988013,-0.15681539518739565,0.1465005744140625,27.452418475859396
23,0,5,51.01201581027669,5.087187348057474,0.7996147642397046,-0.3613103867717889,0.1410236341796875,25.44675504863283
23,0,6,51.01201581027669,5.087187348057474,0.7106988066077842,-0.28416009090675715,0.154351642578125,30.087872115546894
23,0,7,51.01201581027669,5.087187348057474,0.6251202301899283,-0.15116738840653088,0.15533443378906253,31.646115389609395
23,0,8,51.01201581027669,5.087187348057474,0.5280839546032355,-0.05858243461809829,0.146968219921875,33.09832660964845
23,0,9,51.01201581027669,5.087187348057474,0.6142688892840265,-0.11540721825188396,0.14880688593750002,30.957978507617206
23,0,10,51.01201581027669,5.087187348057474,0.7341359985386037,-0.2639706582305504,0.1491447810546875,28.34213842800783
23,0,11,51.01201581027669,5.087187348057474,0.8411217087367642,-0.3494681767732249,0.16237193867187502,25.336183436796894
23,0,12,51.01201581027669,5.087187348057474,0.849961662482918,-0.37174181822588925,0.15797196914062503,25.02002993843752
23,0,13,51.01201581027669,5.087187348057474,0.7901800196439116,-0.2871201644319015,0.16190885136718752,26.800297644453146
23,1,0,51.01201581027669,5.087187348057474,0.8395244460318463,-0.40585044189359154,0.12345868339843752,24.680203981250017
23,1,1,51.01201581027669,5.087187348057474,0.7136402133994431,-0.27296499544613056,0.13391016855468751,28.549843225390646
23,1,2,51.01201581027669,5.087187348057474,0.7314217256437062,-0.2670765567563377,0.1452170080078125,26.788147651484394
23,1,3,51.01201581027669,5.087187348057474,0.8035732576489376,-0.36087766968912965,0.14447664101562502,25.62238920523439
23,1,4,51.01201581027669,5.087187348057474,0.8220769333378553,-0.3721049559755619,0.1463894130859375,26.014934115429707
23,1,5,51.01201581027669,5.087187348057474,0.7916733962058795,-0.3440014905199005,0.1535341453125,26.947439399960956
23,1,6,51.01201581027669,5.087187348057474,0.6476520559807726,-0.17538339643518036,0.15047821660156252,30.005692767500015
23,1,7,51.01201581027669,5.087187348057474,0.7269073775994974,-0.26056538849420885,0.148791216015625,29.011202491367204
23,1,8,51.01201581027669,5.087187348057474,0.6113427946046466,-0.14252581846344667,0.1455723572265625,30.572536670234392
23,1,9,51.01201581027669,5.087187348057474,0.739831760021489,-0.2406674199920159,0.1510056994140625,27.74467921332033
23,1,10,51.01201581027669,5.087187348057474,0.8145129963965267,-0.32890294322219216,0.15491349101562502,25.731131642304707
23,1,11,51.01201581027669,5.087187348057474,0.8207862923883897,-0.32409658069023833,0.169140275,26.505600232578146
23,1,12,51.01201581027669,5.087187348057474,0.8085261934449182,-0.31556552691916295,0.15007062675781252,26.447747573750018
23,1,13,51.01201581027669,5.087187348057474,0.6926168105760029,-0.21452577430976916,0.1589551556640625,28.802015661875018
23,2,0,51.01201581027669,5.087187348057474,0.6383447632155815,-0.16184500110494987,0.14030101113281251,31.383114772578143
23,2,1,51.01201581027669,5.087187348057474,0.5696405244280297,-0.09466627331497818,0.15297088769531253,31.286315378046897
23,2,2,51.01201581027669,5.087187348057474,0.612444523448026,-0.14266003360217067,0.15033326210937498,30.341913781718766
23,2,3,51.01201581027669,5.087187348057474,0.5811722247339359,-0.08701270896567145,0.1521014185546875,31.702486016328145
23,2,4,51.01201581027669,5.087187348057474,0.7120983986142082,-0.19632534694975082,0.16543370703125002,28.608697257265646
23,2,5,51.01201581027669,5.087187348057474,0.7364823158531196,-0.21122768732779706,0.16585331699218753,26.762539204765645
23,2,6,51.01201581027669,5.087187348057474,0.7456133873348929,-0.26221596561641175,0.1601756583984375,27.745640531445332
23,2,7,51.01201581027669,5.087187348057474,0.7122099263182233,-0.22885799460288386,0.1616832677734375,28.973450727500023
23,2,8,51.01201581027669,5.087187348057474,0.6986186525702731,-0.23304174687579923,0.15099574238281252,29.249576007265645
23,2,9,51.01201581027669,5.087187348057474,0.7244178553243374,-0.23208084536944765,0.1557805068359375,27.778906144062525
23,2,10,51.01201581027669,5.087187348057474,0.8197772073972842,-0.33210171691002743,0.15663229101562504,25.40637968738283
23,2,11,51.01201581027669,5.087187348057474,0.7986080964840889,-0.29555221246702246,0.1522033697265625,26.10335535546877
23,2,12,51.01201581027669,5.087187348057474,0.7018626450810023,-0.17082073558810237,0.151419285546875,27.57084085238283
23,2,13,51.01201581027669,5.087187348057474,0.6330621604422543,-0.10797999720921635,0.156042187109375,29.488623781015644
23,3,0,51.01201581027669,5.087187348057474,0.7469485491469339,-0.27210855287222746,0.1459874390625,27.944980525976582
23,3,1,51.01201581027669,5.087187348057474,0.6648745530482946,-0.17767729593122583,0.15652391914062502,29.79979044160158
23,3,2,51.01201581027669,5.087187348057474,0.5859082360417769,-0.10455588066252594,0.144591480078125,32.05320691226565
23,3,3,51.01201581027669,5.087187348057474,0.6236842187788538,-0.13323353745365588,0.14732144375,31.50892060636721
23,3,4,51.01201581027669,5.087187348057474,0.7513589669976928,-0.26068694431351214,0.15376988964843752,28.679667903007832
23,3,5,51.01201581027669,5.087187348057474,0.7580150794177986,-0.27969870763001725,0.152910854296875,27.042569839414078
23,3,6,51.01201581027669,5.087187348057474,0.7948336688770694,-0.2891888453507109,0.16229344765625,25.69530919050783
23,3,7,51.01201581027669,5.087187348057474,0.8205920019612953,-0.3383252364130987,0.161748796484375,25.45625474093752
23,3,8,51.01201581027669,5.087187348057474,0.8274392921501483,-0.34818635005344467,0.15672253496093752,25.358100154882834
23,3,9,51.01201581027669,5.087187348057474,0.8383308697748919,-0.3813742691790948,0.14669235078125004,24.957263875859397
23,3,10,51.01201581027669,5.087187348057474,0.7975664394527295,-0.3074031770541425,0.15564226679687504,26.376116021796893
23,3,11,51.01201581027669,5.087187348057474,0.594673181196276,-0.058270665652196726,0.160601378515625,29.89901315890627
23,3,12,51.01201581027669,5.087187348057474,0.7657754475090253,-0.2832387666851083,0.150658661328125,27.510932040898457
23,3,13,51.01201581027669,5.087187348057474,0.6679108338205568,-0.15991802854852655,0.1494380703125,29.925876659843766
23,4,0,51.01201581027669,5.087187348057474,0.7561424991544341,-0.2527026590120861,0.16508059941406253,28.159180896523456
23,4,1,51.01201581027669,5.087187348057474,0.7982404092803135,-0.3053546965744995,0.14910557363281252,26.568513163203143
23,4,2,51.01201581027669,5.087187348057474,0.8285691090071463,-0.3607374764105714,0.152043688671875,26.017304031640645
23,4,3,51.01201581027669,5.087187348057474,0.7350182419402738,-0.2288637638113992,0.170573503515625,28.41549234160158
23,4,4,51.01201581027669,5.087187348057474,0.710177392411127,-0.2464845024645367,0.1526353126953125,29.321988630195328
23,4,5,51.01201581027669,5.087187348057474,0.8527223319910359,-0.3920254900107132,0.1582491603515625,25.21914295507814
23,4,6,51.01201581027669,5.087187348057474,0.799983012113396,-0.29882722093124303,0.160431926953125,25.64835147042971
23,4,7,51.01201581027669,5.087187348057474,0.7552308852475589,-0.23399408779377903,0.16071775859375,26.694305645351584
23,4,8,51.01201581027669,5.087187348057474,0.7395353018746751,-0.24248048760510943,0.15352970644531252,27.186079948671892
23,4,9,51.01201581027669,5.087187348057474,0.7012127706955197,-0.2042350300317443,0.15570300898437503,28.111081611171898
23,4,10,51.01201581027669,5.087187348057474,0.6526977439671923,-0.12924076028241177,0.15775009609375001,29.246371613515645
23,4,11,51.01201581027669,5.087187348057474,0.6415981469553329,-0.13077209723269984,0.15037665117187501,30.231622554335953
23,4,12,51.01201581027669,5.087187348057474,0.7179075419815683,-0.24960931663778893,0.13410388046875,28.563234920937518
23,4,13,51.01201581027669,5.087187348057474,0.7048829351588863,-0.24878175229913949,0.15111998984375002,29.835799816367206
23,5,0,51.01201581027669,5.087187348057474,0.7736815166820424,-0.265294786980539,0.15966007656250003,27.149182689804707
23,5,1,51.01201581027669,5.087187348057474,0.7896504023830808,-0.27768879598885843,0.16062487832031253,26.048420030117207
23,5,2,51.01201581027669,5.087187348057474,0.865350251998894,-0.3985123209801724,0.16581647304687502,25.078029465312518
23,5,3,51.01201581027669,5.087187348057474,0.7909380787611864,-0.32232227898500854,0.1616666138671875,26.51200234425783
23,5,4,51.01201581027669,5.087187348057474,0.80887630438306,-0.3317734358253861,0.15296677187500002,25.79696858222658
23,5,5,51.01201581027669,5.087187348057474,0.6881670482120865,-0.14422858489085283,0.15926817421875,28.095493570742207
23,5,6,51.01201581027669,5.087187348057474,0.8574176797990981,-0.3916319363455682,0.15784985429687504,24.732008346875016
23,5,7,51.01201581027669,5.087187348057474,0.7309673224548354,-0.24666205093959606,0.15046813964843753,27.633713728085954
23,5,8,51.01201581027669,5.087187348057474,0.7045587035480179,-0.21643297554731497,0.14601581933593752,28.293598538515646
23,5,9,51.01201581027669,5.087187348057474,0.7001132770422743,-0.20491127890808278,0.15009297109375,28.66251772062502
23,5,10,51.01201581027669,5.087187348057474,0.6335529636973403,-0.13431494675106276,0.14780725722656252,30.443967046835958
23,5,11,51.01201581027669,5.087187348057474,0.5687161348811769,-0.06307788803615179,0.15841386757812503,31.36102448316408
23,5,12,51.01201581027669,5.087187348057474,0.6277117336581254,-0.13880235064843344,0.15260384921875003,31.20611207281252
23,5,13,51.01201581027669,5.087187348057474,0.5911142653577832,-0.10395638380954943,0.15724327773437502,32.68021998347658
23,6,0,51.01201581027669,5.087187348057474,0.7381888914498347,-0.24455708049414823,0.1471712068359375,27.22017336300783
23,6,1,51.01201581027669,5.087187348057474,0.7957252566678773,-0.30713834323800987,0.1593878349609375,25.731919389101584
23,6,2,51.01201581027669,5.087187348057474,0.8537308017240904,-0.39071487004594585,0.1562194880859375,25.420372206757833
23,6,3,51.01201581027669,5.087187348057474,0.7766270692491313,-0.2751197311991701,0.169646558203125,27.14077115621096
23,6,4,51.01201581027669,5.087187348057474,0.7898940623845536,-0.29184857693245647,0.16251524609375,26.971579166210958
23,6,5,51.01201581027669,5.087187348057474,0.556178844459928,-0.03180540601126608,0.1673380234375,29.926003500429704
23,6,6,51.01201581027669,5.087187348057474,0.7342482067923104,-0.24205598455378677,0.16137340195312502,28.64779753683596
23,6,7,51.01201581027669,5.087187348057474,0.6518049188998927,-0.15047208396047124,0.162839920703125,30.19829685933596
23,6,8,51.01201581027669,5.087187348057474,0.5851304323857438,-0.08684165516612204,0.1547851939453125,30.721787984960955
23,6,9,51.01201581027669,5.087187348057474,0.5355816450274951,-0.04439562030984448,0.15884364414062502,32.063380862421894
23,6,10,51.01201581027669,5.087187348057474,0.6691357679682778,-0.19501388775081757,0.15195872558593748,30.327180246289082
23,6,11,51.01201581027669,5.087187348057474,0.46888176179678687,-0.016513374662554266,0.15796978203125,35.16271055234377
23,6,12,51.01201581027669,5.087187348057474,0.44641262245332003,-0.03513161187835564,0.14489153710937502,34.251047178828145
23,6,13,51.01201581027669,5.087187348057474,0.6474439775433246,-0.1613216359231463,0.14245212128906248,29.123596602148453
23,7,0,51.01201581027669,5.087187348057474,0.7299227583415586,-0.2284143256033915,0.16300171367187502,27.50498388500002
23,7,1,51.01201581027669,5.087187348057474,0.7574506923536105,-0.26993682338806857,0.1518356015625,27.026234107109396
23,7,2,51.01201581027669,5.087187348057474,0.6676123406999361,-0.1844755774501425,0.16095276171875003,29.666541068164086
23,7,3,51.01201581027669,5.087187348057474,0.7374447829115455,-0.23353444252285038,0.17159670781250003,29.618214804921895
23,7,4,51.01201581027669,5.087187348057474,0.6017256470267507,-0.11643568352349021,0.1736010126953125,32.06259979144534
23,7,5,51.01201581027669,5.087187348057474,0.700674902091664,-0.21615995976503904,0.16593002519531252,29.308303198554704
23,7,6,51.01201581027669,5.087187348057474,0.6858022791057286,-0.18043511677486315,0.158407433984375,29.619389749296896
23,7,7,51.01201581027669,5.087187348057474,0.6626303804243723,-0.16251979312543569,0.1599344580078125,29.515113436015643
23,7,8,51.01201581027669,5.087187348057474,0.6365793785515848,-0.15932640233961876,0.16423921601562502,31.51395417488283
23,7,9,51.01201581027669,5.087187348057474,0.5880331170836149,-0.09256638490527697,0.15916688105468751,32.70636249582033
23,7,10,51.01201581027669,5.087187348057474,0.6292975479333766,-0.10752801357571287,0.15162508007812503,32.329612576484394
23,7,11,51.01201581027669,5.087187348057474,0.6236170565024595,-0.16472910168488702,0.152293135546875,30.829669241210954
23,7,12,51.01201581027669,5.087187348057474,0.7044077811933172,-0.2393259624934496,0.14906181503906252,29.386824197070332
23,7,13,51.01201581027669,5.087187348057474,0.6566438816889393,-0.1598460764447066,0.149851329296875,30.30282685378908
23,8,0,51.01201581027669,5.087187348057474,0.6756784474815867,-0.2061088956580725,0.15930878886718752,28.510175501093766
23,8,1,51.01201581027669,5.087187348057474,0.7825570670997313,-0.28937253630891785,0.14454916328125,27.07274454722658
23,8,2,51.01201581027669,5.087187348057474,0.6049915394642598,-0.10106397675363148,0.15528925625,31.23756853812502
23,8,3,51.01201581027669,5.087187348057474,0.5956453285447143,-0.10401098228951851,0.17494826132812502,35.82328964808596
23,8,4,51.01201581027669,5.087187348057474,0.48859973622839403,0.021620703202288198,0.17804640429687502,35.396958411289084
23,8,5,51.01201581027669,5.087187348057474,0.7097204899785456,-0.2275114363685142,0.174736565234375,30.38819724394533
23,8,6,51.01201581027669,5.087187348057474,0.5714254000090979,-0.06284088017193523,0.1658422478515625,31.168667396679705
23,8,7,51.01201581027669,5.087187348057474,0.6437848972463658,-0.15572541696620337,0.1646474248046875,29.32473239234377
23,8,8,51.01201581027669,5.087187348057474,0.6664751178631143,-0.17438399209204997,0.1706552140625,30.116524736328145
23,8,9,51.01201581027669,5.087187348057474,0.5764315895310548,-0.09646234130811862,0.15708010585937499,32.83268236777346
23,8,10,51.01201581027669,5.087187348057474,0.6085426766190205,-0.12680837854806226,0.15052638378906252,32.128863983867205
23,8,11,51.01201581027669,5.087187348057474,0.6623666545720959,-0.17638372113366416,0.15676432402343748,30.275883243007833
23,8,12,51.01201581027669,5.087187348057474,0.6168841427149154,-0.11463937223904097,0.160029095703125,32.1078685289844
23,8,13,51.01201581027669,5.087187348057474,0.6041564633076659,-0.1289638433791136,0.1475711748046875,31.725510920585954
23,9,0,51.01201581027669,5.087187348057474,0.6411224356243876,-0.15571150575055528,0.15100673496093753,28.602408634531265
23,9,1,51.01201581027669,5.087187348057474,0.6384672996425929,-0.15564327673007572,0.15704740800781253,28.792642810156273
23,9,2,51.01201581027669,5.087187348057474,0.5166384839698888,0.028071062322111106,0.17331351386718752,34.33992905046877
23,9,3,51.01201581027669,5.087187348057474,0.458582035147129,0.07625100954922998,0.18569373984375,38.57836063613283
23,9,4,51.01201581027669,5.087187348057474,0.486737305915532,-0.009813859506560052,0.1745119400390625,32.43695309128908
23,9,5,51.01201581027669,5.087187348057474,0.5592695356473771,-0.06993716115202134,0.1643881943359375,32.61197307242189
23,9,6,51.01201581027669,5.087187348057474,0.5349496753834506,-0.08035972820474452,0.1459638583984375,34.198241440156266
23,9,7,51.01201581027669,5.087187348057474,0.5606267541519894,-0.10973203306951958,0.15076761191406252,31.47139582039064
23,9,8,51.01201581027669,5.087187348057474,0.5750164979685772,-0.09427593886397284,0.1599202818359375,30.73838407425783
23,9,9,51.01201581027669,5.087187348057474,0.5122681249904233,-0.030809494037646473,0.17154131601562503,33.219986759023456
23,9,10,51.01201581027669,5.087187348057474,0.6282584278240033,-0.14626523430032579,0.16014505898437503,31.907173342929706
23,9,11,51.01201581027669,5.087187348057474,0.6973716443298591,-0.25163418318483255,0.14988188925781248,29.41373442875002
23,9,12,51.01201581027669,5.087187348057474,0.5585942182444079,-0.09248948723867752,0.16231486484375002,29.69612162796877
23,9,13,51.01201581027669,5.087187348057474,0.6591843616932138,-0.18505733907970523,0.143133416796875,30.04698271613283
23,10,0,51.01201581027669,5.087187348057474,0.6688101260787779,-0.1684648871368182,0.1526620708984375,30.52264826503908
23,10,1,51.01201581027669,5.087187348057474,0.6630567220382397,-0.20423330792926617,0.15234549414062504,29.455625201210957
23,10,2,51.01201581027669,5.087187348057474,0.5530347477421367,0.0008792648947402414,0.17012717128906252,36.15688706492189
23,10,3,51.01201581027669,5.087187348057474,0.5645404062577422,-0.07147480766153051,0.16753875507812502,34.83855274542971
23,10,4,51.01201581027669,5.087187348057474,0.5759857870993255,-0.14742797855176382,0.14839721289062502,32.45966423199221
23,10,5,51.01201581027669,5.087187348057474,0.5534280696606748,-0.09629773347474566,0.1496135533203125,32.89725757765627
23,10,6,51.01201581027669,5.087187348057474,0.5805859895712643,-0.11749618187217607,0.15052064335937498,30.03780346320314
23,10,7,51.01201581027669,5.087187348057474,0.6163011487596141,-0.12414955863230578,0.14750613535156248,30.45711841285158
23,10,8,51.01201581027669,5.087187348057474,0.7333168957297523,-0.28877557244765617,0.12851598476562504,26.955190027343768
23,10,9,51.01201581027669,5.087187348057474,0.6630862403585528,-0.17457066391609155,0.1568746353515625,29.511828932421896
23,10,10,51.01201581027669,5.087187348057474,0.6336610504540887,-0.13597321479755425,0.1579862072265625,30.39211595046877
23,10,11,51.01201581027669,5.087187348057474,0.6853278615887054,-0.24940794324714077,0.15104731035156252,28.880303006679704
23,10,12,51.01201581027669,5.087187348057474,0.7538384697277387,-0.3086859183120611,0.14670924453125,27.45950819703127
23,10,13,51.01201581027669,5.087187348057474,0.6759172342988046,-0.20557862923401654,0.1524293314453125,31.057895510234392
23,11,0,51.01201581027669,5.087187348057474,0.5128522007197651,-0.09300816519653629,0.1383184591796875,34.7058841683594
23,11,1,51.01201581027669,5.087187348057474,0.5136767521563496,-0.11638932551934292,0.14056238710937502,33.11526316578127
23,11,2,51.01201581027669,5.087187348057474,0.7200884058704687,-0.23779405928733038,0.15028898828125,29.797554041796893
23,11,3,51.01201581027669,5.087187348057474,0.6689977015256576,-0.2039179843477677,0.15268850136718753,30.311632260781266
23,11,4,51.01201581027669,5.087187348057474,0.6772955727672845,-0.21778755020438387,0.14392698984375002,29.77014979941408
23,11,5,51.01201581027669,5.087187348057474,0.6084224941133984,-0.15057749183618882,0.151661730078125,31.522619389648458
23,11,6,51.01201581027669,5.087187348057474,0.6110700628735303,-0.15054589974081684,0.1565459033203125,30.52945760175783
23,11,7,51.01201581027669,5.087187348057474,0.6972954386910749,-0.24080750250016952,0.142630361328125,28.16578328281252
23,11,8,51.01201581027669,5.087187348057474,0.8236105728722081,-0.37273767448769823,0.132747537109375,25.71025635218752
23,11,9,51.01201581027669,5.087187348057474,0.808329403229191,-0.36255957027072966,0.1283235201171875,25.195276897460957
23,11,10,51.01201581027669,5.087187348057474,0.7748968914535546,-0.31647542947208257,0.13979954863281252,25.917246836796892
23,11,11,51.01201581027669,5.087187348057474,0.7646193764396555,-0.3321402797487185,0.1518452626953125,27.348102107656267
23,11,12,51.01201581027669,5.087187348057474,0.72522818553251,-0.25445221896872594,0.14953648945312503,28.546238282421893
23,11,13,51.01201581027669,5.087187348057474,0.7685026945972881,-0.28620944147676397,0.15850776171875003,27.876580071054708
23,12,0,51.01201581027669,5.087187348057474,0.4697898200514499,-0.0810623581973933,0.1463035630859375,34.59381049695315
23,12,1,51.01201581027669,5.087187348057474,0.5213534450172432,-0.07564643040130428,0.13219699023437503,35.22499595585939
23,12,2,51.01201581027669,5.087187348057474,0.4142351978143694,-0.03259950480954092,0.12413095859375001,36.028397551367206
23,12,3,51.01201581027669,5.087187348057474,0.6778349808008791,-0.23982353504853146,0.13648710898437502,29.847175414179706
23,12,4,51.01201581027669,5.087187348057474,0.7798395475140005,-0.2969895934514382,0.16841438457031252,27.71142695234377
23,12,5,51.01201581027669,5.087187348057474,0.7939907548876703,-0.3323906996934817,0.162155251171875,27.364618087109392
23,12,6,51.01201581027669,5.087187348057474,0.6883066313978002,-0.22464294939358548,0.1566379578125,30.046208320976582
23,12,7,51.01201581027669,5.087187348057474,0.7686167476627018,-0.27304026309637525,0.16066538261718752,27.721934693515642
23,12,8,51.01201581027669,5.087187348057474,0.7751560552860544,-0.293680387289295,0.144540531640625,26.487809171445335
23,12,9,51.01201581027669,5.087187348057474,0.8167114699448784,-0.3768627996992521,0.12274695332031252,25.325829239492208
23,12,10,51.01201581027669,5.087187348057474,0.8080240535864827,-0.3460306736205205,0.135616381640625,25.645307296367207
23,12,11,51.01201581027669,5.087187348057474,0.8071006408412984,-0.3452286930942062,0.14137950000000002,26.634490295351583
23,12,12,51.01201581027669,5.087187348057474,0.6977050501648738,-0.15729885688153725,0.163760785546875,28.87915476558596
23,12,13,51.01201581027669,5.087187348057474,0.7571162992017486,-0.23609816772382874,0.160654010546875,27.62758532503908
23,13,0,51.01201581027669,5.087187348057474,0.7049815332113184,-0.24180093066483677,0.1494488380859375,29.422940384960956
23,13,1,51.01201581027669,5.087187348057474,0.47806799460754884,-0.07056808323345112,0.1191208318359375,35.735028627734394
23,13,2,51.01201581027669,5.087187348057474,0.4966763030400871,-0.08047196607906074,0.11603070585937501,35.835613212382825
23,13,3,51.01201581027669,5.087187348057474,0.5651878112158403,-0.1342730104938636,0.15087954511718754,30.996778375273454
23,13,4,51.01201581027669,5.087187348057474,0.7261685813843614,-0.2289933089338857,0.1596383009765625,27.803473162812516
23,13,5,51.01201581027669,5.087187348057474,0.7391402060465037,-0.22610798204295732,0.17313200859375,28.44034642062502
23,13,6,51.01201581027669,5.087187348057474,0.7629093652396812,-0.2697976313974226,0.17198650546875002,28.520770027929707
23,13,7,51.01201581027669,5.087187348057474,0.6925619669274539,-0.20719376084996816,0.15753818906250003,30.092551865585953
23,13,8,51.01201581027669,5.087187348057474,0.745454413704052,-0.25442516099260837,0.15571073359374998,29.375775714453145
23,13,9,51.01201581027669,5.087187348057474,0.7979048381970102,-0.311146937343346,0.14418477675781252,27.150618986000016
23,13,10,51.01201581027669,5.087187348057474,0.7182806111197334,-0.19878806997936604,0.1633815791015625,28.625366780585956
23,13,11,51.01201581027669,5.087187348057474,0.6690346501534552,-0.16799170209843292,0.15901726894531254,30.935387531679705
23,13,12,51.01201581027669,5.087187348057474,0.5634132554351565,-0.08388729854577891,0.14786950117187503,33.775354926640645
23,13,13,51.01201581027669,5.087187348057474,0.7282467555686766,-0.2866012081001983,0.131252749609375,28.090379892382835
24,0,0,51.13274883219548,4.894946793487098,0.700248983641711,-0.27726271349736037,0.16085219387755104,27.387750417945966
24,0,1,51.13274883219548,4.894946793487098,0.7439806150450898,-0.3237951416716331,0.14740734223300972,26.949679926636385
24,0,2,51.13274883219548,4.894946793487098,0.7777697252733412,-0.31567896786404215,0.15098829433593752,25.83324035600002
24,0,3,51.13274883219548,4.894946793487098,0.6567858440412888,-0.18608176420077133,0.15678137109375,28.29779762949221
24,0,4,51.13274883219548,4.894946793487098,0.5812705910493751,-0.10234618997292066,0.16149123242187502,30.091931014296893
24,0,5,51.13274883219548,4.894946793487098,0.5584605533063887,-0.08664528894012243,0.1529355513671875,31.552874207304704
24,0,6,51.13274883219548,4.894946793487098,0.5962073569011319,-0.12921181856583033,0.15310516601562502,32.26716695328127
24,0,7,51.13274883219548,4.894946793487098,0.560558625056182,-0.11045730812797884,0.14828464453125,32.034975246992204
24,0,8,51.13274883219548,4.894946793487098,0.6077463917774434,-0.12314922786164999,0.155215591796875,31.424050902734393
24,0,9,51.13274883219548,4.894946793487098,0.6944504831063704,-0.21896763163858265,0.15837851875000003,27.519029810937518
24,0,10,51.13274883219548,4.894946793487098,0.7173890629330659,-0.24826772139159778,0.1634654755859375,27.51844233875002
24,0,11,51.13274883219548,4.894946793487098,0.74092249636178,-0.2799301738604786,0.17501414648437502,27.638800703164083
24,0,12,51.13274883219548,4.894946793487098,0.7839503350858642,-0.35092678325414006,0.17257293847656252,28.41581278097658
24,0,13,51.13274883219548,4.894946793487098,0.6777053879418208,-0.20906793189439354,0.17015647929687502,28.646749433046892
24,1,0,51.13274883219548,4.894946793487098,0.6452977541564939,-0.19338872267344231,0.15313532343750003,29.175995115781266
24,1,1,51.13274883219548,4.894946793487098,0.6447829522580596,-0.14143818367782385,0.15163736646825396,28.775819742968768
24,1,2,51.13274883219548,4.894946793487098,0.7523291452524284,-0.2908392079980563,0.1545845560483871,27.639335760247544
24,1,3,51.13274883219548,4.894946793487098,0.723759656526835,-0.29768251517199823,0.17296816839999998,28.744441052786907
24,1,4,51.13274883219548,4.894946793487098,0.7329952286947552,-0.2994356140141765,0.16489523054187194,29.170031851447387
24,1,5,51.13274883219548,4.894946793487098,0.7071143674085136,-0.2693505589631018,0.15068102695312502,27.99669143011721
24,1,6,51.13274883219548,4.894946793487098,0.6540164896609171,-0.18360299905857422,0.1517044982421875,29.15971279003908
24,1,7,51.13274883219548,4.894946793487098,0.6331655648151808,-0.18429629373105533,0.143625483984375,29.938847778710954
24,1,8,51.13274883219548,4.894946793487098,0.6784664789292827,-0.21853735080300005,0.1437683423828125,28.42518563269533
24,1,9,51.13274883219548,4.894946793487098,0.6703996861238142,-0.19019895655789082,0.1611453185546875,29.828997155468766
24,1,10,51.13274883219548,4.894946793487098,0.6814666067918222,-0.18226203253070503,0.1677487537109375,29.785417400468766
24,1,11,51.13274883219548,4.894946793487098,0.6613170178629086,-0.14934180522609986,0.161876893359375,28.828732294765643
24,1,12,51.13274883219548,4.894946793487098,0.7288794189773172,-0.28116628463271415,0.17032560781250003,29.049735326210957
24,1,13,51.13274883219548,4.894946793487098,0.7044812862694574,-0.2572758882063576,0.16753155292968752,28.38606532566408
24,2,0,51.13274883219548,4.894946793487098,0.634117744916308,-0.20816664415198557,0.1530959798828125,29.91351971644533
24,2,1,51.13274883219548,4.894946793487098,0.7178563715389149,-0.24533673840437625,0.1523995779296875,28.02466979304689
24,2,2,51.13274883219548,4.894946793487098,0.626322036449004,-0.14466212517173038,0.159772114453125,30.911080869921896
24,2,3,51.13274883219548,4.894946793487098,0.46436294094152264,-0.08464228162536505,0.165670569921875,36.596997194843766
24,2,4,51.13274883219548,4.894946793487098,0.3567354111986381,-0.06093058176538619,0.17069400326633166,37.2020790251316
24,2,5,51.13274883219548,4.894946793487098,0.692236990141838,-0.2633083429314935,0.1377593595930233,30.279998452152487
24,2,6,51.13274883219548,4.894946793487098,0.7279162765373537,-0.2589745211783559,0.14444329195402303,26.761519561052648
24,2,7,51.13274883219548,4.894946793487098,0.5180263686238394,-0.12772761180637454,0.16627759591836735,32.31991260957033
24,2,8,51.13274883219548,4.894946793487098,0.2869609821677227,-0.007696786875584585,0.19818086464843748,36.39186926410159
24,2,9,51.13274883219548,4.894946793487098,0.4696718953943455,-0.1093751685122343,0.1699309560546875,33.98701180964846
24,2,10,51.13274883219548,4.894946793487098,0.6688328778937749,-0.20674205891929748,0.1656239091796875,30.219105391250018
24,2,11,51.13274883219548,4.894946793487098,0.6936070764708242,-0.18749280847703326,0.1629944193359375,28.842951792031272
24,2,12,51.13274883219548,4.894946793487098,0.7056831089489177,-0.23690267712332358,0.16727420195312503,28.800587036328146
24,2,13,51.13274883219548,4.894946793487098,0.7244376348889521,-0.2628288676555208,0.1765100982421875,28.333286290273456
24,3,0,51.13274883219548,4.894946793487098,0.5553786515210087,-0.13433380579517598,0.1635324322265625,32.439676825976576
24,3,1,51.13274883219548,4.894946793487098,0.5939765506820451,-0.14658708315713137,0.14669187734375003,31.992002991640643
24,3,2,51.13274883219548,4.894946793487098,0.5932338213316568,-0.14006460935563864,0.14382292714843753,32.84826373238283
24,3,3,51.13274883219548,4.894946793487098,0.504114270702053,-0.16687325565395963,0.16478469824218753,35.45466420207033
24,3,4,51.13274883219548,4.894946793487098,0.47446604238599466,-0.1204196347934621,0.1372477224609375,34.58487157355471
24,3,5,51.13274883219548,4.894946793487098,0.4135808524979421,-0.10850072638814975,0.15599207890625003,34.37381551437502
24,3,6,51.13274883219548,4.894946793487098,0.34158953274270726,-0.03465130954993698,0.1738339694915254,34.49297890695314
24,3,7,51.13274883219548,4.894946793487098,0.4340100339723999,-0.07727675450033777,0.15052349077380953,32.092686494771804
24,3,8,51.13274883219548,4.894946793487098,0.3289345248549847,-0.05281613290592251,0.1690131817679558,33.93185903488988
24,3,9,51.13274883219548,4.894946793487098,0.2337463950539841,-0.013403596037918662,0.17936816239669423,39.22875146876002
24,3,10,51.13274883219548,4.894946793487098,0.31941661180234243,-0.0312157332809403,0.1801440900390625,38.110892994570335
24,3,11,51.13274883219548,4.894946793487098,0.5560522223719971,-0.13675588551429,0.15076522441406254,33.548797612695324
24,3,12,51.13274883219548,4.894946793487098,0.6641285303370434,-0.21969406629952898,0.1679353318359375,30.512133848046894
24,3,13,51.13274883219548,4.894946793487098,0.6560542254812047,-0.15554170218269026,0.17088867714843753,28.764270573828142
24,4,0,51.13274883219548,4.894946793487098,0.5427120137897162,-0.09080946255414771,0.1447206205078125,33.855117627734394
24,4,1,51.13274883219548,4.894946793487098,0.49540818010055765,-0.06300484105423851,0.1376012693359375,34.9291770061719
24,4,2,51.13274883219548,4.894946793487098,0.5522593777240119,-0.11378781763622035,0.14127520078125003,32.32772331933596
24,4,3,51.13274883219548,4.894946793487098,0.722975971513736,-0.258646024950326,0.1409549998046875,27.617211100273458
24,4,4,51.13274883219548,4.894946793487098,0.747654983741987,-0.2704160424243561,0.1377640712890625,26.680727026835957
24,4,5,51.13274883219548,4.894946793487098,0.7946732270872479,-0.3532146961074693,0.12892956269531253,25.196665468085957
24,4,6,51.13274883219548,4.894946793487098,0.6437453095646761,-0.23136136214975586,0.15979704492187502,28.34854053968752
24,4,7,51.13274883219548,4.894946793487098,0.48039093314770964,-0.08709201690511359,0.1511255779296875,33.01772943101565
24,4,8,51.13274883219548,4.894946793487098,0.5964863322477711,-0.1938551007852624,0.1340673171370968,33.50039791542971
24,4,9,51.13274883219548,4.894946793487098,0.47156867991769724,-0.12547256018182468,0.1462648631016043,32.833242446077605
24,4,10,51.13274883219548,4.894946793487098,0.2622274215176461,-0.013052071454035395,0.15445272256944445,35.930498981524686
24,4,11,51.13274883219548,4.894946793487098,0.35651278032070216,-0.014759111993354699,0.1176362834123223,38.98696050797522
24,4,12,51.13274883219548,4.894946793487098,0.6863541256765934,-0.2561177201813385,0.15664660273437503,29.31991912589846
24,4,13,51.13274883219548,4.894946793487098,0.6256249480670604,-0.18563435003359596,0.14682688125,30.662232991953143
24,5,0,51.13274883219548,4.894946793487098,0.6409602548722839,-0.1735464974584911,0.15249347617187503,29.849151456992203
24,5,1,51.13274883219548,4.894946793487098,0.5731150280694519,-0.07216449183675662,0.15239175625,30.770060841640642
24,5,2,51.13274883219548,4.894946793487098,0.6187744902669851,-0.1663691499475729,0.13908226757812503,30.20540660796877
24,5,3,51.13274883219548,4.894946793487098,0.7890926874790904,-0.338297717258338,0.1375693357421875,26.318563774882833
24,5,4,51.13274883219548,4.894946793487098,0.7369692703865047,-0.262126246380518,0.13830956621093748,26.94135105183596
24,5,5,51.13274883219548,4.894946793487098,0.7345579634216737,-0.2766921978153908,0.13903518613281252,26.312148311562517
24,5,6,51.13274883219548,4.894946793487098,0.7434913201544986,-0.30015780829888855,0.14747865957031253,26.24827406281252
24,5,7,51.13274883219548,4.894946793487098,0.5377392620139629,-0.08476717607424122,0.14584316875,31.788831076250023
24,5,8,51.13274883219548,4.894946793487098,0.46782292378533386,-0.03839415456024817,0.1355856509765625,34.03645961070315
24,5,9,51.13274883219548,4.894946793487098,0.5109330182380687,-0.06826800877207911,0.141035864453125,34.463785544726576
24,5,10,51.13274883219548,4.894946793487098,0.31236697239753153,-0.025236858614220384,0.1780112560546875,36.16638008140627
24,5,11,51.13274883219548,4.894946793487098,0.25026207960974783,0.048305202668226854,0.14908838958333334,38.08808388756099
24,5,12,51.13274883219548,4.894946793487098,0.4662572787089773,-0.09362830278745049,0.15160831346153847,31.88339688475208
24,5,13,51.13274883219548,4.894946793487098,0.4283890614934378,-0.035872759758338764,0.13041809317180617,33.05990255832601
24,6,0,51.13274883219548,4.894946793487098,0.774993060878981,-0.29840239762016973,0.1416054029296875,26.592359193359393
24,6,1,51.13274883219548,4.894946793487098,0.8059764997640948,-0.3633515545951299,0.13222111230468753,25.965539720937517
24,6,2,51.13274883219548,4.894946793487098,0.6983037406278477,-0.27956561759796406,0.153588858984375,28.831415974531268
24,6,3,51.13274883219548,4.894946793487098,0.6483020077018923,-0.14984105072737489,0.1520876580078125,28.673085544179706
24,6,4,51.13274883219548,4.894946793487098,0.625326624054704,-0.14880305274529343,0.1530513138671875,27.929926551171892
24,6,5,51.13274883219548,4.894946793487098,0.5927631499223708,-0.08312656095031083,0.15180350117187502,28.517906101015644
24,6,6,51.13274883219548,4.894946793487098,0.7278055542044687,-0.259351038989591,0.14133774218750003,26.834210811640645
24,6,7,51.13274883219548,4.894946793487098,0.5810438167560915,-0.10193087573008534,0.15539737265625003,31.08381772050783
24,6,8,51.13274883219548,4.894946793487098,0.47014473041266086,-0.032157073364472696,0.14279937558593753,34.45973332179689
24,6,9,51.13274883219548,4.894946793487098,0.5194330703673965,-0.08854034457177032,0.14722301601562499,33.364024258085955
24,6,10,51.13274883219548,4.894946793487098,0.6365986798496868,-0.19217234169688352,0.1546175236328125,30.693616023242207
24,6,11,51.13274883219548,4.894946793487098,0.525186539788462,-0.12014282767641829,0.1462980642578125,34.04190708007814
24,6,12,51.13274883219548,4.894946793487098,0.27542577618255604,0.011546555980553198,0.146514123046875,39.782838840195325
24,6,13,51.13274883219548,4.894946793487098,0.35648799318152213,-0.004680106530945791,0.1505935493852459,35.24469004964288
24,7,0,51.13274883219548,4.894946793487098,0.7690803628908756,-0.31068623629867415,0.1375091876953125,27.14917601398439
24,7,1,51.13274883219548,4.894946793487098,0.6856428754906025,-0.21731111094193326,0.14650045722656252,29.731783860078142
24,7,2,51.13274883219548,4.894946793487098,0.5113991784950237,-0.05185690689229687,0.1411512859375,33.341853858828145
24,7,3,51.13274883219548,4.894946793487098,0.630258550795522,-0.1704847170582944,0.1575245791015625,30.58021386359377
24,7,4,51.13274883219548,4.894946793487098,0.6143517231732982,-0.11525824907819077,0.159397372265625,30.34883660738283
24,7,5,51.13274883219548,4.894946793487098,0.601228264115033,-0.10557763984290516,0.157084632421875,30.003262768906268
24,7,6,51.13274883219548,4.894946793487098,0.5284001893466075,-0.037773808363435094,0.15761179375,32.5950498679297
24,7,7,51.13274883219548,4.894946793487098,0.593062844150077,-0.09045214997232331,0.15519066230468753,31.71472947078127
24,7,8,51.13274883219548,4.894946793487098,0.5565771267890413,-0.10114436874951598,0.15384520703125001,32.45055173726564
24,7,9,51.13274883219548,4.894946793487098,0.706994931352007,-0.2728686881319282,0.15972093105468754,29.20280521015627
24,7,10,51.13274883219548,4.894946793487098,0.6057092901894485,-0.12147359820159584,0.162299250390625,30.674496473867205
24,7,11,51.13274883219548,4.894946793487098,0.5626153548694622,-0.13182015633133592,0.1677437689453125,33.11004267429689
24,7,12,51.13274883219548,4.894946793487098,0.18461272029652895,-0.01851518655038048,0.1976941720703125,41.13174841671877
24,7,13,51.13274883219548,4.894946793487098,0.4751331073518478,-0.08602564438700042,0.1390485064453125,36.423372460156266
24,8,0,51.13274883219548,4.894946793487098,0.6441874735616343,-0.15685664623112877,0.15744851035156252,29.299431033359394
24,8,1,51.13274883219548,4.894946793487098,0.6354445417211398,-0.15690708233360606,0.15199894375,29.906950709257835
24,8,2,51.13274883219548,4.894946793487098,0.49934149746030687,-0.021733678322625696,0.14842206113281253,32.89779831910158
24,8,3,51.13274883219548,4.894946793487098,0.5443712556087658,-0.07741555912220546,0.15763210703125,32.27240079640627
24,8,4,51.13274883219548,4.894946793487098,0.5915790215908903,-0.11468625934103341,0.1617430283203125,31.515870135312518
24,8,5,51.13274883219548,4.894946793487098,0.5799982875847192,-0.0998348859762141,0.163964566015625,31.994206012343767
24,8,6,51.13274883219548,4.894946793487098,0.5015229093564131,-0.0509284645007725,0.17684403496093754,32.68537371675782
24,8,7,51.13274883219548,4.894946793487098,0.641212913290135,-0.1838030604702559,0.15560129003906253,29.812921780156266
24,8,8,51.13274883219548,4.894946793487098,0.571684450709401,-0.1330611662512549,0.14085836015625003,32.30596682093752
24,8,9,51.13274883219548,4.894946793487098,0.5667066753770742,-0.06168433272529411,0.1549741533203125,31.559736950585958
24,8,10,51.13274883219548,4.894946793487098,0.5502196976492928,-0.002166692145404686,0.1486061693359375,32.310933631250016
24,8,11,51.13274883219548,4.894946793487098,0.5283070030316206,-0.018518140429270823,0.1551225396484375,34.24922467988283
24,8,12,51.13274883219548,4.894946793487098,0.5060735503936211,-0.032167700530707,0.15863002949218752,35.260771676914075
24,8,13,51.13274883219548,4.894946793487098,0.2627382992234053,-0.013999284097321124,0.17354542304687504,39.71706865847658
24,9,0,51.13274883219548,4.894946793487098,0.5407420260032357,0.005774660777456123,0.16575114765625001,30.523189006484394
24,9,1,51.13274883219548,4.894946793487098,0.5549426114763494,-0.05565794291789553,0.1577568876953125,31.175977419921892
24,9,2,51.13274883219548,4.894946793487098,0.6412649317515337,-0.12170228244594679,0.158636784375,30.106717956289085
24,9,3,51.13274883219548,4.894946793487098,0.579106550537845,-0.08036425434646728,0.1555934927734375,31.975500363828143
24,9,4,51.13274883219548,4.894946793487098,0.5506009291738148,-0.033107952149349806,0.16153521992187503,31.14460106445314
24,9,5,51.13274883219548,4.894946793487098,0.5551941336825692,-0.07426542926675142,0.1605061767578125,32.37076233289065
24,9,6,51.13274883219548,4.894946793487098,0.6275920552406679,-0.173277495511074,0.154307033203125,30.548817480664084
24,9,7,51.13274883219548,4.894946793487098,0.8055684650581127,-0.3377905286559385,0.143388657421875,26.139698521250022
24,9,8,51.13274883219548,4.894946793487098,0.7581330785653166,-0.33376640449490136,0.15356664179687501,27.999668845976586
24,9,9,51.13274883219548,4.894946793487098,0.7903393424617055,-0.3478830361060262,0.11975863046875002,27.36783583250002
24,9,10,51.13274883219548,4.894946793487098,0.6757264456623504,-0.16484994105309866,0.1459042037109375,30.887528575859392
24,9,11,51.13274883219548,4.894946793487098,0.5663817173383816,-0.0366009109174085,0.1556036341796875,33.768091634140646
24,9,12,51.13274883219548,4.894946793487098,0.501990088625926,-0.019950052235795112,0.15419423242187502,35.251332066992205
24,9,13,51.13274883219548,4.894946793487098,0.5164269785438642,-0.03233982288946813,0.1566519029296875,34.72860198488283
24,10,0,51.13274883219548,4.894946793487098,0.4875053680168686,-0.022233310171554894,0.1633593220703125,31.510436017578144
24,10,1,51.13274883219548,4.894946793487098,0.5753997600227471,-0.08586876541480169,0.15688958964843752,31.601868052578144
24,10,2,51.13274883219548,4.894946793487098,0.566357157738115,-0.09708324278603817,0.15883826953125002,32.34403234835939
24,10,3,51.13274883219548,4.894946793487098,0.5393199273369547,-0.05131148653328113,0.15189083554687502,32.65193453281252
24,10,4,51.13274883219548,4.894946793487098,0.5716816646741618,-0.0705920159051341,0.167155435546875,31.81489347875002
24,10,5,51.13274883219548,4.894946793487098,0.6922100513141309,-0.1929655512955548,0.16457883847656252,29.758006482265646
24,10,6,51.13274883219548,4.894946793487098,0.6801137912946624,-0.16184371719093454,0.1564598791015625,29.441772874062515
24,10,7,51.13274883219548,4.894946793487098,0.6488791287992219,-0.11266976001926121,0.1683972349609375,30.364651625703143
24,10,8,51.13274883219548,4.894946793487098,0.6751870520835613,-0.23220118211756408,0.16031532148437502,29.348071060156272
24,10,9,51.13274883219548,4.894946793487098,0.5516586561914274,-0.12718474882967343,0.15235735823529412,32.870127043906265
24,10,10,51.13274883219548,4.894946793487098,0.5970239580270721,-0.05735033365510414,0.1578275216796875,32.452073824296896
24,10,11,51.13274883219548,4.894946793487098,0.6592069999845018,-0.17718593887966666,0.16371344707031252,32.8578101554297
24,10,12,51.13274883219548,4.894946793487098,0.5401450492484539,-0.020568803350746696,0.1553186228515625,34.15361358136721
24,10,13,51.13274883219548,4.894946793487098,0.6402324570037192,-0.13412315078847867,0.15878708437500003,32.62608575656252
24,11,0,51.13274883219548,4.894946793487098,0.6317109583646587,-0.1527026648724325,0.16475034023437501,31.028795609492207
24,11,1,51.13274883219548,4.894946793487098,0.5025766998285478,0.00537651552872229,0.16252807578125,32.51512027132814
24,11,2,51.13274883219548,4.894946793487098,0.4362061205841337,0.0140979036825707,0.14591608398437503,34.33496224015627
24,11,3,51.13274883219548,4.894946793487098,0.5330159235378914,-0.04580300321692504,0.1555479080078125,33.060962043359396
24,11,4,51.13274883219548,4.894946793487098,0.6523079239477956,-0.12658620999454356,0.16805419902343752,31.325889640859394
24,11,5,51.13274883219548,4.894946793487098,0.787705099176266,-0.3540049632479165,0.17074205117187502,30.446043226953144
24,11,6,51.13274883219548,4.894946793487098,0.5622574977132311,-0.029798339258973412,0.17055389765625,32.21881398675783
24,11,7,51.13274883219548,4.894946793487098,0.6657814789194241,-0.12779616236446337,0.1746082814453125,31.052254442070332
24,11,8,51.13274883219548,4.894946793487098,0.6977018323840899,-0.21304420019726822,0.15972254296875002,29.275504893359397
24,11,9,51.13274883219548,4.894946793487098,0.5457038792355481,-0.0809264165790376,0.1558884650390625,33.339043338476586
24,11,10,51.13274883219548,4.894946793487098,0.598111884555691,-0.12060534381025727,0.1656070990234375,31.83302500671877
24,11,11,51.13274883219548,4.894946793487098,0.562413171457506,-0.07237685093317371,0.16072615136718751,32.92593690171877
24,11,12,51.13274883219548,4.894946793487098,0.671874215187431,-0.1999214569550305,0.1466811294921875,29.664578376992207
24,11,13,51.13274883219548,4.894946793487098,0.7343766111067246,-0.2830598911584975,0.15156182207031252,29.479678181796892
24,12,0,51.13274883219548,4.894946793487098,0.6438032660121188,-0.15680691946276532,0.16433342421875002,30.37812343109377
24,12,1,51.13274883219548,4.894946793487098,0.6304039272602286,-0.13849307875439418,0.16098332734375,29.615898295273453
24,12,2,51.13274883219548,4.894946793487098,0.5302221317417564,-0.04850821693787333,0.1564981162109375,32.72729119250001
24,12,3,51.13274883219548,4.894946793487098,0.5692836891445847,-0.09815711826165655,0.1531530697265625,32.1317412624219
24,12,4,51.13274883219548,4.894946793487098,0.7774029445876428,-0.30973273825344705,0.16816287304687502,27.026040508320335
24,12,5,51.13274883219548,4.894946793487098,0.8071695930627243,-0.3782822984101625,0.17216367011718753,29.073694845312517
24,12,6,51.13274883219548,4.894946793487098,0.7314974700259829,-0.2856871814013816,0.17136660078125,30.865044413046895
24,12,7,51.13274883219548,4.894946793487098,0.6456542320458306,-0.15912068127732698,0.170287060546875,30.234987167773458
24,12,8,51.13274883219548,4.894946793487098,0.7216719959051646,-0.23832357432612514,0.15878034531250002,28.587167736757834
24,12,9,51.13274883219548,4.894946793487098,0.598279731828923,-0.11593256559583329,0.15159245332031251,33.20275646679689
24,12,10,51.13274883219548,4.894946793487098,0.4887877186664027,-0.04958023977065795,0.1447274638671875,35.59097777703127
24,12,11,51.13274883219548,4.894946793487098,0.5534906647289937,-0.0904666467566144,0.15397930214843752,33.82212572375002
24,12,12,51.13274883219548,4.894946793487098,0.7244059863974621,-0.25363079246090003,0.1485280916015625,29.777085976718773
24,12,13,51.13274883219548,4.894946793487098,0.7155232355854919,-0.2601964342282652,0.16395137851562502,30.116451302304707
24,13,0,51.13274883219548,4.894946793487098,0.6738188273881611,-0.1818140115776957,0.1723903865234375,29.554413990195332
24,13,1,51.13274883219548,4.894946793487098,0.5706300841308671,-0.08854432401136512,0.16627717187500002,31.377119885937518
24,13,2,51.13274883219548,4.894946793487098,0.4902837251613743,0.002942501918682571,0.16325687324218752,33.083786673007836
24,13,3,51.13274883219548,4.894946793487098,0.5741493589725387,-0.10853531443960462,0.16033214765625,31.69801989253908
24,13,4,51.13274883219548,4.894946793487098,0.6459122963555787,-0.15910748991862278,0.16327436074218749,29.54112243195314
24,13,5,51.13274883219548,4.894946793487098,0.5864598217953103,-0.10756111689868504,0.1612805638671875,31.436367791210955
24,13,6,51.13274883219548,4.894946793487098,0.6532315284480915,-0.20138370717994697,0.162681222265625,33.03540700320315
24,13,7,51.13274883219548,4.894946793487098,0.6026642659486825,-0.15114859632548866,0.15135632109375,34.352199208203146
24,13,8,51.13274883219548,4.894946793487098,0.590562979121834,-0.11745931774844957,0.1495245458984375,31.765552490820333
24,13,9,51.13274883219548,4.894946793487098,0.5811158019402984,-0.10581821592433352,0.146941390625,31.644379676328146
24,13,10,51.13274883219548,4.894946793487098,0.5542550138876233,-0.10411482221769915,0.1476370099609375,32.77375490187502
24,13,11,51.13274883219548,4.894946793487098,0.5875464531883159,-0.09734779287663804,0.16120757968750005,30.330845271640644
24,13,12,51.13274883219548,4.894946793487098,0.5825062941139215,-0.07727390473249689,0.16478085781250001,30.352107759335958
24,13,13,51.13274883219548,4.894946793487098,0.5835942333664834,-0.07330792671467534,0.16735044746093752,32.606091674726585
25,0,8,51.313848365073675,3.16478180235372,0.11769922712325319,0.055213986163300054,0.16947032035928145,34.38403397000002
25,0,9,51.313848365073675,3.16478180235372,0.1394533573701517,0.0691288957885367,0.20226251479166665,35.4724594322925
25,0,10,51.313848365073675,3.16478180235372,0.11360143778450542,0.04923939627552765,0.14610167057291668,34.31185647636366
25,0,11,51.313848365073675,3.16478180235372,0.1424248145865475,0.05280983547502875,0.10300373636363638,29.135644616206918
25,0,12,51.313848365073675,3.16478180235372,0.0749488113444545,0.03893237364975468,0.1529113775862069,29.219168387500012
25,0,13,51.313848365073675,3.16478180235372,0.0660252784842014,-0.02600761577008199,0.18315384705882357,27.055419310000023
25,1,7,51.313848365073675,3.16478180235372,0.06847326364155205,-0.27740815575696753,0.08204335,25.24049537000002
25,1,8,51.313848365073675,3.16478180235372,0.13324469219024426,0.07249056635285636,0.17140638095238095,30.505584974285732
25,1,9,51.313848365073675,3.16478180235372,0.13984546421992938,0.04306559535315453,0.168696834375,36.657393341210955
25,1,10,51.313848365073675,3.16478180235372,0.12759398662221738,0.05981829688378554,0.11573439494949497,32.77064431791305
25,1,11,51.313848365073675,3.16478180235372,0.11654813150985177,0.03756394468481191,0.1164961843478261,31.636985537750018
25,1,12,51.313848365073675,3.16478180235372,0.15860156764592354,0.06476543101173364,0.14613380425531916,33.18603442445089
25,1,13,51.313848365073675,3.16478180235372,0.1558550843350514,0.04804304867301296,0.1483043727810651,34.00589073923915
25,2,7,51.313848365073675,3.16478180235372,0.09662669222292618,-0.170179772016687,0.11267219800000002,26.647447640947384
25,2,8,51.313848365073675,3.16478180235372,0.08536823162834177,0.08066894731439152,0.223876625,31.976702011484395
25,2,9,51.313848365073675,3.16478180235372,0.1248556962768838,0.04822756037277298,0.19918816705882353,36.77046872600002
25,2,10,51.313848365073675,3.16478180235372,0.1340286558310508,0.04310032396672593,0.10926987680180181,36.490811378073786
25,2,11,51.313848365073675,3.16478180235372,0.23932568737400248,-0.0015335760320322792,0.11492143260869567,30.45006701583335
25,2,12,51.313848365073675,3.16478180235372,0.2092585956335696,0.023558324475565502,0.13169385047393367,33.46419404428573
25,2,13,51.313848365073675,3.16478180235372,0.29064156753591985,0.004768178185531554,0.1491152876494024,35.70472707933595
25,3,5,51.313848365073675,3.16478180235372,0.029261495451641913,-0.1523660938514504,0.09123530000000002,26.438499120243925
25,3,6,51.313848365073675,3.16478180235372,0.0724157695478773,-0.06568616900309289,0.1649366875,27.50787640727275
25,3,7,51.313848365073675,3.16478180235372,0.12590917580843336,0.08339785774693291,0.2484080018421053,31.97722272546877
25,3,8,51.313848365073675,3.16478180235372,0.2066568986190946,0.03883962220146482,0.2455037759765625,33.38287677464846
25,3,9,51.313848365073675,3.16478180235372,0.2154515768430732,0.03581540002632926,0.1799010421875,34.990961723164084
25,3,10,51.313848365073675,3.16478180235372,0.21858851860103473,0.00580174114722869,0.13495557246093753,36.02906513339846
25,3,11,51.313848365073675,3.16478180235372,0.2062102208712027,0.022845142000284056,0.1370080465665236,34.96038022451222
25,3,12,51.313848365073675,3.16478180235372,0.2673477542031893,-0.009346936759011132,0.14690936377952757,35.61350199476564
25,3,13,51.313848365073675,3.16478180235372,0.2536924657630016,0.00907338623466633,0.13809584921875,37.156924947734396
25,4,3,51.313848365073675,3.16478180235372,0.04661055459049732,-0.37390200113909094,0.09729001000000001,26.76228121661292
25,4,4,51.313848365073675,3.16478180235372,0.07150219293215643,-0.12887344821153013,0.13873884433962264,27.413175460892873
25,4,5,51.313848365073675,3.16478180235372,0.2740755116942605,-0.02613073541150659,0.2077088135658915,29.337295151012167
25,4,6,51.313848365073675,3.16478180235372,0.4534906849250723,-0.13265417355640638,0.19586701883116883,29.648022342617207
25,4,7,51.313848365073675,3.16478180235372,0.6171413385457902,-0.22332761650419847,0.1752260111328125,29.028312618828142
25,4,8,51.313848365073675,3.16478180235372,0.49071445580030215,-0.16343229781214483,0.1843914625,30.202502626132834
25,4,9,51.313848365073675,3.16478180235372,0.5482973116616334,-0.14269521432281262,0.175074537109375,31.123779180898456
25,4,10,51.313848365073675,3.16478180235372,0.41020332449854535,-0.08521633007411457,0.15556935527343752,33.296071083125014
25,4,11,51.313848365073675,3.16478180235372,0.2110788884397563,-0.03126563538679027,0.1399669534883721,33.41716517715738
25,4,12,51.313848365073675,3.16478180235372,0.2204126279201431,-0.01151573175328032,0.15244112678571428,38.44850029480002
25,4,13,51.313848365073675,3.16478180235372,0.10646612914302561,0.04724393168736773,0.13005958431372547,36.936647313443416
25,5,1,51.313848365073675,3.16478180235372,0.05342183908366128,-0.15254455764197683,0.12195681363636365,26.91188905460002
25,5,2,51.313848365073675,3.16478180235372,0.07399967117537855,0.0002188135809356453,0.19945169999999998,29.82662778054055
25,5,3,51.313848365073675,3.16478180235372,0.15541178729158317,0.019783822666233884,0.20217240288888888,32.10904347335939
25,5,4,51.313848365073675,3.16478180235372,0.38778803563725367,-0.07441544062094865,0.1882153385375494,32.884780469492206
25,5,5,51.313848365073675,3.16478180235372,0.4627098006286301,-0.12943158200994836,0.173982283984375,31.27904200584982
25,5,6,51.313848365073675,3.16478180235372,0.7033293125906784,-0.2991143331319314,0.18192743457031252,26.453575564882833
25,5,7,51.313848365073675,3.16478180235372,0.6908056595208235,-0.28162981615461247,0.189916083984375,28.86234505003908
25,5,8,51.313848365073675,3.16478180235372,0.5262045136607909,-0.11980971340488646,0.19277439902343751,30.31796761425783
25,5,9,51.313848365073675,3.16478180235372,0.2377324152563866,-0.0487903455781076,0.1827979076171875,35.03283914398439
25,5,10,51.313848365073675,3.16478180235372,0.26546860484911,-0.018857783048188963,0.15913398181818184,33.798132825546894
25,5,11,51.313848365073675,3.16478180235372,0.294172023449632,-0.09908858699934642,0.11837037448559673,30.893502387264594
25,5,12,51.313848365073675,3.16478180235372,0.3501394407945268,-0.0655951508109978,0.11711399450000001,33.57164351444917
25,5,13,51.313848365073675,3.16478180235372,0.11708719955418417,0.06304579137900608,0.12501727720588235,37.39596629291669
25,6,0,51.313848365073675,3.16478180235372,0.1067018574370335,0.042610523731269376,0.19469888774834437,30.20250220513515
25,6,1,51.313848365073675,3.16478180235372,0.1226969227283803,0.07134754791713566,0.1647748967871486,33.99164482894533
25,6,2,51.313848365073675,3.16478180235372,0.17020002862878292,0.057317377024231175,0.14295829140625002,36.182715813710956
25,6,3,51.313848365073675,3.16478180235372,0.29700840301880344,-0.021474973489330064,0.15520566445312503,34.91886286378909
25,6,4,51.313848365073675,3.16478180235372,0.41334469546665614,-0.04555056755716607,0.17041033339843753,33.824969623203145
25,6,5,51.313848365073675,3.16478180235372,0.43142200720926793,-0.10634992737022325,0.1917952044921875,31.391813366445334
25,6,6,51.313848365073675,3.16478180235372,0.5515677780597199,-0.22836121908675555,0.207053940234375,28.06395031976564
25,6,7,51.313848365073675,3.16478180235372,0.587299275627239,-0.24122343556834241,0.20372058085937503,31.25632091738283
25,6,8,51.313848365073675,3.16478180235372,0.5180538170761317,-0.15655159175232095,0.2090293162109375,31.12346541734377
25,6,9,51.313848365073675,3.16478180235372,0.21587049615257908,0.012175634421576471,0.17137294433593753,35.42277380843752
25,6,10,51.313848365073675,3.16478180235372,0.19194779468667864,-0.00978546668948546,0.1659981638671875,35.557438455781266
25,6,11,51.313848365073675,3.16478180235372,0.4278737778775178,-0.0703809156645669,0.15777884779116466,33.0740466511719
25,6,12,51.313848365073675,3.16478180235372,0.4064362121581405,-0.09629173210129943,0.14094796787234043,32.316579950355745
25,6,13,51.313848365073675,3.16478180235372,0.2319268824693034,-0.03303331054150076,0.1644816935840708,36.67048219727274
25,7,0,51.313848365073675,3.16478180235372,0.13338731719313943,0.024801157017493393,0.1376290074074074,31.841847879836752
25,7,1,51.313848365073675,3.16478180235372,0.23529918491607738,0.04148895193667194,0.137855173046875,36.44007536257814
25,7,2,51.313848365073675,3.16478180235372,0.250149345010014,0.0039151474222152375,0.139755896875,35.986486751445334
25,7,3,51.313848365073675,3.16478180235372,0.39595353626462926,-0.043453698060167814,0.15909098671875,34.061220228242206
25,7,4,51.313848365073675,3.16478180235372,0.4784874331342023,-0.08232681324066847,0.1592953482421875,31.905103838632833
25,7,5,51.313848365073675,3.16478180235372,0.4038539482185626,-0.036987999346056004,0.170306038671875,32.83893093558596
25,7,6,51.313848365073675,3.16478180235372,0.5220159481479907,-0.14764223234801216,0.197642530078125,29.98914340894533
25,7,7,51.313848365073675,3.16478180235372,0.6314210430654519,-0.2564783250944968,0.20409483046875002,30.386795321679706
25,7,8,51.313848365073675,3.16478180235372,0.6481052645190487,-0.18926529494429561,0.19416472812500002,30.83159187746096
25,7,9,51.313848365073675,3.16478180235372,0.48085054492312895,-0.11200327066250088,0.18139774824218752,33.994889277617204
25,7,10,51.313848365073675,3.16478180235372,0.26538445892065704,-0.0319491189226496,0.14196288847656252,36.459461944765636
25,7,11,51.313848365073675,3.16478180235372,0.43553707719969553,-0.07865265649529837,0.15915216953125,36.116184588476585
25,7,12,51.313848365073675,3.16478180235372,0.4547588791834203,-0.08451574363230378,0.16148384676258992,27.730385962868542
25,7,13,51.313848365073675,3.16478180235372,0.18166691866065568,0.024291152165973145,0.14255205,28.677786722777796
25,8,0,51.313848365073675,3.16478180235372,0.3435428265161823,-0.010285012705077994,0.14625523884462152,35.05542344410158
25,8,1,51.313848365073675,3.16478180235372,0.3971981788930936,-0.05785800833587644,0.15621160996093753,33.06446684902346
25,8,2,51.313848365073675,3.16478180235372,0.3173523887343538,-0.0005480884900608083,0.1490225673828125,33.85302809597658
25,8,3,51.313848365073675,3.16478180235372,0.3731922500979026,-0.035823286814569026,0.1548181150390625,34.2035420414844
25,8,4,51.313848365073675,3.16478180235372,0.4367018321056972,-0.06519702340538938,0.16280373125000003,32.54416676550784
25,8,5,51.313848365073675,3.16478180235372,0.41110150134858675,-0.100674811722712,0.20953095898437502,30.69388305605471
25,8,6,51.313848365073675,3.16478180235372,0.5429814800823811,-0.17165767680500782,0.19875362128906252,29.292121010117206
25,8,7,51.313848365073675,3.16478180235372,0.6041381939787316,-0.24938060375887788,0.1924559224609375,30.675951802695334
25,8,8,51.313848365073675,3.16478180235372,0.5986009371439855,-0.2111786643561382,0.19522404707031252,30.76407263082033
25,8,9,51.313848365073675,3.16478180235372,0.48916300477117436,-0.1286753702633845,0.19987820605468753,31.232862084804704
25,8,10,51.313848365073675,3.16478180235372,0.42379032395744254,-0.13457227577413478,0.18290237734375,32.38449449527346
25,8,11,51.313848365073675,3.16478180235372,0.5326901658475518,-0.15052301355701964,0.181302047265625,32.65943147902345
25,8,12,51.313848365073675,3.16478180235372,0.37068378505677474,-0.06328103928681567,0.18212271903669724,30.98466176140627
25,8,13,51.313848365073675,3.16478180235372,0.16022722270740433,0.03907156996584631,0.19536441425781254,34.937788814375025
25,9,0,51.313848365073675,3.16478180235372,0.600228510150684,-0.14684340143734295,0.17862732011718752,30.474869419062514
25,9,1,51.313848365073675,3.16478180235372,0.5140679556816241,-0.07050233083322424,0.1946754111328125,30.433526063867205
25,9,2,51.313848365073675,3.16478180235372,0.42262963190684344,-0.06879128290169209,0.17996887792968752,31.756286452226583
25,9,3,51.313848365073675,3.16478180235372,0.40676395244122554,-0.05215403937570366,0.1639113998046875,33.666004989921895
25,9,4,51.313848365073675,3.16478180235372,0.38530794340865226,-0.035223399448377865,0.157272833984375,35.24954962296877
25,9,5,51.313848365073675,3.16478180235372,0.4631340309763147,-0.13932537153091748,0.20856977460937504,31.685242372460955
25,9,6,51.313848365073675,3.16478180235372,0.4037489386871329,-0.11151315578423027,0.21134898242187503,30.54285597312502
25,9,7,51.313848365073675,3.16478180235372,0.3829478176814327,-0.09426661317215565,0.22287087324218752,29.75487552253908
25,9,8,51.313848365073675,3.16478180235372,0.5234538167352624,-0.1349260218861588,0.19123803085937502,29.893886128906267
25,9,9,51.313848365073675,3.16478180235372,0.4904646171097613,-0.14915399725938217,0.19518833164062502,30.47541016050783
25,9,10,51.313848365073675,3.16478180235372,0.48732464503195316,-0.1501465044557041,0.181885773046875,32.040002139687516
25,9,11,51.313848365073675,3.16478180235372,0.5697508264569346,-0.1623825715419437,0.17891684335937502,32.22132409519533
25,9,12,51.313848365073675,3.16478180235372,0.44442496182765645,-0.06605510511681022,0.17491482456896554,31.40295086000002
25,9,13,51.313848365073675,3.16478180235372,0.18305835862521835,0.04477213544191599,0.20527863925781248,33.993040075390645
25,10,0,51.313848365073675,3.16478180235372,0.5811407875717969,-0.13122314286912107,0.18141830390625002,29.723672738398456
25,10,1,51.313848365073675,3.16478180235372,0.5828791511733292,-0.13085363175604375,0.18933838789062502,30.102205101757832
25,10,2,51.313848365073675,3.16478180235372,0.5433428815555552,-0.17359567879312282,0.1919579693359375,29.967493723671893
25,10,3,51.313848365073675,3.16478180235372,0.5602861171054974,-0.1625323232162056,0.19141374667968752,30.354050423046893
25,10,4,51.313848365073675,3.16478180235372,0.491342579477951,-0.12432440344362383,0.16526600058593752,33.02674178843752
25,10,5,51.313848365073675,3.16478180235372,0.3689834208784821,-0.07798696635779881,0.16589092890625,35.793909362890645
25,10,6,51.313848365073675,3.16478180235372,0.6013259701525637,-0.21884784339009639,0.19386871328125,31.83984101925783
25,10,7,51.313848365073675,3.16478180235372,0.4905095054212885,-0.18124392928415084,0.2149174875,30.316552340351585
25,10,8,51.313848365073675,3.16478180235372,0.6284409011449229,-0.21931846253536463,0.18540392207031253,30.630482790546893
25,10,9,51.313848365073675,3.16478180235372,0.4464929275977596,-0.1570544608706448,0.19418623359375,31.420686289296896
25,10,10,51.313848365073675,3.16478180235372,0.5093119345568758,-0.17335206478239143,0.17384827578125,32.49884462140628
25,10,11,51.313848365073675,3.16478180235372,0.5723710754362314,-0.15713498827684358,0.1760164125,31.520616643554707
25,10,12,51.313848365073675,3.16478180235372,0.5670501518856024,-0.1317240454880561,0.1622826409803922,30.04142386043309
25,10,13,51.313848365073675,3.16478180235372,0.35394018283386874,-0.03600259810368732,0.19472823886718751,31.731906356445336
25,11,0,51.313848365073675,3.16478180235372,0.6063063608075404,-0.12459536441770641,0.17648518085937503,29.84587362921877
25,11,1,51.313848365073675,3.16478180235372,0.5852456219043749,-0.12933250084649942,0.18265015859375,30.34942407957033
25,11,2,51.313848365073675,3.16478180235372,0.6017203470893124,-0.17913874030050214,0.18816486347656253,29.89665659433596
25,11,3,51.313848365073675,3.16478180235372,0.5702850784406592,-0.1554731927491909,0.19248497734375,29.685754079023457
25,11,4,51.313848365073675,3.16478180235372,0.5665009862055659,-0.1862774813450774,0.1875409216796875,29.99543870750002
25,11,5,51.313848365073675,3.16478180235372,0.46190496432016526,-0.10914027666003805,0.17557401855468752,33.47467597976564
25,11,6,51.313848365073675,3.16478180235372,0.5085609929554863,-0.1331153634204068,0.1911182421875,31.66869968972658
25,11,7,51.313848365073675,3.16478180235372,0.6846348783673393,-0.27188577607164377,0.19544008203125002,31.39495767781252
25,11,8,51.313848365073675,3.16478180235372,0.3756332664579897,-0.13726338218301823,0.187957904296875,28.221946959101583
25,11,9,51.313848365073675,3.16478180235372,0.4487610456019281,-0.10869813909333717,0.193950823046875,30.156619713125018
25,11,10,51.313848365073675,3.16478180235372,0.4223687967651082,-0.057862978447837436,0.16994228417968751,33.855478122031265
25,11,11,51.313848365073675,3.16478180235372,0.42631311672289396,-0.04747566345971929,0.161809377734375,33.207856793515646
25,11,12,51.313848365073675,3.16478180235372,0.6127898300370561,-0.1626932840847149,0.178038314453125,29.124357645664077
25,11,13,51.313848365073675,3.16478180235372,0.5871791665777009,-0.18544483228964087,0.149893034375,29.309584956054707
25,12,0,51.313848365073675,3.16478180235372,0.6061815724474398,-0.13068751365025866,0.17782994453125003,30.714291038750016
25,12,1,51.313848365073675,3.16478180235372,0.5977590399624166,-0.11041006130191314,0.18805656816406252,30.559111595585954
25,12,2,51.313848365073675,3.16478180235372,0.5917920515818709,-0.10019386335417943,0.18803908359375,31.37143208703127
25,12,3,51.313848365073675,3.16478180235372,0.5653075337828548,-0.12197728147637896,0.1891575033203125,30.054172574609392
25,12,4,51.313848365073675,3.16478180235372,0.5556172381891167,-0.14646086781371953,0.20281443339843752,29.551857151015646
25,12,5,51.313848365073675,3.16478180235372,0.5388814657636324,-0.1668051817147307,0.1964938283203125,30.111618008398455
25,12,6,51.313848365073675,3.16478180235372,0.5865375747672256,-0.1885244942951842,0.17959642988281252,30.69654003253908
25,12,7,51.313848365073675,3.16478180235372,0.4893673280832215,-0.11073180155020726,0.19231080917968751,31.17888140175783
25,12,8,51.313848365073675,3.16478180235372,0.43715062713387376,-0.09553777237713007,0.18534789804687501,31.033702337421893
25,12,9,51.313848365073675,3.16478180235372,0.511641829363825,-0.12435410192733658,0.17821314921875,30.87756157613283
25,12,10,51.313848365073675,3.16478180235372,0.5623671296294059,-0.13853624828526773,0.18270990820312502,31.271021073710955
25,12,11,51.313848365073675,3.16478180235372,0.5044419075395647,-0.11655623168305128,0.19493151250000001,31.061059849062516
25,12,12,51.313848365073675,3.16478180235372,0.646337732161909,-0.20672029726012206,0.17343875859375002,28.81877197085939
25,12,13,51.313848365073675,3.16478180235372,0.6097296774076031,-0.18936956523480702,0.14559265546875,28.378773890000023
25,13,0,51.313848365073675,3.16478180235372,0.6053480506925408,-0.11354243266440164,0.177753146484375,29.777353009531275
25,13,1,51.313848365073675,3.16478180235372,0.6172209812476779,-0.13120043544296184,0.1795788115234375,30.030386626835956
25,13,2,51.313848365073675,3.16478180235372,0.5826269722324495,-0.12218067624093383,0.186583126953125,30.441209933046892
25,13,3,51.313848365073675,3.16478180235372,0.5695497270178713,-0.10849535998441627,0.18909563554687503,29.753153160898457
25,13,4,51.313848365073675,3.16478180235372,0.6643069776889658,-0.19010544746532454,0.1808935212890625,30.56844439238283
25,13,5,51.313848365073675,3.16478180235372,0.5102106841385985,-0.18511453552716356,0.19609490839843752,30.10550963281252
25,13,6,51.313848365073675,3.16478180235372,0.43855558000017775,-0.07760918543511044,0.200034644140625,30.594032811640645
25,13,7,51.313848365073675,3.16478180235372,0.5307699973382178,-0.1616206043193102,0.17485193046875003,31.478645761250014
25,13,8,51.313848365073675,3.16478180235372,0.5721242559834371,-0.19360272798071407,0.1742240384765625,31.201539135898457
25,13,9,51.313848365073675,3.16478180235372,0.5220876720436038,-0.11973056180044439,0.186865617578125,29.486567628359396
25,13,10,51.313848365073675,3.16478180235372,0.5655992581150571,-0.21000780866669655,0.2008052216796875,28.859607963710953
25,13,11,51.313848365073675,3.16478180235372,0.5361655653683708,-0.14730469652131656,0.18759409765625001,30.36706827265627
25,13,12,51.313848365073675,3.16478180235372,0.7393243433308099,-0.3038005073011593,0.18492047773437503,28.31523487214846
25,13,13,51.313848365073675,3.16478180235372,0.6210026099974751,-0.19731714416335405,0.1453461677734375,27.355940580357164
26,0,0,51.13274883219548,4.318225129775972,0.7577306209112641,-0.30936688715495697,0.16550892011718749,28.09331725332033
26,0,1,51.13274883219548,4.318225129775972,0.6843266477366015,-0.2539540826534348,0.16789063847656252,28.73781429792971
26,0,2,51.13274883219548,4.318225129775972,0.7661591335206002,-0.3595637063565489,0.17340010214843748,28.72790070476564
26,0,3,51.13274883219548,4.318225129775972,0.6195690092459092,-0.16304149844418298,0.1671844767578125,32.82525217976565
26,0,4,51.13274883219548,4.318225129775972,0.6069008368901829,-0.180784204220867,0.16775933046875002,33.983940932304705
26,0,5,51.13274883219548,4.318225129775972,0.6616901665650319,-0.2300338456697318,0.175986851953125,30.719244497421894
26,0,6,51.13274883219548,4.318225129775972,0.7870107878213116,-0.33332739260714805,0.17023038378906252,27.082290970273455
26,0,7,51.13274883219548,4.318225129775972,0.7753155516541684,-0.31013638891037576,0.17188605175781252,26.88178270718752
26,0,8,51.13274883219548,4.318225129775972,0.667172216104031,-0.27410784063010607,0.13881763733333335,28.26702053542555
26,0,9,51.13274883219548,4.318225129775972,0.3059598893782797,-0.08106626650656036,0.11766628823529414,33.81545657925783
26,0,10,51.13274883219548,4.318225129775972,0.4582985189068649,-0.0995182673396165,0.1538538732421875,33.93016719968752
26,0,11,51.13274883219548,4.318225129775972,0.49993721226209875,-0.11665932125433409,0.1396212775390625,33.389405726914084
26,0,12,51.13274883219548,4.318225129775972,0.6811082381589009,-0.23257417839093697,0.17227758574218752,30.82303347582033
26,0,13,51.13274883219548,4.318225129775972,0.5302551206046249,-0.14953315276182103,0.15823226542968752,34.56303496531252
26,1,0,51.13274883219548,4.318225129775972,0.746723149813925,-0.3266689363524823,0.17209536718750001,28.195797770937517
26,1,1,51.13274883219548,4.318225129775972,0.701367239834424,-0.30060729328724956,0.171839076171875,30.04275024605471
26,1,2,51.13274883219548,4.318225129775972,0.6955269249444798,-0.23167661566231318,0.16831468437500002,30.303915012500024
26,1,3,51.13274883219548,4.318225129775972,0.6273679433772138,-0.16766183275394847,0.1763053615234375,32.358205114882836
26,1,4,51.13274883219548,4.318225129775972,0.5806974358048379,-0.17436265434660916,0.16349182207031251,33.55833735992189
26,1,5,51.13274883219548,4.318225129775972,0.7080424784463968,-0.2813289409567851,0.1608793455078125,28.99122843699221
26,1,6,51.13274883219548,4.318225129775972,0.7733375917398232,-0.36956562823151373,0.13949639687499998,26.14951865292971
26,1,7,51.13274883219548,4.318225129775972,0.7418932680720947,-0.27225689824404,0.167687233203125,28.398328807578146
26,1,8,51.13274883219548,4.318225129775972,0.6326752881700438,-0.20857263604896611,0.1653257493975904,29.01580213156252
26,1,9,51.13274883219548,4.318225129775972,0.3008345897777335,-0.03546567166206808,0.15206129121093753,34.57362281632815
26,1,10,51.13274883219548,4.318225129775972,0.5104224231977812,-0.11842319427165472,0.14057081484375,32.655572854882834
26,1,11,51.13274883219548,4.318225129775972,0.6782030497066162,-0.20791153482988475,0.1645519435546875,29.61193285800783
26,1,12,51.13274883219548,4.318225129775972,0.789676152918412,-0.32903382763749855,0.16215400605468752,27.411342153476582
26,1,13,51.13274883219548,4.318225129775972,0.5655439681137963,-0.15840758722044085,0.15303582382812503,34.343347070468766
26,2,0,51.13274883219548,4.318225129775972,0.7181638945486917,-0.2897709541460457,0.17113303925781254,28.96969891648439
26,2,1,51.13274883219548,4.318225129775972,0.7264291303523351,-0.30718828361735206,0.18274708515625,30.96038847875002
26,2,2,51.13274883219548,4.318225129775972,0.6479739383988055,-0.2189521941317507,0.182753787109375,31.977049154140644
26,2,3,51.13274883219548,4.318225129775972,0.6918159798631665,-0.24195798452288197,0.174012959375,31.574951145078145
26,2,4,51.13274883219548,4.318225129775972,0.5547870937446998,-0.11608800347648562,0.1479921458984375,33.791336840468766
26,2,5,51.13274883219548,4.318225129775972,0.7550741739577482,-0.28704799142096526,0.15928626171875004,27.90076656804689
26,2,6,51.13274883219548,4.318225129775972,0.7326179978475524,-0.23803318726568778,0.16081160253906251,29.26521745425783
26,2,7,51.13274883219548,4.318225129775972,0.7054861490399155,-0.21501725994577264,0.177358357421875,29.57677131242189
26,2,8,51.13274883219548,4.318225129775972,0.5781569617453396,-0.20488111230550046,0.15246159845360827,29.038151616956544
26,2,9,51.13274883219548,4.318225129775972,0.47824554906578565,-0.15639681321894786,0.144502810546875,31.873587290937518
26,2,10,51.13274883219548,4.318225129775972,0.5629096604153004,-0.1558958746782978,0.14618588144531253,31.492685011367207
26,2,11,51.13274883219548,4.318225129775972,0.617882240517526,-0.20385560713963516,0.1630186234375,31.502371626640638
26,2,12,51.13274883219548,4.318225129775972,0.823593886384631,-0.36631809802378923,0.17454716230468753,26.977153476171896
26,2,13,51.13274883219548,4.318225129775972,0.6103201258176219,-0.2036437589718997,0.16384472402343753,34.1787613964844
26,3,0,51.13274883219548,4.318225129775972,0.7444958738808427,-0.3008151440074913,0.17773573847656252,29.807948294023454
26,3,1,51.13274883219548,4.318225129775972,0.6260754017107154,-0.13847386389618146,0.17707441835937499,33.06429995351564
26,3,2,51.13274883219548,4.318225129775972,0.6657187278809923,-0.2066699586267639,0.18196986171875001,32.76097738179689
26,3,3,51.13274883219548,4.318225129775972,0.558225748021981,-0.11963233321437508,0.1534805931640625,33.7683853702344
26,3,4,51.13274883219548,4.318225129775972,0.5464763751059876,-0.12302831374622593,0.1412294037109375,33.18862375519533
26,3,5,51.13274883219548,4.318225129775972,0.7194115553588352,-0.25679066900454883,0.16331423359375,28.84094904593752
26,3,6,51.13274883219548,4.318225129775972,0.7426709527394026,-0.25909327906950397,0.17300957968750003,29.906329857968768
26,3,7,51.13274883219548,4.318225129775972,0.6935346850099833,-0.18988790154016663,0.1736681888671875,31.481015677460956
26,3,8,51.13274883219548,4.318225129775972,0.5303068536086912,-0.14992920920958827,0.1497078705263158,30.73642156351353
26,3,9,51.13274883219548,4.318225129775972,0.4089216067179742,-0.10160931176675395,0.156407678125,34.24600693449221
26,3,10,51.13274883219548,4.318225129775972,0.40357692348607255,-0.04678555692267122,0.12824077617187501,36.5639518842969
26,3,11,51.13274883219548,4.318225129775972,0.557761193108178,-0.15424160389311814,0.15076126054687503,32.52404584308596
26,3,12,51.13274883219548,4.318225129775972,0.7721446073920104,-0.3160796541460046,0.1715520166015625,28.209656773906268
26,3,13,51.13274883219548,4.318225129775972,0.6081090206978399,-0.16229622194425403,0.1807594287109375,34.00649852914064
26,4,0,51.13274883219548,4.318225129775972,0.6791914341071603,-0.23346770756887253,0.16899748378906254,30.077117369023455
26,4,1,51.13274883219548,4.318225129775972,0.633885930735121,-0.1794842322124504,0.16742158671875002,32.72046850414065
26,4,2,51.13274883219548,4.318225129775972,0.6580318430159247,-0.21254985542544322,0.17015297949218752,32.54715085718752
26,4,3,51.13274883219548,4.318225129775972,0.5011492895901584,-0.06847225531807906,0.14777614687500001,34.95937841726565
26,4,4,51.13274883219548,4.318225129775972,0.7424141334461147,-0.30906837626076517,0.1449609453125,27.787751605976585
26,4,5,51.13274883219548,4.318225129775972,0.7830061282297918,-0.31621402814506616,0.15479829394531253,26.470218384921893
26,4,6,51.13274883219548,4.318225129775972,0.7806464683345304,-0.3048336260301624,0.169023166796875,27.943732147578142
26,4,7,51.13274883219548,4.318225129775972,0.6442524199935127,-0.16905005061574419,0.16527879335937504,30.88364324843752
26,4,8,51.13274883219548,4.318225129775972,0.5809676160330118,-0.22029560535566042,0.13461453535353535,28.565893433451347
26,4,9,51.13274883219548,4.318225129775972,0.6922706203747226,-0.27831468454356956,0.14431846699218753,30.75266365390627
26,4,10,51.13274883219548,4.318225129775972,0.4563269973540208,-0.08016630249590037,0.14201488828125003,34.742728020664075
26,4,11,51.13274883219548,4.318225129775972,0.6916368502022355,-0.24694524639261117,0.14323483359375,28.38753400613283
26,4,12,51.13274883219548,4.318225129775972,0.7446029680984028,-0.24437255279928205,0.18538314960937502,30.13240651285158
26,4,13,51.13274883219548,4.318225129775972,0.6780276836674629,-0.19021651475807042,0.188967359765625,31.929497286054705
26,5,0,51.13274883219548,4.318225129775972,0.7582580389571452,-0.3377072478213621,0.17791828046875002,28.976461522460955
26,5,1,51.13274883219548,4.318225129775972,0.6709989803578275,-0.1897675968005339,0.1698325958984375,31.184856260937515
26,5,2,51.13274883219548,4.318225129775972,0.6001716949913677,-0.14337862561263304,0.165321672265625,33.37391782378908
26,5,3,51.13274883219548,4.318225129775972,0.48587588566435885,-0.0789800610527212,0.149965901953125,34.99568152812502
26,5,4,51.13274883219548,4.318225129775972,0.7270730029638782,-0.28451723205980767,0.151886072265625,29.248935128515644
26,5,5,51.13274883219548,4.318225129775972,0.7784157385246331,-0.3047409438119892,0.15460037675781252,26.555829104609387
26,5,6,51.13274883219548,4.318225129775972,0.6632596058022355,-0.1599122856438222,0.16164569882812502,31.316703712109394
26,5,7,51.13274883219548,4.318225129775972,0.6649635971867993,-0.18097732365847377,0.16552083299180329,30.33248419937761
26,5,8,51.13274883219548,4.318225129775972,0.34810823130686036,-0.027870936581387732,0.15492505420560748,32.99751853907695
26,5,9,51.13274883219548,4.318225129775972,0.4461677345125866,-0.083341495387765,0.14241437304687501,36.121825656640645
26,5,10,51.13274883219548,4.318225129775972,0.38474713221831064,-0.03894952483671461,0.1426273853515625,35.67739627097657
26,5,11,51.13274883219548,4.318225129775972,0.5499767408754956,-0.14332250605610503,0.15214614140625002,33.419720626953136
26,5,12,51.13274883219548,4.318225129775972,0.7261641159855179,-0.2665187583793432,0.17394350390625002,29.660946730742207
26,5,13,51.13274883219548,4.318225129775972,0.7714179574460374,-0.3140964757888711,0.16575372402343752,27.29445521562502
26,6,0,51.13274883219548,4.318225129775972,0.5506660574191905,-0.1323767609856234,0.1586822310546875,33.64986285640627
26,6,1,51.13274883219548,4.318225129775972,0.6759822493542399,-0.23511555622543023,0.17681234238281252,31.879008057031267
26,6,2,51.13274883219548,4.318225129775972,0.5934376814216082,-0.13155881666276786,0.177869796875,33.7279031958594
26,6,3,51.13274883219548,4.318225129775972,0.5981932849511729,-0.17707870800178455,0.16970497929687503,33.11900830097658
26,6,4,51.13274883219548,4.318225129775972,0.7559055358184757,-0.3027151846382209,0.16655101601562503,29.048026316210958
26,6,5,51.13274883219548,4.318225129775972,0.8028977506460857,-0.3912213516805479,0.14553677324218753,25.930231307304705
26,6,6,51.13274883219548,4.318225129775972,0.7231073182323318,-0.22344428019225687,0.177122273828125,31.07386407242189
26,6,7,51.13274883219548,4.318225129775972,0.6933526853282127,-0.23179583350152297,0.17344940333333334,28.395390848805988
26,6,8,51.13274883219548,4.318225129775972,0.32118200987682527,-0.006377326994161598,0.16947100949367092,33.971491049553094
26,6,9,51.13274883219548,4.318225129775972,0.3892522142227236,-0.05336556761543282,0.14243646621093753,37.981388756328144
26,6,10,51.13274883219548,4.318225129775972,0.4226121963550433,-0.07211503197056139,0.15604522578125002,35.296267013515646
26,6,11,51.13274883219548,4.318225129775972,0.7266577638340925,-0.2842238404163263,0.14941770019531253,28.827570702031267
26,6,12,51.13274883219548,4.318225129775972,0.7183934697993473,-0.27130887438621204,0.167543701171875,29.314384870859392
26,6,13,51.13274883219548,4.318225129775972,0.785167664097536,-0.32662945992315384,0.17168403496093748,28.05299529863283
26,7,0,51.13274883219548,4.318225129775972,0.5416805972171395,-0.13312423576656524,0.1640849787109375,32.90632344677167
26,7,1,51.13274883219548,4.318225129775972,0.5608604603370976,-0.1492673603991107,0.1455065248046875,31.64162224464288
26,7,2,51.13274883219548,4.318225129775972,0.5412722428410943,-0.12766952568647594,0.1509196091796875,33.302473194804705
26,7,3,51.13274883219548,4.318225129775972,0.5284315300300086,-0.10374262646667129,0.152310078515625,34.035945572539084
26,7,4,51.13274883219548,4.318225129775972,0.7199064355931062,-0.23796933844632612,0.170974765234375,29.824050372617208
26,7,5,51.13274883219548,4.318225129775972,0.7789109264239193,-0.3658021684457394,0.147400251953125,26.474477558281272
26,7,6,51.13274883219548,4.318225129775972,0.6870254581928928,-0.2134375429290389,0.1734840484018265,28.355924598378397
26,7,7,51.13274883219548,4.318225129775972,0.7113951351665322,-0.3377574819758977,0.15855793225806453,23.30567287340002
26,7,8,51.13274883219548,4.318225129775972,0.6610019868695709,-0.2326464025973615,0.14925189282786888,30.69581613800002
26,7,9,51.13274883219548,4.318225129775972,0.576922011698955,-0.18219637039440395,0.14108295585937503,33.060114214179706
26,7,10,51.13274883219548,4.318225129775972,0.5663502230231343,-0.1579742052171732,0.16174580390625,33.47557721550783
26,7,11,51.13274883219548,4.318225129775972,0.6810879587030098,-0.21694005650901949,0.17439467187500002,31.213669101406268
26,7,12,51.13274883219548,4.318225129775972,0.7169998152486743,-0.2680819971405463,0.17377320156250003,30.245581694609395
26,7,13,51.13274883219548,4.318225129775972,0.6554692459804171,-0.15821159092506076,0.1750922998046875,32.57660457640627
26,8,0,51.13274883219548,4.318225129775972,0.6037267013249497,-0.18910888489551028,0.142395626171875,31.548038828853773
26,8,1,51.13274883219548,4.318225129775972,0.6599135102871582,-0.28754996925815035,0.1294493630612245,28.210983188383004
26,8,2,51.13274883219548,4.318225129775972,0.5013968502788285,-0.14789761000099902,0.13191203135964913,31.540249028243263
26,8,3,51.13274883219548,4.318225129775972,0.4745273424395375,-0.08385339884133802,0.14798773475336321,32.811558380276516
26,8,4,51.13274883219548,4.318225129775972,0.681451341927858,-0.24530052461393387,0.16371359696969698,27.585497736943022
26,8,5,51.13274883219548,4.318225129775972,0.6709742419588184,-0.2849543236867854,0.13657559594594595,24.04113393350001
26,8,6,51.13274883219548,4.318225129775972,0.36203036582936987,-0.0329206036601388,0.15644989301075268,32.35614125139537
26,8,7,51.13274883219548,4.318225129775972,0.6049193147669369,-0.14341664806064566,0.15760664620535714,31.314688036561282
26,8,8,51.13274883219548,4.318225129775972,0.5585995098184976,-0.12455298957557584,0.156610098828125,34.057121274570335
26,8,9,51.13274883219548,4.318225129775972,0.4410067961619563,-0.0669557153884716,0.13767298222656252,36.46121100968752
26,8,10,51.13274883219548,4.318225129775972,0.5216725142448404,-0.12646658735571473,0.14862525625,33.65704603906252
26,8,11,51.13274883219548,4.318225129775972,0.6034710007086171,-0.13281099328929635,0.17141819726562502,33.14105185964846
26,8,12,51.13274883219548,4.318225129775972,0.6091779274791489,-0.16100563470191026,0.16706614296875,32.55661049457033
26,8,13,51.13274883219548,4.318225129775972,0.6943993857645865,-0.22617854467621165,0.1709742994140625,31.86548284507814
26,9,0,51.13274883219548,4.318225129775972,0.5132732293226928,-0.20182369341857478,0.12861381158536586,27.24374170744683
26,9,1,51.13274883219548,4.318225129775972,0.7140336166388827,-0.32195940805012824,0.1404305590909091,26.481885721338607
26,9,2,51.13274883219548,4.318225129775972,0.7591255634636458,-0.3283468421540755,0.1487631905594406,26.15235689707009
26,9,3,51.13274883219548,4.318225129775972,0.7561477672982084,-0.33373163176237924,0.14388175928571428,26.032516405454565
26,9,4,51.13274883219548,4.318225129775972,0.648687883143191,-0.2465164426935345,0.1422537010135135,27.11951614207549
26,9,5,51.13274883219548,4.318225129775972,0.597007249181123,-0.1953337703214413,0.13950851756756757,21.29716125983873
26,9,6,51.13274883219548,4.318225129775972,0.6395417668481277,-0.20021575617308385,0.1477791962890625,30.46878774675783
26,9,7,51.13274883219548,4.318225129775972,0.6852542425466864,-0.2547778854834299,0.157703828125,29.81413010363283
26,9,8,51.13274883219548,4.318225129775972,0.5878859554450849,-0.16526397817398591,0.1665830427734375,33.79502189328127
26,9,9,51.13274883219548,4.318225129775972,0.46874479056452945,-0.09609281990890371,0.1388064802734375,36.10518283660158
26,9,10,51.13274883219548,4.318225129775972,0.5963105281058774,-0.1664365791502445,0.169473976953125,32.51521373281252
26,9,11,51.13274883219548,4.318225129775972,0.6632330059716622,-0.16735204324711528,0.179587953515625,31.782529101875017
26,9,12,51.13274883219548,4.318225129775972,0.6362541812016649,-0.1545345769758493,0.1720776673828125,33.10334682652346
26,9,13,51.13274883219548,4.318225129775972,0.5954715584041868,-0.16300561793040813,0.17105956953125,34.25685514250002
26,10,0,51.13274883219548,4.318225129775972,0.8274331684826325,-0.383754112876355,0.16141949329268293,26.164841991785732
26,10,1,51.13274883219548,4.318225129775972,0.845979611025687,-0.38225536931874793,0.15310414296875002,25.22607245656252
26,10,2,51.13274883219548,4.318225129775972,0.8548579459771977,-0.3901227204907393,0.15112612265625003,25.03759402167971
26,10,3,51.13274883219548,4.318225129775972,0.7988034452920016,-0.3727777863444077,0.14871320097656252,25.533754338945332
26,10,4,51.13274883219548,4.318225129775972,0.5805725029587785,-0.15100669291716928,0.1451467450819672,29.944581477344414
26,10,5,51.13274883219548,4.318225129775972,0.5873782285899358,-0.1365174517977719,0.1572463395238095,27.09165047035158
26,10,6,51.13274883219548,4.318225129775972,0.6254592095188628,-0.16227872993143652,0.16412072442396317,28.482584335742207
26,10,7,51.13274883219548,4.318225129775972,0.49238877442086515,-0.08415104322515667,0.1788145103515625,32.68441239863283
26,10,8,51.13274883219548,4.318225129775972,0.5655495094444056,-0.14787458885973048,0.1514516333984375,33.62680457304689
26,10,9,51.13274883219548,4.318225129775972,0.5103994960314621,-0.12765078335279606,0.1448521369140625,34.51960875417971
26,10,10,51.13274883219548,4.318225129775972,0.6257639091948383,-0.21239197919837585,0.16445102696850397,30.90030756200002
26,10,11,51.13274883219548,4.318225129775972,0.5164852495329283,-0.12229861654138864,0.16800695195312504,31.11671616300783
26,10,12,51.13274883219548,4.318225129775972,0.5031009269295101,-0.08039427525190898,0.16160964355468752,34.21464393066408
26,10,13,51.13274883219548,4.318225129775972,0.5648364414754845,-0.11313260005750524,0.16768323515625003,34.80049389382815
26,11,0,51.13274883219548,4.318225129775972,0.8750068163033504,-0.4368650098446555,0.1554133640625,25.122036472812518
26,11,1,51.13274883219548,4.318225129775972,0.8279206070249739,-0.38215463258540844,0.15860740507812504,26.77066367808596
26,11,2,51.13274883219548,4.318225129775972,0.7555559269229686,-0.2712895192957012,0.165851169921875,29.92814643875002
26,11,3,51.13274883219548,4.318225129775972,0.7855084683533564,-0.34631190182542415,0.1737170701171875,27.55112047917971
26,11,4,51.13274883219548,4.318225129775972,0.45383239704745726,-0.17624799594530974,0.10554335386178863,27.59317693914288
26,11,5,51.13274883219548,4.318225129775972,0.6421641256605488,-0.2267851874451856,0.15143353459915612,26.894773853515645
26,11,6,51.13274883219548,4.318225129775972,0.7182397138022957,-0.26754661063070934,0.16574244142156863,25.213962518515643
26,11,7,51.13274883219548,4.318225129775972,0.5391270108761572,-0.08293356040408599,0.16884858457031252,34.62092767906252
26,11,8,51.13274883219548,4.318225129775972,0.37912778093219524,-0.018430780749331355,0.1322267298828125,37.71844822167971
26,11,9,51.13274883219548,4.318225129775972,0.49685193471338746,-0.1035772848304512,0.144422502734375,34.82651624140627
26,11,10,51.13274883219548,4.318225129775972,0.5640368082064278,-0.13737133824573214,0.1551169876953125,32.87714333105471
26,11,11,51.13274883219548,4.318225129775972,0.5893998672676458,-0.1951011478285788,0.1423234158203125,31.35704569425783
26,11,12,51.13274883219548,4.318225129775972,0.5405636901934141,-0.10674577879533251,0.14922156171875,33.26809939601564
26,11,13,51.13274883219548,4.318225129775972,0.5223073857804428,-0.10662443374166891,0.1551555857421875,34.97154176187502
26,12,0,51.13274883219548,4.318225129775972,0.7661721587786618,-0.3169764184017615,0.1530877259765625,28.71232601597658
26,12,1,51.13274883219548,4.318225129775972,0.6727436382968461,-0.20372898221923869,0.167823434765625,31.671503534257834
26,12,2,51.13274883219548,4.318225129775972,0.776830544875249,-0.33184108002032364,0.162843365234375,29.037892420976583
26,12,3,51.13274883219548,4.318225129775972,0.7122086906762373,-0.2621963528880143,0.15891608574218752,29.88294445941408
26,12,4,51.13274883219548,4.318225129775972,0.48790757720661715,-0.1527787872718851,0.11399835546875,30.056509111718768
26,12,5,51.13274883219548,4.318225129775972,0.5386676268089238,-0.2557404911554848,0.12754976306532662,28.432968616756774
26,12,6,51.13274883219548,4.318225129775972,0.79417369766599,-0.3274808981043082,0.16309330800781252,27.159022848945334
26,12,7,51.13274883219548,4.318225129775972,0.5667116312375508,-0.11286338806788573,0.154193385546875,33.57363834007814
26,12,8,51.13274883219548,4.318225129775972,0.43858762786042704,-0.07091516415401003,0.1276127798828125,36.44518904093752
26,12,9,51.13274883219548,4.318225129775972,0.5776914137585837,-0.1875078795720229,0.1495809181640625,32.08579006681104
26,12,10,51.13274883219548,4.318225129775972,0.5777726065032701,-0.22200370446531434,0.11915291733067729,29.73697807214288
26,12,11,51.13274883219548,4.318225129775972,0.6031103988664834,-0.19000308483324296,0.1349175309055118,31.18075945400002
26,12,12,51.13274883219548,4.318225129775972,0.533232769874847,-0.17706495555142346,0.14470845553359685,31.350249493830667
26,12,13,51.13274883219548,4.318225129775972,0.4820536121827413,-0.08030882873639233,0.1574064205078125,35.03167755125002
26,13,0,51.13274883219548,4.318225129775972,0.7929989411049816,-0.33340936218649964,0.145745111328125,27.50298113890627
26,13,1,51.13274883219548,4.318225129775972,0.6795714261617554,-0.22207176799488293,0.162584114453125,31.66885990941408
26,13,2,51.13274883219548,4.318225129775972,0.5755146113916162,-0.1381296573567684,0.174030974609375,33.28809347785158
26,13,3,51.13274883219548,4.318225129775972,0.60888353971891,-0.1802161427788232,0.16925429609375003,33.53538588968752
26,13,4,51.13274883219548,4.318225129775972,0.5447190911202281,-0.117160622935992,0.152855657421875,33.99906166531252
26,13,5,51.13274883219548,4.318225129775972,0.5422515637630854,-0.14344137040745608,0.12029708085585586,29.088667707467835
26,13,6,51.13274883219548,4.318225129775972,0.7055899187651987,-0.27980758734513184,0.15261783011049726,28.02455100732396
26,13,7,51.13274883219548,4.318225129775972,0.6129126046933165,-0.21591032187542492,0.1580249441860465,28.727230908643232
26,13,8,51.13274883219548,4.318225129775972,0.29517532545594277,-0.04822108665268338,0.15512037027649772,33.62141724513276
26,13,9,51.13274883219548,4.318225129775972,0.5313365346218447,-0.20484985659966548,0.173842272265625,31.353630842000022
26,13,10,51.13274883219548,4.318225129775972,0.8430961505979675,-0.4220933847858086,0.13751540527343753,25.98085860800002
26,13,11,51.13274883219548,4.318225129775972,0.7618823080957576,-0.3632167919242296,0.10556037453703705,27.321517235776913
26,13,12,51.13274883219548,4.318225129775972,0.7061188061134136,-0.2761742889557214,0.138007987109375,29.90879991148439
26,13,13,51.13274883219548,4.318225129775972,0.4076187177981153,-0.06129060975776214,0.15465625761718751,34.519174825859395
27,0,0,51.072382321236084,4.991067070772286,0.4903371892250396,-0.05127314023753182,0.15253108339843752,34.25599396167971
27,0,1,51.072382321236084,4.991067070772286,0.5132219307031287,-0.04774456511579071,0.1593860802734375,33.41885944613283
27,0,2,51.072382321236084,4.991067070772286,0.5758253353363049,-0.1005875027331891,0.155201144921875,30.891914589804706
27,0,3,51.072382321236084,4.991067070772286,0.6862754161950249,-0.16532278881738321,0.157267326171875,30.547175228867207
27,0,4,51.072382321236084,4.991067070772286,0.6853307870946339,-0.1457744324498101,0.1700984,30.74943923269533
27,0,5,51.072382321236084,4.991067070772286,0.7449388446457557,-0.2292265628211853,0.164600780859375,27.51278124312502
27,0,6,51.072382321236084,4.991067070772286,0.660849411234532,-0.16901869689147717,0.16466601601562503,29.432486808007834
27,0,7,51.072382321236084,4.991067070772286,0.4901577488698311,-0.05161176997388046,0.14511599726562502,33.74409873593752
27,0,8,51.072382321236084,4.991067070772286,0.5930530691622311,-0.12817936460762436,0.143580232421875,31.055886088320328
27,0,9,51.072382321236084,4.991067070772286,0.7723238276434602,-0.3273383224747356,0.14387275957031254,26.935175918046895
27,0,10,51.072382321236084,4.991067070772286,0.7819579933093521,-0.2997697146174557,0.1513729640625,25.95985192203127
27,0,11,51.072382321236084,4.991067070772286,0.6902561903905213,-0.23267371136904824,0.145771680859375,27.613459289257833
27,0,12,51.072382321236084,4.991067070772286,0.7971901441207334,-0.30484517457264126,0.1539471755859375,26.132748992304705
27,0,13,51.072382321236084,4.991067070772286,0.815417036722381,-0.3267301241706787,0.15751258808593752,26.138690472382834
27,1,0,51.072382321236084,4.991067070772286,0.48427022564691385,-0.03065845159822772,0.143677985546875,33.6929753039844
27,1,1,51.072382321236084,4.991067070772286,0.7097877225848295,-0.23931024484082655,0.15608230761718753,27.599707099414083
27,1,2,51.072382321236084,4.991067070772286,0.790350646735533,-0.30769082940575715,0.15876536941176472,26.573364855039387
27,1,3,51.072382321236084,4.991067070772286,0.7867005932668156,-0.2822419648489243,0.15756142714843752,27.93763044781252
27,1,4,51.072382321236084,4.991067070772286,0.71569765580548,-0.1862081747117216,0.1589938947265625,30.634508310195333
27,1,5,51.072382321236084,4.991067070772286,0.7765452731225608,-0.29773577929379413,0.16436802402343753,27.955988953671895
27,1,6,51.072382321236084,4.991067070772286,0.6468201893118439,-0.1462294136248647,0.15975206328125,29.877023006796893
27,1,7,51.072382321236084,4.991067070772286,0.548886511258643,-0.06331927378233813,0.1513846865234375,31.901011560781267
27,1,8,51.072382321236084,4.991067070772286,0.6858877793074709,-0.18822652778878346,0.1598939921875,29.329151785390643
27,1,9,51.072382321236084,4.991067070772286,0.7764246327966619,-0.30413362332443517,0.15930067714843754,26.283428932578147
27,1,10,51.072382321236084,4.991067070772286,0.8252896221038666,-0.3381195072801541,0.15711767812500002,25.20242002519533
27,1,11,51.072382321236084,4.991067070772286,0.8575069844331633,-0.39632412562809344,0.15799180546875002,24.445034859101582
27,1,12,51.072382321236084,4.991067070772286,0.8865550335003022,-0.4407541690808032,0.16053063613281252,23.914634259453145
27,1,13,51.072382321236084,4.991067070772286,0.873788927704708,-0.4080710879402904,0.15983465234375,24.12114408500002
27,2,0,51.072382321236084,4.991067070772286,0.7147241921939842,-0.23608995352501405,0.1600526421875,28.03252723355471
27,2,1,51.072382321236084,4.991067070772286,0.8239498887697719,-0.3499699269618347,0.1766345650390625,26.01459364859377
27,2,2,51.072382321236084,4.991067070772286,0.8116016136421812,-0.3357327301592912,0.16647881660079056,26.79959668332033
27,2,3,51.072382321236084,4.991067070772286,0.6996979838832286,-0.16630963826477446,0.157200346875,30.051161779648456
27,2,4,51.072382321236084,4.991067070772286,0.6838628540496181,-0.20546611107687707,0.1647017302734375,30.380353155078144
27,2,5,51.072382321236084,4.991067070772286,0.5853248117747177,-0.07086303527591573,0.1707670205078125,30.42026120890627
27,2,6,51.072382321236084,4.991067070772286,0.6226405315025046,-0.12709485368823947,0.1636213658203125,30.150518013359395
27,2,7,51.072382321236084,4.991067070772286,0.6927163325599105,-0.18720694131630625,0.1653186236328125,28.93174687800783
27,2,8,51.072382321236084,4.991067070772286,0.7010246065213165,-0.1833937599061079,0.1637992287109375,28.523139944140645
27,2,9,51.072382321236084,4.991067070772286,0.8193686119664405,-0.354429470250162,0.16352842343750001,25.80222245281252
27,2,10,51.072382321236084,4.991067070772286,0.7155573844624343,-0.22611341788177242,0.16430274082031252,27.441810597382833
27,2,11,51.072382321236084,4.991067070772286,0.8554725953958735,-0.4068141504582438,0.15775572578125002,24.551627682031267
27,2,12,51.072382321236084,4.991067070772286,0.8432304287196175,-0.3947027928579472,0.15453597714843753,24.82165793785158
27,2,13,51.072382321236084,4.991067070772286,0.8816260791557164,-0.44325615308107563,0.15401010410156252,23.596845185117203
27,3,0,51.072382321236084,4.991067070772286,0.684280524981655,-0.18457048933583325,0.1611615357421875,29.680840675273455
27,3,1,51.072382321236084,4.991067070772286,0.7207542153950453,-0.21123557892538886,0.16717753125,28.132123796796897
27,3,2,51.072382321236084,4.991067070772286,0.7069919211066586,-0.2181826778554917,0.15674109003906253,27.152705788267735
27,3,3,51.072382321236084,4.991067070772286,0.7583464698805921,-0.28067004954052294,0.14872025323886637,27.85384933358873
27,3,4,51.072382321236084,4.991067070772286,0.6317795388700052,-0.12921649600906188,0.1600346603515625,31.664193511015643
27,3,5,51.072382321236084,4.991067070772286,0.5913027943967453,-0.0682957984196154,0.166778705078125,30.00420405957033
27,3,6,51.072382321236084,4.991067070772286,0.5804359714236529,-0.08506852676691629,0.16600703203125,29.67396458035158
27,3,7,51.072382321236084,4.991067070772286,0.6471819250084919,-0.10261825790684237,0.1663779578125,29.344926748789085
27,3,8,51.072382321236084,4.991067070772286,0.8048467973140582,-0.313798571689372,0.1514958486328125,25.583716178164078
27,3,9,51.072382321236084,4.991067070772286,0.8648191503445368,-0.4149509572229429,0.16024403710937501,24.75291034027346
27,3,10,51.072382321236084,4.991067070772286,0.8097032368527937,-0.3480391721591023,0.16098373828125,26.329205032460955
27,3,11,51.072382321236084,4.991067070772286,0.7916121103943807,-0.33212220655309843,0.16802266718750003,26.93147751359377
27,3,12,51.072382321236084,4.991067070772286,0.7620632031141166,-0.29511003629442056,0.1646723841796875,27.993373547421893
27,3,13,51.072382321236084,4.991067070772286,0.7844757066105663,-0.32301405896053315,0.17138894609375,27.04093426343752
27,4,0,51.072382321236084,4.991067070772286,0.5866045915652988,-0.07526171449915994,0.165817158203125,32.310412917265644
27,4,1,51.072382321236084,4.991067070772286,0.6283420767890804,-0.11778891333912608,0.1608461283203125,30.026668194921893
27,4,2,51.072382321236084,4.991067070772286,0.8225330612114494,-0.3202468392763381,0.15093428691406252,24.89643380117189
27,4,3,51.072382321236084,4.991067070772286,0.8138338870076791,-0.331945554154902,0.16111735406504066,25.91779425406252
27,4,4,51.072382321236084,4.991067070772286,0.7671015162931679,-0.30804981031118783,0.17653488437500003,28.1453218935547
27,4,5,51.072382321236084,4.991067070772286,0.6956713926954595,-0.1993061458941427,0.17920909394531254,29.066391497890642
27,4,6,51.072382321236084,4.991067070772286,0.6969132459571046,-0.22295299184353984,0.16865055507812501,28.114773339804707
27,4,7,51.072382321236084,4.991067070772286,0.7956005134905448,-0.31246416313708103,0.1544644458984375,26.414688911562514
27,4,8,51.072382321236084,4.991067070772286,0.7869550980273097,-0.3014039438180487,0.1647381970703125,27.201067165273457
27,4,9,51.072382321236084,4.991067070772286,0.7960156229623325,-0.3309097733313623,0.1717968361328125,28.273884841132833
27,4,10,51.072382321236084,4.991067070772286,0.6222452425573406,-0.14955129859800742,0.1588908369140625,31.589524460820336
27,4,11,51.072382321236084,4.991067070772286,0.5901925338419524,-0.12944607196123042,0.15533452734375,32.599742969609395
27,4,12,51.072382321236084,4.991067070772286,0.5237782686495376,-0.06987979936629427,0.14715533945312503,34.26919205843752
27,4,13,51.072382321236084,4.991067070772286,0.6372863976398088,-0.15191248764870652,0.16080648281250004,31.888741403046893
27,5,0,51.072382321236084,4.991067070772286,0.7096875876621128,-0.19996588795180914,0.1602842921875,28.70303327410158
27,5,1,51.072382321236084,4.991067070772286,0.6270869592268946,-0.16420495916088723,0.16505865703125,29.536262434765643
27,5,2,51.072382321236084,4.991067070772286,0.8384447923202889,-0.3675574584619095,0.13640970195312502,24.984768255546896
27,5,3,51.072382321236084,4.991067070772286,0.7734864885829373,-0.3052845197481307,0.14734994594017092,26.28077454028228
27,5,4,51.072382321236084,4.991067070772286,0.7445640494776238,-0.28013264516153064,0.17701498066406252,27.828273835273453
27,5,5,51.072382321236084,4.991067070772286,0.702494326678111,-0.2535708573089606,0.1718417177734375,28.451969023789083
27,5,6,51.072382321236084,4.991067070772286,0.671068615479373,-0.23242427550272837,0.1625464373046875,29.214841714179705
27,5,7,51.072382321236084,4.991067070772286,0.7849686538050642,-0.31665629322510536,0.15942875415019764,27.143670124585
27,5,8,51.072382321236084,4.991067070772286,0.7014836874140664,-0.2190374358326172,0.16169870292968752,29.171769321523456
27,5,9,51.072382321236084,4.991067070772286,0.7057727106440238,-0.23294262623371845,0.16910355214843753,28.77340309601564
27,5,10,51.072382321236084,4.991067070772286,0.6328397489163247,-0.13423555849475452,0.16175058125000003,31.12004072152346
27,5,11,51.072382321236084,4.991067070772286,0.5616906315006723,-0.08726163851696384,0.1477168728515625,32.693771898710956
27,5,12,51.072382321236084,4.991067070772286,0.5856008960989665,-0.09168227930173575,0.1555926306640625,32.07501681722658
27,5,13,51.072382321236084,4.991067070772286,0.6081314374702391,-0.11996968294285677,0.152405266015625,31.003988261210957
27,6,0,51.072382321236084,4.991067070772286,0.8412301060130916,-0.37400326099423326,0.1591126076171875,24.84649198941408
27,6,1,51.072382321236084,4.991067070772286,0.7416618494156384,-0.23944026322350853,0.16023815546875,27.291431069023453
27,6,2,51.072382321236084,4.991067070772286,0.6977907710873805,-0.19731690450435047,0.148706541796875,27.389271891523457
27,6,3,51.072382321236084,4.991067070772286,0.7437895853070678,-0.28298303127090274,0.133071894140625,27.067704302890643
27,6,4,51.072382321236084,4.991067070772286,0.8182719744690407,-0.3344405256422745,0.153273991796875,26.19538821429689
27,6,5,51.072382321236084,4.991067070772286,0.6697113334968023,-0.18568053286099753,0.1499736421875,30.645576820273455
27,6,6,51.072382321236084,4.991067070772286,0.593345450210188,-0.12960899045752758,0.14959093945312502,32.65097989050784
27,6,7,51.072382321236084,4.991067070772286,0.5626987914147766,-0.07773654899077133,0.1522029373046875,32.15967289460939
27,6,8,51.072382321236084,4.991067070772286,0.7806570576871041,-0.2927254303070141,0.158606922265625,27.14369516550783
27,6,9,51.072382321236084,4.991067070772286,0.839138101872791,-0.3879084564315888,0.1566626408203125,25.37384841500002
27,6,10,51.072382321236084,4.991067070772286,0.7793953224371083,-0.3024776532763449,0.153941830078125,26.696935918554708
27,6,11,51.072382321236084,4.991067070772286,0.7370120089117287,-0.2864103174043841,0.15652603828125,27.11063650332033
27,6,12,51.072382321236084,4.991067070772286,0.8081469974042209,-0.3287103663586581,0.14303129921875002,25.58696730265627
27,6,13,51.072382321236084,4.991067070772286,0.7511676036471565,-0.2579063914513572,0.1547651482421875,27.486344994687517
27,7,0,51.072382321236084,4.991067070772286,0.6792233864374748,-0.19161192153914375,0.165041301953125,28.51382049898439
27,7,1,51.072382321236084,4.991067070772286,0.6529724224943563,-0.13200051754657544,0.16542757441406253,29.777533256679707
27,7,2,51.072382321236084,4.991067070772286,0.6152975004863528,-0.0833051310310273,0.15571865722656253,29.712637607421893
27,7,3,51.072382321236084,4.991067070772286,0.4902823181510183,-0.06318846304118522,0.16515497109375002,33.009451413828145
27,7,4,51.072382321236084,4.991067070772286,0.6003554454767054,-0.11602831782057822,0.15740911796875,30.758591782343764
27,7,5,51.072382321236084,4.991067070772286,0.45812431759403305,-0.0019191117156792479,0.145896855078125,35.42316768183595
27,7,6,51.072382321236084,4.991067070772286,0.4889866515633787,-0.03443712233081133,0.1349282140625,35.895922573085954
27,7,7,51.072382321236084,4.991067070772286,0.5663077528236472,-0.10288273374930428,0.149105498046875,33.11678525281252
27,7,8,51.072382321236084,4.991067070772286,0.6505968465276541,-0.16785745707517125,0.16499516210937498,30.040313571640645
27,7,9,51.072382321236084,4.991067070772286,0.6954741551539328,-0.1769220291327967,0.162429031640625,28.32353959261721
27,7,10,51.072382321236084,4.991067070772286,0.8290227825234038,-0.3888731474501849,0.14669023470588236,25.32442064140627
27,7,11,51.072382321236084,4.991067070772286,0.7636424617099525,-0.28764605891950223,0.15559523431372552,26.953227336171892
27,7,12,51.072382321236084,4.991067070772286,0.7260891264971434,-0.2226281641107472,0.1549799943359375,28.137911733007833
27,7,13,51.072382321236084,4.991067070772286,0.5721410830223033,-0.07966355727194636,0.15012839492187502,31.819259465234396
27,8,0,51.072382321236084,4.991067070772286,0.7931279392351458,-0.33816973595799293,0.16227781308593753,25.28485973023439
27,8,1,51.072382321236084,4.991067070772286,0.6653978250260446,-0.16508631026571757,0.16222046015625002,27.77364559765627
27,8,2,51.072382321236084,4.991067070772286,0.6507558321290078,-0.16805550638416722,0.1626069353515625,30.379752331250018
27,8,3,51.072382321236084,4.991067070772286,0.6711340059229377,-0.20739201079594388,0.16103910566406254,30.354150560351584
27,8,4,51.072382321236084,4.991067070772286,0.6001862157152313,-0.1012444494313938,0.1560765876953125,32.11875679191408
27,8,5,51.072382321236084,4.991067070772286,0.5025263705643261,-0.03276384954129185,0.1481287560546875,34.605920435000016
27,8,6,51.072382321236084,4.991067070772286,0.4658983845674206,-0.012354709896576698,0.143798065234375,34.98880543320314
27,8,7,51.072382321236084,4.991067070772286,0.49519462630265837,-0.03143984686034168,0.141776212109375,34.37485694234377
27,8,8,51.072382321236084,4.991067070772286,0.6921184477196565,-0.21635974780830586,0.16197870234375,30.383504142265643
27,8,9,51.072382321236084,4.991067070772286,0.6144590421791661,-0.13795468130270258,0.1602036654296875,30.640182757460956
27,8,10,51.072382321236084,4.991067070772286,0.6189597664050693,-0.1119144401717043,0.154869882421875,30.37804999707033
27,8,11,51.072382321236084,4.991067070772286,0.6572802905187541,-0.16837896743797492,0.1644926890625,30.307613416953146
27,8,12,51.072382321236084,4.991067070772286,0.7405620359015364,-0.27957225031110766,0.16489505625,28.175443194804707
27,8,13,51.072382321236084,4.991067070772286,0.6029165690931664,-0.10187788405043754,0.14996533085937502,31.664440516367208
27,9,0,51.072382321236084,4.991067070772286,0.8698648902006507,-0.424586759850335,0.14890963007812502,23.214901477578145
27,9,1,51.072382321236084,4.991067070772286,0.870677250083819,-0.4229415342739053,0.1502975658203125,23.169766256445328
27,9,2,51.072382321236084,4.991067070772286,0.7807192541769422,-0.32269366056867144,0.1625020794921875,28.112176445703145
27,9,3,51.072382321236084,4.991067070772286,0.6304342194858348,-0.15426827973204804,0.16363402968750002,29.985852229531268
27,9,4,51.072382321236084,4.991067070772286,0.6931245217559445,-0.21415507276611306,0.1598394916015625,29.08066440171877
27,9,5,51.072382321236084,4.991067070772286,0.7225084686165157,-0.23333179816961885,0.157928251953125,28.617676235585954
27,9,6,51.072382321236084,4.991067070772286,0.796723124758796,-0.33208369284917505,0.1467262125,26.35055430582033
27,9,7,51.072382321236084,4.991067070772286,0.7575099647817646,-0.2760287761922644,0.15858867480468752,28.736926413828144
27,9,8,51.072382321236084,4.991067070772286,0.7863807760596285,-0.3248313989510374,0.15895626640625,27.918096997578147
27,9,9,51.072382321236084,4.991067070772286,0.7715928121698834,-0.3260831547760603,0.16655329062500002,28.06404378125002
27,9,10,51.072382321236084,4.991067070772286,0.7387377153930066,-0.2360947429256891,0.1596427943359375,28.314407070429706
27,9,11,51.072382321236084,4.991067070772286,0.750707086024478,-0.2493154263858698,0.154412544921875,27.743537648046896
27,9,12,51.072382321236084,4.991067070772286,0.7110789818999373,-0.18357449658535419,0.16085328144531252,28.634752983945333
27,9,13,51.072382321236084,4.991067070772286,0.7073193754003128,-0.2209099381155365,0.1686025419921875,28.47554134531252
27,10,0,51.072382321236084,4.991067070772286,0.7805217311629873,-0.30074536836547056,0.1524371990234375,25.19154511390627
27,10,1,51.072382321236084,4.991067070772286,0.8325204626139849,-0.36588141861802603,0.15575865156250002,23.928980597304705
27,10,2,51.072382321236084,4.991067070772286,0.7689020262086239,-0.2832485971626481,0.16336250390625,26.98304154968752
27,10,3,51.072382321236084,4.991067070772286,0.7186093155400619,-0.20337539366879928,0.16714087421875,28.14848623238283
27,10,4,51.072382321236084,4.991067070772286,0.825716947491135,-0.34949194042423776,0.1541035330078125,26.407312130117205
27,10,5,51.072382321236084,4.991067070772286,0.7017759366385481,-0.2357051679004112,0.15700141621093752,29.916623972890644
27,10,6,51.072382321236084,4.991067070772286,0.74483738483645,-0.2561494377018739,0.15840479765625,28.603863963359395
27,10,7,51.072382321236084,4.991067070772286,0.6705295755977176,-0.19158117079561002,0.15769928359375002,30.434734387343767
27,10,8,51.072382321236084,4.991067070772286,0.744446190209291,-0.2574136996742117,0.1584012826171875,28.500622402226583
27,10,9,51.072382321236084,4.991067070772286,0.7367834794329932,-0.2594571308249845,0.16998181445312502,28.597808994335956
27,10,10,51.072382321236084,4.991067070772286,0.778468397723699,-0.30779048973372264,0.1358368515625,25.873486834648453
27,10,11,51.072382321236084,4.991067070772286,0.8266625443249412,-0.39429405389913674,0.12542957402343752,24.379217946640644
27,10,12,51.072382321236084,4.991067070772286,0.7072817400210787,-0.2031067432703465,0.15301726601562501,28.814759802851583
27,10,13,51.072382321236084,4.991067070772286,0.7742196966388778,-0.2837597752561994,0.16014072539062502,27.877294383828144
27,11,0,51.072382321236084,4.991067070772286,0.6773767025959169,-0.15676383951396916,0.150527069140625,26.932866084218766
27,11,1,51.072382321236084,4.991067070772286,0.6478373835914252,-0.1067543931768476,0.16574670253906248,27.83492962812502
27,11,2,51.072382321236084,4.991067070772286,0.6840836073063725,-0.1577490477973131,0.16201478730468752,29.00053453050783
27,11,3,51.072382321236084,4.991067070772286,0.679957098541448,-0.19852882930663165,0.151113833203125,29.535494715429707
27,11,4,51.072382321236084,4.991067070772286,0.7162434311490772,-0.2524794381342421,0.1369910791015625,28.760725713242202
27,11,5,51.072382321236084,4.991067070772286,0.5391113075236309,-0.07298677793646824,0.1413407681640625,33.30590456644533
27,11,6,51.072382321236084,4.991067070772286,0.6405063203662265,-0.152174220683834,0.1488917611328125,30.94327835128908
27,11,7,51.072382321236084,4.991067070772286,0.6543445045187474,-0.16538079616512505,0.15648433261718747,31.092522990195334
27,11,8,51.072382321236084,4.991067070772286,0.5797264538159521,-0.13065632075498568,0.1572407833984375,30.875865917773456
27,11,9,51.072382321236084,4.991067070772286,0.7086273470961892,-0.2193296971796131,0.13717722812500002,28.093671071796894
27,11,10,51.072382321236084,4.991067070772286,0.6669876891343063,-0.196466758850658,0.1420653310546875,26.212965649179708
27,11,11,51.072382321236084,4.991067070772286,0.8504716361669782,-0.41394119124420414,0.11996119550781251,24.041528251953142
27,11,12,51.072382321236084,4.991067070772286,0.8305603513762849,-0.3911242508022959,0.11704056914062502,24.321845946875015
27,11,13,51.072382321236084,4.991067070772286,0.7896838359462817,-0.35467359264549286,0.1259805509765625,25.51773904601564
27,12,0,51.072382321236084,4.991067070772286,0.6800497647039744,-0.21970888300050648,0.151952323046875,27.94673626671877
27,12,1,51.072382321236084,4.991067070772286,0.6230502538866851,-0.08437344157257307,0.156465309765625,28.92352226738283
27,12,2,51.072382321236084,4.991067070772286,0.5498513426351102,-0.02591004842398115,0.16555812343749998,29.420049754765643
27,12,3,51.072382321236084,4.991067070772286,0.7210186866179475,-0.23059555005106666,0.156095112109375,28.94854324191408
27,12,4,51.072382321236084,4.991067070772286,0.7610155165760975,-0.2942364762394387,0.14069448710937502,27.330991980195336
27,12,5,51.072382321236084,4.991067070772286,0.7690060814640063,-0.30643843518745517,0.1389770685546875,27.066849797890647
27,12,6,51.072382321236084,4.991067070772286,0.7582686204927103,-0.28181890240309454,0.14365513750000003,27.118533998750017
27,12,7,51.072382321236084,4.991067070772286,0.7968944774218611,-0.35423732400343283,0.11769281054687501,25.592928810195332
27,12,8,51.072382321236084,4.991067070772286,0.8184193148553094,-0.37428418557700227,0.11470874316406252,24.458633505078144
27,12,9,51.072382321236084,4.991067070772286,0.8360477868613241,-0.3784867094442158,0.1219436349609375,24.57135473105471
27,12,10,51.072382321236084,4.991067070772286,0.84939362595463,-0.39852716830276036,0.1272731158203125,23.84863709984377
27,12,11,51.072382321236084,4.991067070772286,0.8208420993699882,-0.3467355404230455,0.124678147265625,25.06062560175783
27,12,12,51.072382321236084,4.991067070772286,0.8212813175389435,-0.3762466669879225,0.11801642109375,24.690224387539082
27,12,13,51.072382321236084,4.991067070772286,0.8064513715846303,-0.36875645990862854,0.16089887421875,27.342601231718774
27,13,0,51.072382321236084,4.991067070772286,0.5925556718481761,-0.09177195714047132,0.1662948642578125,31.01903556019533
27,13,1,51.072382321236084,4.991067070772286,0.7072177816550258,-0.23641438525601458,0.15390120625,28.399056471992207
27,13,2,51.072382321236084,4.991067070772286,0.6713689718222831,-0.16679841264240167,0.1613336068359375,28.635507351640644
27,13,3,51.072382321236084,4.991067070772286,0.7315745450563224,-0.25687726656416476,0.14766775136718752,28.04412313343752
27,13,4,51.072382321236084,4.991067070772286,0.7500910697953598,-0.2993525981797841,0.12866934140625003,26.81865615031252
27,13,5,51.072382321236084,4.991067070772286,0.8184960191275616,-0.3591884733621866,0.12724533984375003,25.70721217812502
27,13,6,51.072382321236084,4.991067070772286,0.8002834640603689,-0.3529721202770797,0.113153175390625,25.93597918859377
27,13,7,51.072382321236084,4.991067070772286,0.7793289405666162,-0.3130310163000957,0.11837176289062501,27.095909643710954
27,13,8,51.072382321236084,4.991067070772286,0.72497995896545,-0.19256771096284914,0.13893962480468752,28.806174697929706
27,13,9,51.072382321236084,4.991067070772286,0.7496570399418323,-0.3199082492234096,0.125865956640625,25.787095043984394
27,13,10,51.072382321236084,4.991067070772286,0.8370071939923629,-0.3791202741120734,0.13623304609375003,24.77255060363283
27,13,11,51.072382321236084,4.991067070772286,0.8300595993228084,-0.3832949011555947,0.12916771796875,23.986192377382828
27,13,12,51.072382321236084,4.991067070772286,0.8169502519204183,-0.345363693955649,0.137959981640625,25.53570367847658
27,13,13,51.072382321236084,4.991067070772286,0.6891394482285274,-0.19270921019786724,0.1585463271484375,28.757901841250018
28,0,0,50.770549766439096,5.087187348057474,0.5311067431508912,-0.13409925467330144,0.19135212597656254,32.68639511726565
28,0,1,50.770549766439096,5.087187348057474,0.5989343951156327,-0.20137428076681646,0.185921496484375,28.213194958671895
28,0,2,50.770549766439096,5.087187348057474,0.7230491073481651,-0.30650610287537117,0.1717004857421875,28.240732717460958
28,0,3,50.770549766439096,5.087187348057474,0.8464012305791853,-0.4518918418297384,0.19714623593750003,26.757512312070332
28,0,4,50.770549766439096,5.087187348057474,0.7240966633828132,-0.35344477661895474,0.1948769759765625,27.60954725855471
28,0,5,50.770549766439096,5.087187348057474,0.4113695377621257,-0.052217694685376334,0.1959650755859375,27.64709874781252
28,0,6,50.770549766439096,5.087187348057474,0.7217996446060666,-0.30205803094619,0.1725385791015625,28.173306932304705
28,0,7,50.770549766439096,5.087187348057474,0.6483242900271122,-0.22793931967508965,0.17543221718750002,28.399977735195332
28,0,8,50.770549766439096,5.087187348057474,0.6846339219216468,-0.2665294443455478,0.1777098716796875,28.51428780640627
28,0,9,50.770549766439096,5.087187348057474,0.5926429244818614,-0.14297163754841702,0.17296946484375,29.933360254414083
28,0,10,50.770549766439096,5.087187348057474,0.6501777555375172,-0.22161594311220761,0.18647518300781252,29.338471230546897
28,0,11,50.770549766439096,5.087187348057474,0.6838393263544642,-0.24997046498510406,0.1718830646484375,28.693633719101584
28,0,12,50.770549766439096,5.087187348057474,0.7184068783397332,-0.3539804745011307,0.214082158984375,28.608410196992207
28,0,13,50.770549766439096,5.087187348057474,0.40046166808426475,-0.04487921585761981,0.21660682246093751,30.94327835128908
28,1,0,50.770549766439096,5.087187348057474,0.5230201117447957,-0.1378492084167494,0.1917259205078125,32.99969136453127
28,1,1,50.770549766439096,5.087187348057474,0.7178438805747741,-0.2981382167652293,0.171433562109375,30.06475374980471
28,1,2,50.770549766439096,5.087187348057474,0.6096082630744197,-0.2149820495114624,0.187106310546875,31.35376119066408
28,1,3,50.770549766439096,5.087187348057474,0.6715014319849333,-0.289615247366922,0.20915432226562503,30.258906631953145
28,1,4,50.770549766439096,5.087187348057474,0.5680223328368899,-0.20902781486542227,0.2061346439453125,28.435186011523456
28,1,5,50.770549766439096,5.087187348057474,0.5743333727195873,-0.20949358827321174,0.1930565544921875,27.490303756132832
28,1,6,50.770549766439096,5.087187348057474,0.7103236652163432,-0.29679835018682266,0.19555986230468753,28.865115515468766
28,1,7,50.770549766439096,5.087187348057474,0.7560856774948208,-0.3523659570612934,0.1850770625,27.398551281757832
28,1,8,50.770549766439096,5.087187348057474,0.6402259878494343,-0.22148953866206633,0.1826866697265625,29.639357127851582
28,1,9,50.770549766439096,5.087187348057474,0.6471579895655905,-0.21072908357090658,0.1735070892578125,29.904587468867206
28,1,10,50.770549766439096,5.087187348057474,0.6800390189184355,-0.25619187590798387,0.1752260521484375,29.97195984746096
28,1,11,50.770549766439096,5.087187348057474,0.6531613904543874,-0.21592026583218663,0.18291234296875,29.284797635234394
28,1,12,50.770549766439096,5.087187348057474,0.7092233236111946,-0.2746040672297255,0.17644397128906253,28.92063831300783
28,1,13,50.770549766439096,5.087187348057474,0.4042623810682287,-0.06431126217727005,0.20874870917968752,31.97132130031252
28,2,0,50.770549766439096,5.087187348057474,0.6701907456912126,-0.2675787094773141,0.18363989824218752,31.551819427695335
28,2,1,50.770549766439096,5.087187348057474,0.5911346067311813,-0.16478414095415356,0.18668502792968752,32.81911042507814
28,2,2,50.770549766439096,5.087187348057474,0.501920226637911,-0.10350049631181948,0.191448411328125,33.34059880460939
28,2,3,50.770549766439096,5.087187348057474,0.49968884283510473,-0.14094064870859113,0.19995830937500003,32.53031443835939
28,2,4,50.770549766439096,5.087187348057474,0.4600787526624789,-0.10062301393077422,0.221274793359375,31.913468641484396
28,2,5,50.770549766439096,5.087187348057474,0.5034211074856929,-0.14856635108002253,0.2005849150390625,28.873346801914078
28,2,6,50.770549766439096,5.087187348057474,0.5003363998612147,-0.10232456635011095,0.19199327597656252,28.632676803828144
28,2,7,50.770549766439096,5.087187348057474,0.5101811552568758,-0.14755397080196384,0.185883858984375,27.46161775625002
28,2,8,50.770549766439096,5.087187348057474,0.7321818252728183,-0.35673736778468307,0.196278441796875,29.494371662304705
28,2,9,50.770549766439096,5.087187348057474,0.7308158983914704,-0.29208494685283437,0.18141217421875,29.67730249050783
28,2,10,50.770549766439096,5.087187348057474,0.4174288845828323,-0.05611815928281068,0.21716812246093753,34.004929711367204
28,2,11,50.770549766439096,5.087187348057474,0.46700898871084195,-0.05248628165303604,0.19147226328125003,31.777649077226584
28,2,12,50.770549766439096,5.087187348057474,0.5884632383514127,-0.1372073221067555,0.1694317095703125,31.16870745160158
28,2,13,50.770549766439096,5.087187348057474,0.6795753560792603,-0.28991510735889,0.20093446816406252,29.67735589707033
28,3,0,50.770549766439096,5.087187348057474,0.5700950305339452,-0.18368055953430762,0.19017331250000002,32.09491076175783
28,3,1,50.770549766439096,5.087187348057474,0.6507029319832585,-0.271727510809814,0.20442879511718753,32.2625940163672
28,3,2,50.770549766439096,5.087187348057474,0.5240197312630641,-0.19133172748890107,0.21039955585937503,31.835822175429705
28,3,3,50.770549766439096,5.087187348057474,0.5039622896939304,-0.19701751120321695,0.20940190527343752,32.03325956117189
28,3,4,50.770549766439096,5.087187348057474,0.44573125024619964,-0.09694953158822506,0.20960383222656248,31.872432374023457
28,3,5,50.770549766439096,5.087187348057474,0.47197041305206644,-0.11680560078588967,0.203044491015625,30.37898461191408
28,3,6,50.770549766439096,5.087187348057474,0.5111783361472833,-0.11554068109958886,0.18075783515625002,30.008082711171895
28,3,7,50.770549766439096,5.087187348057474,0.6685536622409086,-0.27257941662641777,0.17583285781250002,28.45247638613283
28,3,8,50.770549766439096,5.087187348057474,0.7105877094860147,-0.2931587212628781,0.176190679296875,28.612368958437518
28,3,9,50.770549766439096,5.087187348057474,0.49271185934729544,-0.12057245154133099,0.17863336640625,31.639466272578147
28,3,10,50.770549766439096,5.087187348057474,0.46367413502299204,-0.10204921818566713,0.19238686464843752,32.13013238972658
28,3,11,50.770549766439096,5.087187348057474,0.6037510384251239,-0.17255994725494156,0.17824316582031252,30.469288433281267
28,3,12,50.770549766439096,5.087187348057474,0.6440017577522733,-0.18656738149815943,0.15838405468750003,31.091568347890643
28,3,13,50.770549766439096,5.087187348057474,0.5954781225579944,-0.1121286716793233,0.16841596132812503,31.577674879765645
28,4,0,50.770549766439096,5.087187348057474,0.42069008090474,-0.10362824300015014,0.21316010859375,34.709635979375015
28,4,1,50.770549766439096,5.087187348057474,0.6606333686553162,-0.3339891422988387,0.212711249609375,30.844382749179704
28,4,2,50.770549766439096,5.087187348057474,0.7049396448628569,-0.33776500238524404,0.202345012109375,30.277665687031273
28,4,3,50.770549766439096,5.087187348057474,0.6399745291596686,-0.27313134189714794,0.20430342871093748,30.26118976250002
28,4,4,50.770549766439096,5.087187348057474,0.7260765509364279,-0.35987390455893264,0.20711827949218753,29.882917756132827
28,4,5,50.770549766439096,5.087187348057474,0.6451012539303046,-0.22184777149626364,0.17988323242187504,30.624107382148456
28,4,6,50.770549766439096,5.087187348057474,0.52929262153056,-0.13382050733931505,0.1873870783203125,32.25452962542971
28,4,7,50.770549766439096,5.087187348057474,0.6834382227871083,-0.30323935884530234,0.19667948359375,29.676034084648457
28,4,8,50.770549766439096,5.087187348057474,0.6036923834474283,-0.23018702147463155,0.197807966796875,30.741635198750018
28,4,9,50.770549766439096,5.087187348057474,0.5696761456500339,-0.22805231059561581,0.2074075970703125,30.78869305613283
28,4,10,50.770549766439096,5.087187348057474,0.5839126106369779,-0.19583854646711052,0.19165332265625,30.12005624527346
28,4,11,50.770549766439096,5.087187348057474,0.71450352824667,-0.28396847912576684,0.17300556386718752,28.87516930085939
28,4,12,50.770549766439096,5.087187348057474,0.545021923393308,-0.06866732786746826,0.1632239083984375,33.98523604144533
28,4,13,50.770549766439096,5.087187348057474,0.5263889442154577,-0.08166656385682848,0.15545509941406252,33.36692156410158
28,5,0,50.770549766439096,5.087187348057474,0.42427636783749634,-0.06833215124242482,0.20686410761718754,33.859510317500025
28,5,1,50.770549766439096,5.087187348057474,0.49070881417792334,-0.1285327199626375,0.19304596171875002,32.71016103757814
28,5,2,50.770549766439096,5.087187348057474,0.531312646588983,-0.1463610341273146,0.1896406896484375,32.27937035281252
28,5,3,50.770549766439096,5.087187348057474,0.7730363720778692,-0.4071615300068514,0.19486323867187502,28.80365791367189
28,5,4,50.770549766439096,5.087187348057474,0.6935169324717524,-0.295305828429155,0.1927602228515625,29.18064148671877
28,5,5,50.770549766439096,5.087187348057474,0.5647134271262628,-0.11472953014366133,0.1628469595703125,32.01661006531252
28,5,6,50.770549766439096,5.087187348057474,0.5985729067177661,-0.19362860315727526,0.19098500253906253,31.12416637847658
28,5,7,50.770549766439096,5.087187348057474,0.6703279485463706,-0.26430177400865884,0.20604199316406252,30.999448703398453
28,5,8,50.770549766439096,5.087187348057474,0.5761347300390474,-0.16774577293765897,0.18323333730468752,30.531460347851578
28,5,9,50.770549766439096,5.087187348057474,0.625037878927182,-0.27457219786363074,0.2052107734375,29.34905908156252
28,5,10,50.770549766439096,5.087187348057474,0.5954037888528749,-0.24232306755979016,0.20852973496093752,29.940997392851585
28,5,11,50.770549766439096,5.087187348057474,0.6319155100149614,-0.19769504243941438,0.179930588671875,29.26772088687502
28,5,12,50.770549766439096,5.087187348057474,0.5769756369775106,-0.12788103396022013,0.17337058593750002,31.648945937421892
28,5,13,50.770549766439096,5.087187348057474,0.48456622350862366,-0.05589643036583071,0.15865485410156252,34.241200343867206
28,6,0,50.770549766439096,5.087187348057474,0.5161509528982446,-0.11750904049188678,0.1911330048828125,31.894482608515645
28,6,1,50.770549766439096,5.087187348057474,0.5262998902382082,-0.1504036364843736,0.2080375283203125,32.246531992695324
28,6,2,50.770549766439096,5.087187348057474,0.7231909734222579,-0.2643001355151732,0.16263299609375,28.172138663750022
28,6,3,50.770549766439096,5.087187348057474,0.8064803805503012,-0.41321499619030455,0.19110981484375,28.02590481980471
28,6,4,50.770549766439096,5.087187348057474,0.6508051471554965,-0.26054868243702156,0.2064974796875,31.152004549179708
28,6,5,50.770549766439096,5.087187348057474,0.5627409294252954,-0.15485930265273412,0.19210218203125,29.31234874566408
28,6,6,50.770549766439096,5.087187348057474,0.560428524213153,-0.17066728393797215,0.191386163671875,31.58993836167971
28,6,7,50.770549766439096,5.087187348057474,0.47904659909227937,-0.1463717966309217,0.21697937773437503,31.176791870000017
28,6,8,50.770549766439096,5.087187348057474,0.695580268037791,-0.32405884278047525,0.19605717363281253,29.89965403765627
28,6,9,50.770549766439096,5.087187348057474,0.6002167998749911,-0.22225882713571515,0.20707294765625,30.99111060382814
28,6,10,50.770549766439096,5.087187348057474,0.6327095330170148,-0.21614983511494382,0.18453041464843753,29.817975376132832
28,6,11,50.770549766439096,5.087187348057474,0.7866750108863994,-0.3214473510180476,0.1754545982421875,27.976096524453148
28,6,12,50.770549766439096,5.087187348057474,0.7229999050226231,-0.28595698147028004,0.17581184746093753,28.46280388015627
28,6,13,50.770549766439096,5.087187348057474,0.6011905315397477,-0.13539925345724685,0.1724143390625,31.832697891523456
28,7,0,50.770549766439096,5.087187348057474,0.5013019693347905,-0.07939573023413271,0.1691827283203125,33.20911852355471
28,7,1,50.770549766439096,5.087187348057474,0.4059146553492692,-0.023722923573333162,0.1971086875,31.666089443984397
28,7,2,50.770549766439096,5.087187348057474,0.6577464507939401,-0.20931966161036614,0.1758775892578125,29.17132871738283
28,7,3,50.770549766439096,5.087187348057474,0.644584993143665,-0.3016712811040722,0.21059315078125002,30.42534150816408
28,7,4,50.770549766439096,5.087187348057474,0.534326770162866,-0.18473937495440285,0.205806735546875,30.962044082187518
28,7,5,50.770549766439096,5.087187348057474,0.639145503687893,-0.2028462918724331,0.178539758203125,29.901830355078147
28,7,6,50.770549766439096,5.087187348057474,0.526354894070083,-0.15894499423568756,0.18430194453125,28.259291497929706
28,7,7,50.770549766439096,5.087187348057474,0.48821946519086346,-0.06043011630491453,0.170770950390625,33.29211232167971
28,7,8,50.770549766439096,5.087187348057474,0.5995706885918004,-0.18151523242769155,0.16412942421875004,31.36804077031252
28,7,9,50.770549766439096,5.087187348057474,0.5747111862740912,-0.20589872194745476,0.1952157962890625,29.466139618203144
28,7,10,50.770549766439096,5.087187348057474,0.7127898850730262,-0.29353350831606595,0.18098509667968754,28.893888301015643
28,7,11,50.770549766439096,5.087187348057474,0.7432448605545493,-0.31577615614333965,0.20249210800781253,28.934570750000017
28,7,12,50.770549766439096,5.087187348057474,0.6025221606314956,-0.2676901819058842,0.1996047083984375,30.384832630507837
28,7,13,50.770549766439096,5.087187348057474,0.5050665029867721,-0.17269670546692245,0.20788381328125,33.4819726513672
28,8,0,50.770549766439096,5.087187348057474,0.645359913474539,-0.21871851813055285,0.17660836367187502,30.675190759179706
28,8,1,50.770549766439096,5.087187348057474,0.4704335512621788,-0.13817929474460627,0.1953283669921875,29.774322187109394
28,8,2,50.770549766439096,5.087187348057474,0.3396283775706207,0.006066305671260699,0.2083385548828125,32.78472995046877
28,8,3,50.770549766439096,5.087187348057474,0.6272738874100254,-0.2394039908296555,0.18511323515625,30.36728857472658
28,8,4,50.770549766439096,5.087187348057474,0.691592469610862,-0.2677836951292808,0.1850689490234375,30.43560224398439
28,8,5,50.770549766439096,5.087187348057474,0.6636343060156706,-0.22989291100140802,0.175509571875,31.221753519804707
28,8,6,50.770549766439096,5.087187348057474,0.7177533155454031,-0.32654318698827217,0.17072590605468752,28.44005268453127
28,8,7,50.770549766439096,5.087187348057474,0.5603457221441744,-0.13666355632021787,0.16173235859375001,31.879769100546895
28,8,8,50.770549766439096,5.087187348057474,0.4935630320830601,-0.07294447639040144,0.1701304884765625,33.03087412121096
28,8,9,50.770549766439096,5.087187348057474,0.4636770251671074,-0.032390138700696194,0.185773430859375,33.161299622656266
28,8,10,50.770549766439096,5.087187348057474,0.4649891507721573,-0.14977491700418594,0.21473141308593752,31.08120747476564
28,8,11,50.770549766439096,5.087187348057474,0.6515931946325403,-0.2566857440191821,0.19723032265625,30.23887249519533
28,8,12,50.770549766439096,5.087187348057474,0.6103191217548747,-0.26883478766392194,0.20050627265624998,30.893056155078142
28,8,13,50.770549766439096,5.087187348057474,0.40440182615462916,-0.07450765928679236,0.20923475292968752,34.94031895027346
28,9,0,50.770549766439096,5.087187348057474,0.6173599360391061,-0.21528524185198017,0.193022546875,31.486816965312517
28,9,1,50.770549766439096,5.087187348057474,0.5011576240239037,-0.1563297906701855,0.19314525937500002,31.15686454636721
28,9,2,50.770549766439096,5.087187348057474,0.5350277832675827,-0.179327176645933,0.19873570820312503,33.234293041953144
28,9,3,50.770549766439096,5.087187348057474,0.7533287917115595,-0.4324389767126366,0.2107093796875,30.08188390472658
28,9,4,50.770549766439096,5.087187348057474,0.3966694491774319,-0.06416852736455318,0.184704511328125,35.50882513226564
28,9,5,50.770549766439096,5.087187348057474,0.5594444334820142,-0.14670387888497366,0.16807742011718751,34.17474922847658
28,9,6,50.770549766439096,5.087187348057474,0.5294625969875745,-0.13648953717073503,0.16640958417968751,32.95669240589846
28,9,7,50.770549766439096,5.087187348057474,0.5085567037137135,-0.13650393874360112,0.18211335449218752,31.26035978867189
28,9,8,50.770549766439096,5.087187348057474,0.38693726241293813,-0.043265023629182636,0.2022474783203125,31.176164342890644
28,9,9,50.770549766439096,5.087187348057474,0.37062857575577873,-0.04606988412677708,0.20412506875000003,33.28440842503908
28,9,10,50.770549766439096,5.087187348057474,0.46898665872661854,-0.14873981108446147,0.22484365449218752,32.036210273750015
28,9,11,50.770549766439096,5.087187348057474,0.6228691193683751,-0.25059096801314135,0.20397023984375,30.471458074882833
28,9,12,50.770549766439096,5.087187348057474,0.5718988177798816,-0.17928707388596438,0.196634212890625,31.601954838242207
28,9,13,50.770549766439096,5.087187348057474,0.5102535717173706,-0.12900670745224815,0.21776605625000006,32.35693670902346
28,10,0,50.770549766439096,5.087187348057474,0.6666542550430467,-0.2503452332508287,0.19811917148437502,30.969160506640645
28,10,1,50.770549766439096,5.087187348057474,0.5171461111887772,-0.10091996709713891,0.18091471816406252,33.46766636843752
28,10,2,50.770549766439096,5.087187348057474,0.3599295466057934,-0.027399888666799068,0.21575700351562502,33.97990873683597
28,10,3,50.770549766439096,5.087187348057474,0.5935127734241135,-0.2187532686513246,0.1710592205078125,34.684641708125014
28,10,4,50.770549766439096,5.087187348057474,0.4122770270968601,-0.019192216279681748,0.188544020703125,35.4273534211719
28,10,5,50.770549766439096,5.087187348057474,0.5191826210977297,-0.09314352288828731,0.15154371738281253,35.00373256742189
28,10,6,50.770549766439096,5.087187348057474,0.4513167397951208,-0.06001986761843978,0.14467843515625,35.804303615117206
28,10,7,50.770549766439096,5.087187348057474,0.5696248402657422,-0.15027662738628628,0.1600999005859375,33.722335561718765
28,10,8,50.770549766439096,5.087187348057474,0.4273885863882608,-0.0969317051581346,0.2125559041015625,33.300356959765644
28,10,9,50.770549766439096,5.087187348057474,0.5791790708610848,-0.25404772462323655,0.2085283849609375,30.719531557695333
28,10,10,50.770549766439096,5.087187348057474,0.38504266539251375,-0.03055247048460889,0.207311900390625,34.75501820585939
28,10,11,50.770549766439096,5.087187348057474,0.4803261246558649,-0.09667949853235398,0.20492613964843753,32.02448085746096
28,10,12,50.770549766439096,5.087187348057474,0.5794428306228834,-0.2517105731372604,0.18623610625,30.70906387144533
28,10,13,50.770549766439096,5.087187348057474,0.5831595375182947,-0.18604853121172432,0.18982400312500003,32.4572075301172
28,11,0,50.770549766439096,5.087187348057474,0.5395562902071209,-0.13893401789283377,0.192618888671875,31.392220591484392
28,11,1,50.770549766439096,5.087187348057474,0.6006851696802662,-0.1655018341159818,0.1806872505859375,31.544689651601583
28,11,2,50.770549766439096,5.087187348057474,0.3942714841626642,-0.06584115037793123,0.2039200994140625,32.47123342859377
28,11,3,50.770549766439096,5.087187348057474,0.4092890614288084,-0.07358935987327486,0.17286869355468754,34.96851093945315
28,11,4,50.770549766439096,5.087187348057474,0.5008493881296244,-0.11712434547665071,0.1602045091796875,34.90466339398439
28,11,5,50.770549766439096,5.087187348057474,0.5506672581721486,-0.1358173567637782,0.1498642134765625,35.09776817234377
28,11,6,50.770549766439096,5.087187348057474,0.4919753945025314,-0.0880462293424264,0.1406410501953125,36.150151162226585
28,11,7,50.770549766439096,5.087187348057474,0.5224699982290094,-0.10267772227433133,0.1555590765625,35.12071964257814
28,11,8,50.770549766439096,5.087187348057474,0.5356687732652949,-0.19177253588150317,0.18706128125,33.03732296363283
28,11,9,50.770549766439096,5.087187348057474,0.48830652509036543,-0.19622901982368834,0.20962384316406252,33.098206444882834
28,11,10,50.770549766439096,5.087187348057474,0.4788602975581585,-0.13599553007655157,0.219445335546875,33.499923932187514
28,11,11,50.770549766439096,5.087187348057474,0.6547175135630665,-0.2775054890321158,0.20340103554687503,30.737342646289083
28,11,12,50.770549766439096,5.087187348057474,0.8080122703164316,-0.3612002861041524,0.172443267578125,27.981203526992207
28,11,13,50.770549766439096,5.087187348057474,0.5958290638733612,-0.16708975338112525,0.167304171484375,33.56038683675783
28,12,0,50.770549766439096,5.087187348057474,0.5039213534523035,-0.15084917975249273,0.22034018339843753,28.966180759179707
28,12,1,50.770549766439096,5.087187348057474,0.6006572008943523,-0.2317480503229693,0.2010385310546875,30.42977425285158
28,12,2,50.770549766439096,5.087187348057474,0.41458573695361656,-0.06913681324760884,0.192058723046875,35.103616190937515
28,12,3,50.770549766439096,5.087187348057474,0.5967349687673782,-0.156878264544778,0.188727307421875,32.44848223296877
28,12,4,50.770549766439096,5.087187348057474,0.6318505363553559,-0.2435433810384789,0.1857229025390625,32.13341689332033
28,12,5,50.770549766439096,5.087187348057474,0.48000463635937923,-0.10129207731124533,0.1422769771484375,34.87641132242189
28,12,6,50.770549766439096,5.087187348057474,0.46157999500862906,-0.09012206861411826,0.134765471484375,36.14342193535158
28,12,7,50.770549766439096,5.087187348057474,0.60432571369981,-0.18595504737997584,0.160812659375,32.22506255457033
28,12,8,50.770549766439096,5.087187348057474,0.40896125456488713,-0.06355095098570247,0.20634087500000003,33.70772219105471
28,12,9,50.770549766439096,5.087187348057474,0.41496262655835514,-0.07828448108580668,0.2014535484375,34.03019101542971
28,12,10,50.770549766439096,5.087187348057474,0.3978155233396231,-0.11405966060956976,0.20344022226562503,34.69217203343752
28,12,11,50.770549766439096,5.087187348057474,0.5450979102228835,-0.18116451499764802,0.1942135884765625,32.84480565746096
28,12,12,50.770549766439096,5.087187348057474,0.6298384000462394,-0.23255717941772436,0.19417784921875003,31.849113733671896
28,12,13,50.770549766439096,5.087187348057474,0.5055400529660299,-0.1087540773686072,0.16861452753906253,34.43702218109377
28,13,0,50.770549766439096,5.087187348057474,0.7620962669555738,-0.4010503390179935,0.21733243125,28.795700335859397
28,13,1,50.770549766439096,5.087187348057474,0.737348570725202,-0.34403852958816317,0.20255580820312502,29.452307318515643
28,13,2,50.770549766439096,5.087187348057474,0.6414317123877422,-0.2866442164545129,0.1971091275390625,30.525572274335957
28,13,3,50.770549766439096,5.087187348057474,0.5832232452852296,-0.19555648613386062,0.18684559355468752,32.687182864062514
28,13,4,50.770549766439096,5.087187348057474,0.6262923261984268,-0.21669646827634279,0.19739259296875,31.896945986210955
28,13,5,50.770549766439096,5.087187348057474,0.6405739906600553,-0.2146906924596637,0.18127667343750004,31.505315663398456
28,13,6,50.770549766439096,5.087187348057474,0.5129285442646645,-0.1391161477157184,0.1734174373046875,33.26409390382814
28,13,7,50.770549766439096,5.087187348057474,0.6961850030150071,-0.3170712283094275,0.19857451718750002,29.638669518359393
28,13,8,50.770549766439096,5.087187348057474,0.5301017782902577,-0.20403467058739988,0.2217139185546875,30.765761613359395
28,13,9,50.770549766439096,5.087187348057474,0.5580941854000518,-0.20041639700251618,0.21887969003906252,31.806975955859393
28,13,10,50.770549766439096,5.087187348057474,0.572643023597929,-0.24295003740756949,0.19573560253906253,31.82730382871096
28,13,11,50.770549766439096,5.087187348057474,0.5726646003922795,-0.20860755217495322,0.17971139863281252,31.44160831015627
28,13,12,50.770549766439096,5.087187348057474,0.6278881109677571,-0.2195914072478527,0.17559489023437502,31.626101280312515
28,13,13,50.770549766439096,5.087187348057474,0.5690940562791618,-0.1590899171904554,0.1850628818359375,31.941280108906273
29,0,0,51.13274883219548,5.375548179913037,0.7136606449805303,-0.24259532275465223,0.12798489765625,27.69903662984377
29,0,1,51.13274883219548,5.375548179913037,0.6984160932971022,-0.20606406278874279,0.1268842134765625,28.915784991640646
29,0,2,51.13274883219548,5.375548179913037,0.7197112767516218,-0.23013971057918597,0.11441779960937501,28.295167356289085
29,0,3,51.13274883219548,5.375548179913037,0.7604070786948542,-0.2926598417847035,0.11476537031250002,26.705607809140645
29,0,4,51.13274883219548,5.375548179913037,0.7044181545123211,-0.27177147846578364,0.12718948750000003,27.947103436835956
29,0,5,51.13274883219548,5.375548179913037,0.7537200844992,-0.3109511984265815,0.12088845625,27.222509900117203
29,0,6,51.13274883219548,5.375548179913037,0.7402524810850704,-0.27945507829566574,0.148544476953125,28.206686033867207
29,0,7,51.13274883219548,5.375548179913037,0.7334799842840818,-0.2471353530172114,0.14050175839843748,27.603018306289083
29,0,8,51.13274883219548,5.375548179913037,0.7813134440251502,-0.342679591695271,0.1451234087890625,26.971899605585953
29,0,9,51.13274883219548,5.375548179913037,0.5857803214932599,-0.13664325952409567,0.14299668945312502,31.952862657148458
29,0,10,51.13274883219548,5.375548179913037,0.7104026259895011,-0.25720943064843366,0.1563222716796875,28.712072334804706
29,0,11,51.13274883219548,5.375548179913037,0.5731857777357179,-0.08284552156380649,0.14988429394531252,30.987692583828142
29,0,12,51.13274883219548,5.375548179913037,0.6957721362551031,-0.2482695352101416,0.17014856855468752,28.79483915503908
29,0,13,51.13274883219548,5.375548179913037,0.7759660356964784,-0.3315653546445508,0.16267741367187502,27.536320185546895
29,1,0,51.13274883219548,5.375548179913037,0.8486386389724601,-0.39585361469165914,0.1410534326171875,24.916294366601583
29,1,1,51.13274883219548,5.375548179913037,0.7210950446176227,-0.2060220216705222,0.1481068294921875,28.462723770312518
29,1,2,51.13274883219548,5.375548179913037,0.7358168659640192,-0.22799022762754856,0.12776931230468752,27.95462708632814
29,1,3,51.13274883219548,5.375548179913037,0.730383783587313,-0.24891778606962553,0.11339938359375001,27.641377569804707
29,1,4,51.13274883219548,5.375548179913037,0.6545448180916675,-0.1859639331774649,0.11903370839843751,30.38593414085939
29,1,5,51.13274883219548,5.375548179913037,0.6710079167880364,-0.22918141604071426,0.13117516015625003,28.379603131601584
29,1,6,51.13274883219548,5.375548179913037,0.7046469680191159,-0.23958838730085463,0.13789032128906253,29.201136255078143
29,1,7,51.13274883219548,5.375548179913037,0.6286590655952241,-0.19189742855916286,0.13470704257812502,30.95269793375002
29,1,8,51.13274883219548,5.375548179913037,0.6125392630512743,-0.16858155337508318,0.1359975990234375,31.657771371875018
29,1,9,51.13274883219548,5.375548179913037,0.5151356178107226,-0.06641895513161941,0.13830573828125,33.97985533027345
29,1,10,51.13274883219548,5.375548179913037,0.5701988164292809,-0.11081455800815702,0.144191565234375,32.6064721964844
29,1,11,51.13274883219548,5.375548179913037,0.6663099171675257,-0.19015507092013753,0.15177147382812503,29.889687037929704
29,1,12,51.13274883219548,5.375548179913037,0.6298459324718455,-0.11691968268449984,0.152778653515625,30.857680983242208
29,1,13,51.13274883219548,5.375548179913037,0.7977058062139284,-0.32702540172238737,0.15252223730468753,26.31802303343752
29,2,0,51.13274883219548,5.375548179913037,0.7401118739717537,-0.25177656132506776,0.12909453203125001,27.223431163320335
29,2,1,51.13274883219548,5.375548179913037,0.7060224931971261,-0.1767273788613818,0.147620879296875,28.227454510859395
29,2,2,51.13274883219548,5.375548179913037,0.6332485790211739,-0.09669547759993047,0.13099779960937502,31.516237305429705
29,2,3,51.13274883219548,5.375548179913037,0.6087744232508919,-0.04178572682706663,0.13065000703125002,33.425902436562524
29,2,4,51.13274883219548,5.375548179913037,0.6655765881136821,-0.14793744770938505,0.12945891308593752,31.77369031578127
29,2,5,51.13274883219548,5.375548179913037,0.8124607350361981,-0.3728355424474159,0.118946724609375,25.846489817304704
29,2,6,51.13274883219548,5.375548179913037,0.6881754060103691,-0.22135396201116223,0.147970192578125,28.910904966992206
29,2,7,51.13274883219548,5.375548179913037,0.5330446037054617,-0.1618736043621594,0.15173173652343752,31.978604620273458
29,2,8,51.13274883219548,5.375548179913037,0.5196814090316393,-0.05771650449115237,0.13650518515625,33.91256973734377
29,2,9,51.13274883219548,5.375548179913037,0.5710683490170809,-0.1307996395632475,0.14097122597656253,32.41149151261721
29,2,10,51.13274883219548,5.375548179913037,0.5576074681359647,-0.08468769139276502,0.149241579296875,32.36895986140627
29,2,11,51.13274883219548,5.375548179913037,0.633433528060086,-0.13807856428011814,0.152155706640625,30.420775247070335
29,2,12,51.13274883219548,5.375548179913037,0.7699183300028196,-0.28211831999545023,0.1471465919921875,27.165191306914082
29,2,13,51.13274883219548,5.375548179913037,0.8206453673508964,-0.34551153880731145,0.15843687148437502,25.668926348632834
29,3,0,51.13274883219548,5.375548179913037,0.6365253668976112,-0.10198291518102272,0.12013171601562501,32.365301511875025
29,3,1,51.13274883219548,5.375548179913037,0.7653111919264135,-0.3091876219701622,0.12394926757812501,27.12377451769533
29,3,2,51.13274883219548,5.375548179913037,0.759973590598845,-0.261242481012272,0.14113919316406254,27.327947806132833
29,3,3,51.13274883219548,5.375548179913037,0.7315229045367126,-0.2601031518399672,0.12276147402343751,27.346306311992205
29,3,4,51.13274883219548,5.375548179913037,0.669670542103549,-0.185326573963778,0.14380984492187499,31.329154116992207
29,3,5,51.13274883219548,5.375548179913037,0.6394070744220651,-0.14941143040029023,0.15169683671875,31.292864357773453
29,3,6,51.13274883219548,5.375548179913037,0.746288033874183,-0.28445072487679884,0.16028777402343752,28.762448074882833
29,3,7,51.13274883219548,5.375548179913037,0.6012246989171101,-0.19532650412797412,0.164565797265625,32.21606354878908
29,3,8,51.13274883219548,5.375548179913037,0.593355213686439,-0.1038822183368255,0.15101283378906252,31.876264294882834
29,3,9,51.13274883219548,5.375548179913037,0.720414516619435,-0.22965472763117345,0.1565244861328125,29.35979380062502
29,3,10,51.13274883219548,5.375548179913037,0.6756187671561505,-0.2144950189725024,0.1593502125,28.869134359296893
29,3,11,51.13274883219548,5.375548179913037,0.6683593686166475,-0.17922243939851,0.14795675761718752,28.57120585039064
29,3,12,51.13274883219548,5.375548179913037,0.8142941543471969,-0.3496153277467364,0.1454769408203125,25.46429910441408
29,3,13,51.13274883219548,5.375548179913037,0.7351639902059671,-0.23676495192103794,0.16263220332031253,27.57003307812502
29,4,0,51.13274883219548,5.375548179913037,0.5371794724016614,0.014191250180374966,0.120312982421875,37.798818422421895
29,4,1,51.13274883219548,5.375548179913037,0.5465847678940069,-0.05152113408187221,0.13757340078125,34.381412597890645
29,4,2,51.13274883219548,5.375548179913037,0.5711396746164817,-0.05685656791962473,0.13054185000000001,34.44720280707033
29,4,3,51.13274883219548,5.375548179913037,0.7642632940478719,-0.3032071250373718,0.12378830312500001,27.27472149078127
29,4,4,51.13274883219548,5.375548179913037,0.5928406981204638,-0.10696572291761883,0.14873462109375002,32.48387743226564
29,4,5,51.13274883219548,5.375548179913037,0.598362334353692,-0.11475621760016125,0.149244237109375,31.83404640722658
29,4,6,51.13274883219548,5.375548179913037,0.7425745342442174,-0.30228229025152276,0.16351584335937502,29.05311329128908
29,4,7,51.13274883219548,5.375548179913037,0.6426907566343549,-0.15015738909928303,0.1589341453125,30.44998863675783
29,4,8,51.13274883219548,5.375548179913037,0.6576695210782127,-0.16263466362136159,0.15620425,31.348126798320333
29,4,9,51.13274883219548,5.375548179913037,0.6236051029154732,-0.10179910430195578,0.1567112365234375,31.28791757492189
29,4,10,51.13274883219548,5.375548179913037,0.7237756727988619,-0.2549576184439258,0.14340877500000002,27.94401253203127
29,4,11,51.13274883219548,5.375548179913037,0.7823611673618782,-0.29431883818521903,0.15564091875000002,27.20547988250002
29,4,12,51.13274883219548,5.375548179913037,0.7680557124349401,-0.3322186629205678,0.16647577890625,27.83728619269533
29,4,13,51.13274883219548,5.375548179913037,0.6923849224013029,-0.2162458403827329,0.16381621933593749,28.772101311054705
29,5,0,51.13274883219548,5.375548179913037,0.4995187650943145,0.051145456995254496,0.1367571927734375,38.81399706570314
29,5,1,51.13274883219548,5.375548179913037,0.5053885399128939,0.0537862458939498,0.15415917519531253,36.363610516718765
29,5,2,51.13274883219548,5.375548179913037,0.6823787406717328,-0.16448001308971383,0.12859071835937502,30.65957601546877
29,5,3,51.13274883219548,5.375548179913037,0.76124742810271,-0.28470120431257806,0.12402853183593751,27.711079809687522
29,5,4,51.13274883219548,5.375548179913037,0.7797892174340116,-0.28464897324420946,0.16196114921875002,27.439454032812517
29,5,5,51.13274883219548,5.375548179913037,0.6567035884376589,-0.1572999489604807,0.1558720236328125,30.162981769882833
29,5,6,51.13274883219548,5.375548179913037,0.6114455759460633,-0.1090531346500779,0.155299365234375,31.10784399781252
29,5,7,51.13274883219548,5.375548179913037,0.6173937371198149,-0.12979652636875152,0.15004955546874998,31.11986715019533
29,5,8,51.13274883219548,5.375548179913037,0.585314405928165,-0.05752634888066416,0.15409465429687502,32.686208194296896
29,5,9,51.13274883219548,5.375548179913037,0.6419702779414114,-0.14053898000882986,0.16345971718750002,30.27152393234377
29,5,10,51.13274883219548,5.375548179913037,0.6939420389939028,-0.18069141489862106,0.16341748261718753,29.826280096601582
29,5,11,51.13274883219548,5.375548179913037,0.6528368925384316,-0.14569184684109754,0.16185239238281252,30.84729340683596
29,5,12,51.13274883219548,5.375548179913037,0.5848206660955695,-0.1043383374029736,0.1504089029296875,32.03600332332033
29,5,13,51.13274883219548,5.375548179913037,0.5917626245831711,-0.07880888632448681,0.15429329589843752,31.582181058476582
29,6,0,51.13274883219548,5.375548179913037,0.5049006268839594,0.039256889799053785,0.140036746484375,36.2551618157422
29,6,1,51.13274883219548,5.375548179913037,0.5480918688321506,-0.07522632899310223,0.15663793964843753,33.65257991527345
29,6,2,51.13274883219548,5.375548179913037,0.7088955805179007,-0.22951674728636012,0.15013746542968753,28.623911451757834
29,6,3,51.13274883219548,5.375548179913037,0.6426933146743333,-0.12307660234126326,0.14859544550781253,31.044136644570333
29,6,4,51.13274883219548,5.375548179913037,0.7208546012578825,-0.23277448551497992,0.141228969140625,29.071925752929708
29,6,5,51.13274883219548,5.375548179913037,0.6375543621245003,-0.1382172211246939,0.1479341396484375,31.120494677304706
29,6,6,51.13274883219548,5.375548179913037,0.6078384233730603,-0.10767559470427461,0.15806904277343753,31.03230709097658
29,6,7,51.13274883219548,5.375548179913037,0.549515771763766,-0.028736485272829723,0.158353516015625,31.95819663757814
29,6,8,51.13274883219548,5.375548179913037,0.5942551797448214,-0.13681406031264015,0.1517954201171875,31.750318268867208
29,6,9,51.13274883219548,5.375548179913037,0.7364735757995854,-0.24334718206693656,0.152689680859375,28.923248558750018
29,6,10,51.13274883219548,5.375548179913037,0.6068355800636835,-0.12618506180306072,0.14449319335937502,31.454652863046892
29,6,11,51.13274883219548,5.375548179913037,0.6107274872934186,-0.12803180264331937,0.146536008203125,31.969512153007827
29,6,12,51.13274883219548,5.375548179913037,0.5061557726899513,-0.03665052366747039,0.1483358498046875,32.635792399296896
29,6,13,51.13274883219548,5.375548179913037,0.5379767809804398,-0.07413310516230935,0.143212899609375,32.32928546128909
29,7,0,51.13274883219548,5.375548179913037,0.6246465267221918,-0.083429432032491,0.12384016542968751,31.944417744453148
29,7,1,51.13274883219548,5.375548179913037,0.7222520956948636,-0.2517571468500295,0.117233844140625,28.347659331406266
29,7,2,51.13274883219548,5.375548179913037,0.7788296168865774,-0.3310943247855811,0.12675655917968753,26.37437363269533
29,7,3,51.13274883219548,5.375548179913037,0.6370610127165983,-0.19631436665227558,0.1482602982421875,28.544328997812517
29,7,4,51.13274883219548,5.375548179913037,0.623617693204369,-0.16104027529979617,0.1484980517578125,31.285841394804706
29,7,5,51.13274883219548,5.375548179913037,0.546785265131871,-0.078429546168403,0.1469683505859375,33.30881522410158
29,7,6,51.13274883219548,5.375548179913037,0.5689175904463197,-0.07490864796152027,0.14799888437500003,32.694386074179704
29,7,7,51.13274883219548,5.375548179913037,0.6306802662997482,-0.13686748849251446,0.1604764853515625,31.221326267304708
29,7,8,51.13274883219548,5.375548179913037,0.6527494118834345,-0.21193936283222542,0.14191262011718753,30.761849582656268
29,7,9,51.13274883219548,5.375548179913037,0.7138807866801539,-0.19950719822422636,0.1493410291015625,29.606625580859397
29,7,10,51.13274883219548,5.375548179913037,0.7370812832537104,-0.2604470744659654,0.15335271953125001,28.997603845390643
29,7,11,51.13274883219548,5.375548179913037,0.6076117686787973,-0.12465718911826658,0.1421622884765625,31.88099077566408
29,7,12,51.13274883219548,5.375548179913037,0.5112753024246179,-0.04476491678415407,0.148130262890625,33.13179249687502
29,7,13,51.13274883219548,5.375548179913037,0.5663001069255511,-0.10724457752571948,0.15099624218750002,31.70779329347658
29,8,0,51.13274883219548,5.375548179913037,0.6034625440378621,-0.10465862963455864,0.131339986328125,32.847322441718774
29,8,1,51.13274883219548,5.375548179913037,0.7064292774444043,-0.21227150315802917,0.12858674687500002,27.543797104296893
29,8,2,51.13274883219548,5.375548179913037,0.7858969920821021,-0.32836839645314936,0.1306828341796875,26.641192818945335
29,8,3,51.13274883219548,5.375548179913037,0.7552019033566275,-0.31280580908700883,0.1213171921875,27.577176205859395
29,8,4,51.13274883219548,5.375548179913037,0.575390292770749,-0.11193743450508917,0.13211703632812502,32.72812567003908
29,8,5,51.13274883219548,5.375548179913037,0.4665694589954287,-0.032041608311008524,0.13235164707031252,35.090384715078144
29,8,6,51.13274883219548,5.375548179913037,0.5232511496849884,-0.05461775115549794,0.1390843951171875,34.13461419675784
29,8,7,51.13274883219548,5.375548179913037,0.5401529645978568,-0.10120880680321673,0.14759486972656252,33.184211037968765
29,8,8,51.13274883219548,5.375548179913037,0.5506907539630597,-0.10495163613887251,0.1425228908203125,32.31752934171877
29,8,9,51.13274883219548,5.375548179913037,0.693219900284928,-0.19502003922719024,0.1512241068359375,29.640311770156266
29,8,10,51.13274883219548,5.375548179913037,0.6655760315036824,-0.162630684692223,0.1529825810546875,30.012655648085953
29,8,11,51.13274883219548,5.375548179913037,0.6594480187490283,-0.16430970588064747,0.160555744140625,30.329096206718766
29,8,12,51.13274883219548,5.375548179913037,0.5647007876795094,-0.1531408831941961,0.16476085078125002,29.446686277812518
29,8,13,51.13274883219548,5.375548179913037,0.6415497946409657,-0.18423143613379983,0.15419188632812503,29.94731939468752
29,9,0,51.13274883219548,5.375548179913037,0.7188605122880041,-0.2443836304855483,0.11427316542968752,27.110863481210956
29,9,1,51.13274883219548,5.375548179913037,0.806308896954153,-0.3392926429547766,0.11358872089843751,24.895999872851583
29,9,2,51.13274883219548,5.375548179913037,0.8214276906262221,-0.37411604835691875,0.113286359375,24.860057256289082
29,9,3,51.13274883219548,5.375548179913037,0.789382620150735,-0.34063533401470814,0.11619477812500001,26.795257400117208
29,9,4,51.13274883219548,5.375548179913037,0.48176958443023965,-0.022181344483045408,0.13654149765625,34.44825091085939
29,9,5,51.13274883219548,5.375548179913037,0.4913907777935652,-0.03974813672979174,0.1387110916015625,34.4038767332422
29,9,6,51.13274883219548,5.375548179913037,0.5000368313614021,-0.03272484552327332,0.148417636328125,33.57027372664065
29,9,7,51.13274883219548,5.375548179913037,0.5571935535787144,-0.08264560746052349,0.149192772265625,32.0523857863672
29,9,8,51.13274883219548,5.375548179913037,0.6471108235489225,-0.1561973170654683,0.15188387226562503,30.007662134492204
29,9,9,51.13274883219548,5.375548179913037,0.7413866157009373,-0.23692391260520107,0.160722925390625,28.478171618515642
29,9,10,51.13274883219548,5.375548179913037,0.7738140759123149,-0.32128407654567853,0.16755474550781252,27.752630115312524
29,9,11,51.13274883219548,5.375548179913037,0.7429700649611224,-0.28108594166535916,0.1623506732421875,28.07007204699221
29,9,12,51.13274883219548,5.375548179913037,0.7225985203143275,-0.2354042354717782,0.1478735373046875,28.814873291796893
29,9,13,51.13274883219548,5.375548179913037,0.5871806506159821,-0.07825035898709093,0.156881175,31.561038735546894
29,10,0,51.13274883219548,5.375548179913037,0.8262892713762593,-0.3594844823202442,0.12423655722656252,24.77881919890627
29,10,1,51.13274883219548,5.375548179913037,0.8328671250297591,-0.3817207073837874,0.10799461445312501,24.12705218597658
29,10,2,51.13274883219548,5.375548179913037,0.8228658123697394,-0.3836791358750966,0.11374081816406251,25.002472531015645
29,10,3,51.13274883219548,5.375548179913037,0.6561054352150515,-0.16010453904431288,0.1400358744140625,30.173803274609398
29,10,4,51.13274883219548,5.375548179913037,0.522522949046482,-0.05014419341831347,0.14074358320312502,33.80217169683596
29,10,5,51.13274883219548,5.375548179913037,0.4730997537266781,-0.02338316935622544,0.13754596328125002,34.97375145839845
29,10,6,51.13274883219548,5.375548179913037,0.6162254916756353,-0.14648505714500631,0.14795913593749999,30.470136262460954
29,10,7,51.13274883219548,5.375548179913037,0.6795197546348895,-0.20909595944741916,0.1515465857421875,29.576257274257834
29,10,8,51.13274883219548,5.375548179913037,0.668458803212527,-0.16298869516057313,0.1534333298828125,29.16518028687502
29,10,9,51.13274883219548,5.375548179913037,0.692907930145935,-0.15481249479665948,0.1539966955078125,29.02189047968752
29,10,10,51.13274883219548,5.375548179913037,0.7272651992190414,-0.24040628029633976,0.14474576894531252,27.461978250546895
29,10,11,51.13274883219548,5.375548179913037,0.7372291810527142,-0.29014441330979335,0.15602645078125,26.98737415707033
29,10,12,51.13274883219548,5.375548179913037,0.7160459635819951,-0.25242965294798764,0.17122858828125,28.128799238281267
29,10,13,51.13274883219548,5.375548179913037,0.6112046322858602,-0.11007656529062104,0.15951650722656252,30.61978812640627
29,11,0,51.13274883219548,5.375548179913037,0.8042540438678913,-0.3198970294412083,0.12459051562500001,25.21710682988283
29,11,1,51.13274883219548,5.375548179913037,0.8179966004812349,-0.35052991104826337,0.118702809375,24.971977383828143
29,11,2,51.13274883219548,5.375548179913037,0.8339476861891297,-0.38777310630580264,0.11294196582031252,24.519637151093768
29,11,3,51.13274883219548,5.375548179913037,0.8465422060359136,-0.4128750577670488,0.12036870937500001,24.78855254492189
29,11,4,51.13274883219548,5.375548179913037,0.6999221615679716,-0.23149520212259625,0.146393780078125,28.87662462968752
29,11,5,51.13274883219548,5.375548179913037,0.6530191356155437,-0.1631287029681895,0.15541039980468752,29.80705373410158
29,11,6,51.13274883219548,5.375548179913037,0.7423181754655442,-0.2758734405808572,0.1352925365234375,28.036746351992207
29,11,7,51.13274883219548,5.375548179913037,0.657905592673561,-0.16698132439992003,0.14576577441406252,29.449863968281267
29,11,8,51.13274883219548,5.375548179913037,0.7396697288708356,-0.24990125662299947,0.13730262382812503,27.327587311835956
29,11,9,51.13274883219548,5.375548179913037,0.8156823693368267,-0.3629305946776815,0.135157321484375,25.449412025117205
29,11,10,51.13274883219548,5.375548179913037,0.8383536388973045,-0.4044395283996719,0.12663618613281252,24.696820098007834
29,11,11,51.13274883219548,5.375548179913037,0.7615227837019382,-0.32173384866618004,0.1652229009765625,26.95212582582033
29,11,12,51.13274883219548,5.375548179913037,0.7001427886257777,-0.21502410913870576,0.17080180410156254,28.529795736992206
29,11,13,51.13274883219548,5.375548179913037,0.6624359698927562,-0.13739282774572215,0.15646370820312505,30.243719140742208
29,12,0,51.13274883219548,5.375548179913037,0.735789899793059,-0.270674255449901,0.14363586289062502,28.81646881285158
29,12,1,51.13274883219548,5.375548179913037,0.6823924378670216,-0.19778715973719735,0.13500215175781252,29.656927886914083
29,12,2,51.13274883219548,5.375548179913037,0.6717455149733582,-0.14701199497684303,0.13365896933593752,29.778487898984395
29,12,3,51.13274883219548,5.375548179913037,0.6295598362411119,-0.09064477490146386,0.136574138671875,31.43645457687502
29,12,4,51.13274883219548,5.375548179913037,0.6142042300554602,-0.048412417883392476,0.14692264140625003,31.630867816015645
29,12,5,51.13274883219548,5.375548179913037,0.692266076797097,-0.19774557206785381,0.1568009728515625,29.31182803167971
29,12,6,51.13274883219548,5.375548179913037,0.6655392762104835,-0.1641363419522237,0.14551114648437502,29.727497983437516
29,12,7,51.13274883219548,5.375548179913037,0.7714717593107937,-0.31793687095418927,0.12255152597656252,26.01522117570314
29,12,8,51.13274883219548,5.375548179913037,0.8278540801927896,-0.37897586149658036,0.11842270976562502,24.693088314453146
29,12,9,51.13274883219548,5.375548179913037,0.7735416951248554,-0.32482558135135847,0.124779839,25.414740668000018
29,12,10,51.13274883219548,5.375548179913037,0.7986302358538296,-0.3277913916770362,0.1311750439453125,25.426841076640642
29,12,11,51.13274883219548,5.375548179913037,0.7087430749497685,-0.20255887695885133,0.14890685234375,28.61966563003908
29,12,12,51.13274883219548,5.375548179913037,0.6632777607758864,-0.1658818419103762,0.16678934687500002,29.816132849726582
29,12,13,51.13274883219548,5.375548179913037,0.7085453327170315,-0.24915275259986702,0.161578772265625,28.7917482502344
29,13,0,51.13274883219548,5.375548179913037,0.5188193173549032,0.06479215364491847,0.134661968359375,35.14845767597659
29,13,1,51.13274883219548,5.375548179913037,0.5416055212896107,0.051554681395301095,0.1444902673828125,33.847774225390644
29,13,2,51.13274883219548,5.375548179913037,0.5888308828870674,0.01448340890087272,0.14312734238281252,32.53841220839846
29,13,3,51.13274883219548,5.375548179913037,0.5679485773693812,-0.0002100968519280176,0.14421872968750002,32.55529535796877
29,13,4,51.13274883219548,5.375548179913037,0.691236927716232,-0.16251291913886784,0.1306624578125,29.048279997382835
29,13,5,51.13274883219548,5.375548179913037,0.7949892734318293,-0.34742668724784587,0.12116801796875001,25.835835208085953
29,13,6,51.13274883219548,5.375548179913037,0.5760645232878994,-0.08004501325490532,0.148760155078125,31.82863231695314
29,13,7,51.13274883219548,5.375548179913037,0.7769334316766567,-0.3385364450687073,0.1293057203125,26.416097509648456
29,13,8,51.13274883219548,5.375548179913037,0.8374654894759055,-0.3759806981909042,0.12345978203125002,24.832579579882832
29,13,9,51.13274883219548,5.375548179913037,0.7666000886516408,-0.275995390487693,0.1278034404296875,26.63855267600002
29,13,10,51.13274883219548,5.375548179913037,0.7588371438357888,-0.28225735809262986,0.156518426171875,26.178878910664082
29,13,11,51.13274883219548,5.375548179913037,0.6123650636489899,-0.12804148898946738,0.16019822050781252,29.64522517390627
29,13,12,51.13274883219548,5.375548179913037,0.5731966756367333,-0.0195718431810762,0.16004193515625004,31.11949330425783
29,13,13,51.13274883219548,5.375548179913037,0.622540503178066,-0.1124380373417692,0.1665753412109375,30.365953410664083
