tile_id,patch_row,patch_col,tile_center_lat,tile_center_lon,ndvi,ndbi,albedo,lst_c
0,0,0,49.5805497664391,6.1843794151891425,0.5458050688618314,-0.13264049527893246,0.1321994779296875,34.23371007347659
0,0,1,49.5805497664391,6.1843794151891425,0.6053584394353917,-0.16266740127791768,0.1436327607421875,33.698542938125016
0,0,2,49.5805497664391,6.1843794151891425,0.44848360776493523,0.01594227458462841,0.16389616035156251,35.3901824536719
0,0,3,49.5805497664391,6.1843794151891425,0.5604488611821701,-0.1340819971745114,0.155191384765625,31.83419327527346
0,0,4,49.5805497664391,6.1843794151891425,0.5484055751925975,-0.10002119853249229,0.15489905507812501,30.857767768906267
0,0,5,49.5805497664391,6.1843794151891425,0.7552591186287574,-0.31178559943149053,0.15954540703125,27.01175425285158
0,0,6,49.5805497664391,6.1843794151891425,0.8550511806415164,-0.3764178324980369,0.1729817421875,25.906131595976582
0,0,7,49.5805497664391,6.1843794151891425,0.8257973290481441,-0.36116860406565665,0.15937555019531252,26.599382156328144
0,0,8,49.5805497664391,6.1843794151891425,0.6501344417261675,-0.19419487413017608,0.16764172304687502,31.689935474140643
0,0,9,49.5805497664391,6.1843794151891425,0.5248199781111808,-0.11431280168421865,0.175463022265625,34.102009490351584
0,0,10,49.5805497664391,6.1843794151891425,0.844274626730726,-0.31182709676271736,0.1486303427734375,26.574848516679708
0,0,11,49.5805497664391,6.1843794151891425,0.8606826812048155,-0.36133484558809303,0.1636821775390625,26.614002202812518
0,0,12,49.5805497664391,6.1843794151891425,0.820565235491401,-0.2993952136186694,0.15564749863281252,28.049103295390644
0,0,13,49.5805497664391,6.1843794151891425,0.7488237918547483,-0.24126667539333432,0.1563496193359375,28.844533961445332
0,1,0,49.5805497664391,6.1843794151891425,0.6223747324251048,-0.19577746078028482,0.136071030859375,34.22348271675783
0,1,1,49.5805497664391,6.1843794151891425,0.6660405473456061,-0.19022157748253088,0.140285329296875,31.180263296562515
0,1,2,49.5805497664391,6.1843794151891425,0.5319377457793121,-0.11128038333287192,0.154186122265625,33.83411549703126
0,1,3,49.5805497664391,6.1843794151891425,0.6778546340378506,-0.2274240122182416,0.1615969974609375,28.79236910152346
0,1,4,49.5805497664391,6.1843794151891425,0.8007750681417398,-0.30704163403657897,0.1376241875,27.261963998164084
0,1,5,49.5805497664391,6.1843794151891425,0.4533154477473571,-0.05233454502005658,0.17172164550781252,34.134988042695326
0,1,6,49.5805497664391,6.1843794151891425,0.7488265053335454,-0.30487297427517135,0.175902855078125,28.00053670261721
0,1,7,49.5805497664391,6.1843794151891425,0.6907271386675914,-0.2530420920068031,0.162195622265625,28.195570793046894
0,1,8,49.5805497664391,6.1843794151891425,0.6039393619632234,-0.19126634692365652,0.15567949921875002,31.302430808281272
0,1,9,49.5805497664391,6.1843794151891425,0.736073953660656,-0.2702278770988656,0.15959478945312502,29.469270577929706
0,1,10,49.5805497664391,6.1843794151891425,0.8387301451316447,-0.3385856434919331,0.1602596658203125,26.86928557156252
0,1,11,49.5805497664391,6.1843794151891425,0.8374266794499802,-0.3270999580719488,0.15758188359375003,27.50643921382814
0,1,12,49.5805497664391,6.1843794151891425,0.5560546463972905,-0.09044765030435686,0.17862511484375004,32.64175390683595
0,1,13,49.5805497664391,6.1843794151891425,0.6241565990490315,-0.1600738147948829,0.1694142296875,31.853533126718766
0,2,0,49.5805497664391,6.1843794151891425,0.4648952853915628,-0.095480844339871,0.11831205351562502,37.82405302320314
0,2,1,49.5805497664391,6.1843794151891425,0.6703971604244713,-0.21296319476206116,0.13561516210937502,32.323584310742206
0,2,2,49.5805497664391,6.1843794151891425,0.5552607837192901,-0.16841110255166222,0.1536598228515625,31.747207336601583
0,2,3,49.5805497664391,6.1843794151891425,0.7919995641159305,-0.31868255217140395,0.1464489634765625,27.15047779894533
0,2,4,49.5805497664391,6.1843794151891425,0.7276392451131406,-0.26435238614085077,0.1558849955078125,27.671699145664082
0,2,5,49.5805497664391,6.1843794151891425,0.3446858597361734,0.04192708861912998,0.19701783515625002,32.92882753191408
0,2,6,49.5805497664391,6.1843794151891425,0.48417125681459905,-0.03924851786328101,0.18552327734375001,30.93731684375002
0,2,7,49.5805497664391,6.1843794151891425,0.5286794222555359,-0.11307108383173745,0.160086162890625,31.495755888710953
0,2,8,49.5805497664391,6.1843794151891425,0.7810877168459435,-0.28001300137318286,0.1532210091796875,28.631828974648457
0,2,9,49.5805497664391,6.1843794151891425,0.2317230926062276,-0.012360173733902895,0.17280012382812499,37.564009794570325
0,2,10,49.5805497664391,6.1843794151891425,0.476766069104085,-0.09431992714160399,0.15208540470588236,35.03010873347658
0,2,11,49.5805497664391,6.1843794151891425,0.3750033358962571,-0.03124962272788153,0.16086735078125003,37.36061090128908
0,2,12,49.5805497664391,6.1843794151891425,0.28720777055171337,-0.02448607566656711,0.18246416875,36.46478257355471
0,2,13,49.5805497664391,6.1843794151891425,0.4506065931191378,-0.06551506933483767,0.190348498046875,33.32280774347658
0,3,0,49.5805497664391,6.1843794151891425,0.3917825203628316,-0.0472185458223582,0.11198335957031252,39.63613768882814
0,3,1,49.5805497664391,6.1843794151891425,0.4742425218122025,-0.08092373762414942,0.12969902460937502,36.77530167957033
0,3,2,49.5805497664391,6.1843794151891425,0.48478253827058027,-0.07980590887519134,0.182378117578125,32.8649065524219
0,3,3,49.5805497664391,6.1843794151891425,0.8327987403614436,-0.3531297472881023,0.14257400292968753,26.043867120664082
0,3,4,49.5805497664391,6.1843794151891425,0.6986816540708698,-0.2332966112898297,0.161940584765625,28.960172520898457
0,3,5,49.5805497664391,6.1843794151891425,0.4335630074120083,-0.018304255094764733,0.19359548046875003,34.84872001976564
0,3,6,49.5805497664391,6.1843794151891425,0.5141038103611466,-0.054427325802655274,0.17804595078125002,33.44580305691409
0,3,7,49.5805497664391,6.1843794151891425,0.6877409083825206,-0.22970152634012828,0.15624139296875,30.43587595261721
0,3,8,49.5805497664391,6.1843794151891425,0.604405780873243,-0.10148127919722111,0.16479129804687503,31.00173183394533
0,3,9,49.5805497664391,6.1843794151891425,0.6830852314250295,-0.2074122248054268,0.156153192578125,30.53791586609377
0,3,10,49.5805497664391,6.1843794151891425,0.43544597905963023,-0.059488461141595374,0.1660979052734375,34.50415423015626
0,3,11,49.5805497664391,6.1843794151891425,0.358354453595108,-0.020344634017797757,0.1667446162109375,36.33576567019533
0,3,12,49.5805497664391,6.1843794151891425,0.30291149711124293,-0.0023228772043769608,0.1788121998046875,39.28665849546877
0,3,13,49.5805497664391,6.1843794151891425,0.6309342115752915,-0.17050079723263462,0.172706935546875,32.91114328390627
0,4,0,49.5805497664391,6.1843794151891425,0.3342211328383022,-0.014381256969248666,0.13454667851562502,38.46046564941409
0,4,1,49.5805497664391,6.1843794151891425,0.4498884243286387,-0.048951511976819496,0.17357910234375,34.23635369832033
0,4,2,49.5805497664391,6.1843794151891425,0.6227680752160207,-0.2097332110096145,0.194190126171875,29.03658396019533
0,4,3,49.5805497664391,6.1843794151891425,0.7260279479341509,-0.28232334060752573,0.1665913466796875,28.829666909609394
0,4,4,49.5805497664391,6.1843794151891425,0.40600510221671493,-0.03027214767808971,0.2131595234375,33.28513608945315
0,4,5,49.5805497664391,6.1843794151891425,0.5303944973753544,-0.08752863734492732,0.1872081951171875,32.41709252585939
0,4,6,49.5805497664391,6.1843794151891425,0.5465398344111663,-0.07018963499189255,0.17563093769531252,33.398124348242206
0,4,7,49.5805497664391,6.1843794151891425,0.5797689929120744,-0.1187210893390129,0.1593922814453125,33.71714844933596
0,4,8,49.5805497664391,6.1843794151891425,0.6639417932759466,-0.15687224715452291,0.157302241015625,30.62006183503908
0,4,9,49.5805497664391,6.1843794151891425,0.8000065601520447,-0.28218836664190805,0.16194499687500002,28.147004200273457
0,4,10,49.5805497664391,6.1843794151891425,0.7545515044240763,-0.23281377320473637,0.16078898046875,29.264029158242202
0,4,11,49.5805497664391,6.1843794151891425,0.5255334625262766,-0.036579622129207685,0.1691361580078125,34.73171291714846
0,4,12,49.5805497664391,6.1843794151891425,0.384328801786963,0.026628880054199677,0.1845787701171875,35.283202433164085
0,4,13,49.5805497664391,6.1843794151891425,0.419997157126952,0.006890974579035439,0.18958337460937502,35.510654307031274
0,5,0,49.5805497664391,6.1843794151891425,0.3235678191710999,-0.0037225969643618403,0.128670639453125,38.158010934335955
0,5,1,49.5805497664391,6.1843794151891425,0.5800772854221315,-0.12378525186376305,0.152986105078125,32.51391862367189
0,5,2,49.5805497664391,6.1843794151891425,0.863469970497234,-0.3801713453993905,0.16580207519531248,25.949771433359395
0,5,3,49.5805497664391,6.1843794151891425,0.7130355667310523,-0.25603360878282866,0.16898751679687501,29.46510486605471
0,5,4,49.5805497664391,6.1843794151891425,0.44378655083683793,-0.049216034920649146,0.1598392619140625,36.33433036882815
0,5,5,49.5805497664391,6.1843794151891425,0.42235708144015915,0.009351933908554754,0.15240417597656253,37.218889911875024
0,5,6,49.5805497664391,6.1843794151891425,0.4748892135816841,0.04395675612603496,0.172953153515625,33.599013133085954
0,5,7,49.5805497664391,6.1843794151891425,0.6389095794424855,-0.1179233125183397,0.15537471484374998,32.33497326019533
0,5,8,49.5805497664391,6.1843794151891425,0.6659218163020331,-0.19090898851437244,0.15883293828125,32.249108859335955
0,5,9,49.5805497664391,6.1843794151891425,0.45697609858878985,0.060900939208271984,0.17407148359375002,34.56482408515627
0,5,10,49.5805497664391,6.1843794151891425,0.6415014160636647,-0.10958936969616603,0.167489425390625,32.31923167589845
0,5,11,49.5805497664391,6.1843794151891425,0.49997829317951215,0.009608624974236719,0.18439292421875003,36.09042927371096
0,5,12,49.5805497664391,6.1843794151891425,0.3746651566560165,0.042635553883652214,0.17543638359375002,37.90029089117189
0,5,13,49.5805497664391,6.1843794151891425,0.4109252965840208,0.012612139475517002,0.1540736265625,36.252491487617206
0,6,0,49.5805497664391,6.1843794151891425,0.47009814943453954,-0.08351244100585242,0.13480722285156255,36.663681963945336
0,6,1,49.5805497664391,6.1843794151891425,0.7186199300715141,-0.2676207739922509,0.1484064787109375,30.221728988632833
0,6,2,49.5805497664391,6.1843794151891425,0.6326306485848411,-0.17379989878471955,0.180628277734375,30.642512618750015
0,6,3,49.5805497664391,6.1843794151891425,0.39054886066797373,-0.01665046515976907,0.193604519921875,34.5020313192969
0,6,4,49.5805497664391,6.1843794151891425,0.49095293447288446,-0.042254856883799666,0.17025729453125005,35.04611735058596
0,6,5,49.5805497664391,6.1843794151891425,0.48262975567688526,0.007483251256135319,0.1786385966796875,34.182680103007826
0,6,6,49.5805497664391,6.1843794151891425,0.5169924455032717,-0.08352063223045164,0.1613671203125,34.64652277414065
0,6,7,49.5805497664391,6.1843794151891425,0.5072428225345201,-0.09654662326432875,0.16834848203125002,35.77854162453127
0,6,8,49.5805497664391,6.1843794151891425,0.5922729798602008,-0.14220748405623482,0.17058611562499998,33.39443261960939
0,6,9,49.5805497664391,6.1843794151891425,0.4980337931808433,-0.05036426742013069,0.18124546640625,33.47697246195314
0,6,10,49.5805497664391,6.1843794151891425,0.5670923486925068,-0.04180190288908647,0.177110062890625,34.44930569046876
0,6,11,49.5805497664391,6.1843794151891425,0.5032795503999905,0.0061399903617836045,0.18575678125,35.41655194390627
0,6,12,49.5805497664391,6.1843794151891425,0.4544190525449322,-0.004054461992799744,0.155923645703125,36.26484843101564
0,6,13,49.5805497664391,6.1843794151891425,0.43473178109556004,-0.013769265605650638,0.172711558984375,36.52670748277345
0,7,0,49.5805497664391,6.1843794151891425,0.7132388560630272,-0.2716511935328901,0.16167490625000003,30.79379338285158
0,7,1,49.5805497664391,6.1843794151891425,0.6558668521608043,-0.21887374240497387,0.15003417421875004,32.21008868960939
0,7,2,49.5805497664391,6.1843794151891425,0.6914670267799978,-0.24372729485455819,0.1477142642578125,31.299006112460958
0,7,3,49.5805497664391,6.1843794151891425,0.5697670446496851,-0.13268499397549724,0.16803877578125,34.67309253898439
0,7,4,49.5805497664391,6.1843794151891425,0.5560581436808993,-0.05509434656038199,0.17685918046875004,33.128908542500014
0,7,5,49.5805497664391,6.1843794151891425,0.422039403555978,0.0871295951433057,0.182394860546875,33.26989519167971
0,7,6,49.5805497664391,6.1843794151891425,0.46779179381184965,-0.030028278370200456,0.179922052734375,32.519840076289086
0,7,7,49.5805497664391,6.1843794151891425,0.6589723855773872,-0.18881275530669273,0.16156893828125002,31.73642588679689
0,7,8,49.5805497664391,6.1843794151891425,0.6344090996237346,-0.1695418279490769,0.1615290625,32.395095697929705
0,7,9,49.5805497664391,6.1843794151891425,0.39448498061808335,0.0018881665721836292,0.168500579296875,34.72578478871095
0,7,10,49.5805497664391,6.1843794151891425,0.5210226552663566,0.015503505991429498,0.18070984375000002,35.33875860980471
0,7,11,49.5805497664391,6.1843794151891425,0.4338503211182534,0.010797021843166405,0.18746402734375,35.72829940085939
0,7,12,49.5805497664391,6.1843794151891425,0.36761392601204324,0.014619882054935779,0.17868961093750002,38.94806756503908
0,7,13,49.5805497664391,6.1843794151891425,0.47714186078486054,-0.004512185142776001,0.18508902304687502,37.70213251683595
0,8,0,49.5805497664391,6.1843794151891425,0.6120927981259177,-0.19104278044504908,0.16247055937500002,30.941802995000018
0,8,1,49.5805497664391,6.1843794151891425,0.7600690164193405,-0.29548179095181454,0.16139201875,30.023697454882836
0,8,2,49.5805497664391,6.1843794151891425,0.6604596815020545,-0.22514796777568227,0.148788601953125,32.99918400218752
0,8,3,49.5805497664391,6.1843794151891425,0.5568514373449804,-0.11758695139323432,0.1529470760784314,35.45439716925783
0,8,4,49.5805497664391,6.1843794151891425,0.4504996083100834,0.04853035761998053,0.16506373574218752,35.67528003593752
0,8,5,49.5805497664391,6.1843794151891425,0.3644734919427195,0.09215810447229032,0.1839861609375,36.047497073281264
0,8,6,49.5805497664391,6.1843794151891425,0.46679557634813507,0.04099037108862506,0.1807525865234375,33.21260997757814
0,8,7,49.5805497664391,6.1843794151891425,0.7075480361511798,-0.22742758318090778,0.168551995703125,28.49321891750002
0,8,8,49.5805497664391,6.1843794151891425,0.645970212301429,-0.13706353306849778,0.17189234785156254,30.73757630000002
0,8,9,49.5805497664391,6.1843794151891425,0.7705060837349594,-0.28984460222332625,0.1531268095703125,27.51697365828127
0,8,10,49.5805497664391,6.1843794151891425,0.6393856737187136,-0.101331979245599,0.165900550390625,32.467481617578144
0,8,11,49.5805497664391,6.1843794151891425,0.6922511898405221,-0.2065537166232283,0.1608541720703125,30.55606742152345
0,8,12,49.5805497664391,6.1843794151891425,0.41826030373903833,0.033302139444053414,0.1895740701171875,36.53348344039064
0,8,13,49.5805497664391,6.1843794151891425,0.40972184837793335,0.07644669586763055,0.18564181796875,40.30163686414064
0,9,0,49.5805497664391,6.1843794151891425,0.4712993674160572,-0.0626625772262801,0.1618606537109375,33.48957641070315
0,9,1,49.5805497664391,6.1843794151891425,0.5117206842154639,-0.07621407025193928,0.14484235546875002,35.99423070300783
0,9,2,49.5805497664391,6.1843794151891425,0.47122421854384156,-0.06211086705082918,0.149761311328125,37.32468831218752
0,9,3,49.5805497664391,6.1843794151891425,0.4656547149204122,-0.05797575861673345,0.15195415585937502,36.86513151769533
0,9,4,49.5805497664391,6.1843794151891425,0.43073960066435135,0.012704469611902604,0.155773749609375,37.14713151933596
0,9,5,49.5805497664391,6.1843794151891425,0.5001405981508138,-0.020870468533192355,0.18173293378906252,37.031052355742204
0,9,6,49.5805497664391,6.1843794151891425,0.47604194150701085,-0.014239953965141824,0.19413277226562503,32.82170064335939
0,9,7,49.5805497664391,6.1843794151891425,0.357430402942195,0.08347714329212028,0.19702223398437502,33.810536499687515
0,9,8,49.5805497664391,6.1843794151891425,0.572041430470953,-0.13351681478067762,0.171783433984375,30.094988540000024
0,9,9,49.5805497664391,6.1843794151891425,0.8129496225877701,-0.2948740512294406,0.160595708984375,27.95641620617189
0,9,10,49.5805497664391,6.1843794151891425,0.46152401954378974,0.021061238394773665,0.18241735058593753,34.581333388789076
0,9,11,49.5805497664391,6.1843794151891425,0.8010426335109895,-0.2945785260205581,0.162420476953125,28.665528515585954
0,9,12,49.5805497664391,6.1843794151891425,0.5012996525432533,-0.003627796325713452,0.17312902675781253,34.660455211132835
0,9,13,49.5805497664391,6.1843794151891425,0.5412876047166758,-0.036938881840281164,0.17453270468750004,34.23054573464846
0,10,0,49.5805497664391,6.1843794151891425,0.5993603633682647,-0.09501922904964127,0.16134503417968749,33.80458834378908
0,10,1,49.5805497664391,6.1843794151891425,0.4761720312847778,0.022475993863137943,0.16335976503906252,37.67788593746096
0,10,2,49.5805497664391,6.1843794151891425,0.44035217921407943,-0.013123305357713624,0.150188751171875,37.75953789570315
0,10,3,49.5805497664391,6.1843794151891425,0.518761774922992,-0.029783831010155287,0.15169465117187503,37.83969447019533
0,10,4,49.5805497664391,6.1843794151891425,0.4881039364461617,0.019627719166977777,0.173957319140625,38.134278393125015
0,10,5,49.5805497664391,6.1843794151891425,0.532718766336951,-0.018126288371560086,0.18442430703125,35.4910674502344
0,10,6,49.5805497664391,6.1843794151891425,0.5498995916203339,-0.07579860130281146,0.17410756953125,31.178006869296894
0,10,7,49.5805497664391,6.1843794151891425,0.7994174177293184,-0.292928950398914,0.1577740662109375,29.029727892734392
0,10,8,49.5805497664391,6.1843794151891425,0.6433360141370733,-0.16140165346793195,0.1699020115234375,31.117610722929705
0,10,9,49.5805497664391,6.1843794151891425,0.6061786712105469,-0.08150837895109951,0.159726939453125,32.4347166914844
0,10,10,49.5805497664391,6.1843794151891425,0.44968905729304953,-0.03541155394586628,0.1703121359375,35.15153522914064
0,10,11,49.5805497664391,6.1843794151891425,0.6604438434100113,-0.15141561016492272,0.16064612109375004,30.59864580347658
0,10,12,49.5805497664391,6.1843794151891425,0.5323392824405477,-0.047351311604578214,0.14997103535156253,34.16596384894533
0,10,13,49.5805497664391,6.1843794151891425,0.5491203184788127,-0.06609177435190088,0.17183146328125,34.02461002964846
0,11,0,49.5805497664391,6.1843794151891425,0.4417671141621846,0.058115171906211884,0.1888512923828125,39.236429623437516
0,11,1,49.5805497664391,6.1843794151891425,0.47547751740124367,-0.011936965998272672,0.1625157744140625,37.49163722656252
0,11,2,49.5805497664391,6.1843794151891425,0.5129740951430287,-0.025832972261866174,0.1683350572265625,37.461916474531264
0,11,3,49.5805497664391,6.1843794151891425,0.5791839460880778,-0.03822481347506267,0.16051747137254901,36.61562940933595
0,11,4,49.5805497664391,6.1843794151891425,0.42250082353637974,-0.0782388957302091,0.17361440234375003,37.947308693632834
0,11,5,49.5805497664391,6.1843794151891425,0.4630745758602156,0.021172504361355763,0.1757945236328125,34.036219281171896
0,11,6,49.5805497664391,6.1843794151891425,0.5601159711477595,-0.04122588804856014,0.16500034277343753,31.91233375203127
0,11,7,49.5805497664391,6.1843794151891425,0.845501782341114,-0.33835526861122484,0.15053208378906252,27.175825888671895
0,11,8,49.5805497664391,6.1843794151891425,0.8465299311675382,-0.3418973776417965,0.1498640994140625,25.807342806992203
0,11,9,49.5805497664391,6.1843794151891425,0.8007531767902525,-0.2885106335925825,0.15643632539062502,27.78082878031252
0,11,10,49.5805497664391,6.1843794151891425,0.3526366135077304,0.04071229229434454,0.192061802734375,31.16797311136721
0,11,11,49.5805497664391,6.1843794151891425,0.7618225943551874,-0.25905925544442676,0.1638676158203125,28.023094299453145
0,11,12,49.5805497664391,6.1843794151891425,0.5459810208493787,-0.0432915822969387,0.171771985546875,33.82460912890627
0,11,13,49.5805497664391,6.1843794151891425,0.5816752047119818,-0.07741553311767824,0.1701003818359375,32.70363208531252
0,12,0,49.5805497664391,6.1843794151891425,0.35381847944181105,0.09004110130250667,0.18681818085937502,36.92724334988283
0,12,1,49.5805497664391,6.1843794151891425,0.5552671142942796,-0.06091883567276747,0.15984552187500004,35.80698061906252
0,12,2,49.5805497664391,6.1843794151891425,0.5748195306498418,-0.058093533350820646,0.17397016582031252,35.70537463390627
0,12,3,49.5805497664391,6.1843794151891425,0.5013959996167858,-0.05735946190347018,0.168692673828125,37.29638283406251
0,12,4,49.5805497664391,6.1843794151891425,0.34835063287943746,0.06373196985932572,0.1777364974609375,39.02042678140627
0,12,5,49.5805497664391,6.1843794151891425,0.3583579488391946,0.092244485433286,0.19183699941406251,37.09823113554689
0,12,6,49.5805497664391,6.1843794151891425,0.5701648860687183,-0.056313252659683295,0.16763488242187502,33.683909540000016
0,12,7,49.5805497664391,6.1843794151891425,0.8651343562965021,-0.3654161731125924,0.1563872466796875,26.154458759960956
0,12,8,49.5805497664391,6.1843794151891425,0.8516481436738015,-0.354625815023177,0.1574666380859375,26.25452263062502
0,12,9,49.5805497664391,6.1843794151891425,0.7044534962442724,-0.1991518571139591,0.1644596353515625,28.536938864726583
0,12,10,49.5805497664391,6.1843794151891425,0.46979708319867397,-0.024783266232384957,0.18365079765625003,31.48047493601564
0,12,11,49.5805497664391,6.1843794151891425,0.5375840927039168,-0.00797816923779217,0.1772001435546875,32.80852257406252
0,12,12,49.5805497664391,6.1843794151891425,0.5048030879599863,0.00788278069447333,0.18248446621093753,32.48389078390627
0,12,13,49.5805497664391,6.1843794151891425,0.6148646581943491,-0.1392078685999387,0.17342056796875002,29.621686231484393
0,13,0,49.5805497664391,6.1843794151891425,0.33804103032138566,0.08858600074608368,0.19261771289062501,37.839454140664074
0,13,1,49.5805497664391,6.1843794151891425,0.5379217510330462,-0.011382295872542733,0.17421420312500002,36.18523927378908
0,13,2,49.5805497664391,6.1843794151891425,0.3708769342805253,0.09503169732852597,0.181346548046875,39.00739558015627
0,13,3,49.5805497664391,6.1843794151891425,0.29582194054509525,0.10664912986124628,0.19446674570312503,39.20644183859377
0,13,4,49.5805497664391,6.1843794151891425,0.4202243623433934,0.04333239826032462,0.177188478515625,37.26130807414064
0,13,5,49.5805497664391,6.1843794151891425,0.3898387614783948,0.07963970714824331,0.18592792285156254,36.00338992847658
0,13,6,49.5805497664391,6.1843794151891425,0.6495976343787103,-0.1295913515371267,0.1640557353515625,30.535292268710954
0,13,7,49.5805497664391,6.1843794151891425,0.8274924510642532,-0.31783813705346387,0.15997003789062503,27.42200343851564
0,13,8,49.5805497664391,6.1843794151891425,0.4530781053415145,-0.0067639084265011945,0.185793585546875,33.298894955117206
0,13,9,49.5805497664391,6.1843794151891425,0.5968214431284566,-0.11966886523405423,0.1882585830078125,32.41930889820314
0,13,10,49.5805497664391,6.1843794151891425,0.44348886441011043,-0.006252447563199303,0.15939130585937503,35.801773479218774
0,13,11,49.5805497664391,6.1843794151891425,0.4584466768871507,0.028705271322271866,0.176107063671875,35.472595455429705
0,13,12,49.5805497664391,6.1843794151891425,0.42136978865865315,0.04079352144552194,0.18460400234375002,32.10254790019533
0,13,13,49.5805497664391,6.1843794151891425,0.8373282712658437,-0.3295255586411171,0.15575852421875,26.955437032695333
1,0,0,49.640916277398496,3.0755196771259956,0.36520006500846064,0.023879042615886848,0.19396593925781253,34.393322261328144
1,0,1,49.640916277398496,3.0755196771259956,0.4182664976672149,-0.018174448360078033,0.1927626900390625,34.91515778351564
1,0,2,49.640916277398496,3.0755196771259956,0.3799884664309521,-0.018298052498325244,0.2278508423828125,34.35435549816408
1,0,3,49.640916277398496,3.0755196771259956,0.5058569060219151,-0.09317123485084237,0.19265275546875,35.019046899218765
1,0,4,49.640916277398496,3.0755196771259956,0.3595600203131646,0.006151456519532975,0.2056555783203125,34.20238044875002
1,0,5,49.640916277398496,3.0755196771259956,0.5388485597015189,-0.07596339805230216,0.1835409216796875,33.95759814535158
1,0,6,49.640916277398496,3.0755196771259956,0.5517459407226619,-0.09964838919809829,0.1875124302734375,33.425108013945334
1,0,7,49.640916277398496,3.0755196771259956,0.6362100698321104,-0.17283482152645438,0.20182145273437502,33.46643134167971
1,0,8,49.640916277398496,3.0755196771259956,0.33040141688537705,0.03835954754663781,0.2024652080078125,35.16580145714846
1,0,9,49.640916277398496,3.0755196771259956,0.5182163161781406,-0.1408693355138296,0.1941557580078125,32.64418390542971
1,0,10,49.640916277398496,3.0755196771259956,0.4750974159353249,-0.11377866242730958,0.2224362689453125,32.62481067488284
1,0,11,49.640916277398496,3.0755196771259956,0.5026871140925291,-0.04526470340577013,0.19252357382812502,34.064110858437516
1,0,12,49.640916277398496,3.0755196771259956,0.41154727917176614,-0.05466377188066912,0.2054313724609375,34.65470732984377
1,0,13,49.640916277398496,3.0755196771259956,0.4374152936564659,-0.0518583325065669,0.2210158486328125,33.71710171859377
1,1,0,49.640916277398496,3.0755196771259956,0.48228722939548907,-0.03367584454659196,0.1912615732421875,33.212015829570326
1,1,1,49.640916277398496,3.0755196771259956,0.6350056988527157,-0.20823490236329997,0.18785760136718752,32.930569921015646
1,1,2,49.640916277398496,3.0755196771259956,0.2976042706694357,0.07649902463383625,0.2181526802734375,36.21455280078127
1,1,3,49.640916277398496,3.0755196771259956,0.4055834480650753,-0.009349399424707128,0.20158255390625002,34.80866509789064
1,1,4,49.640916277398496,3.0755196771259956,0.5046249061320086,-0.13300133587729082,0.20591683359375001,33.55606758101564
1,1,5,49.640916277398496,3.0755196771259956,0.44166042867052274,-0.07197693345581027,0.20513703964843752,34.060839706484394
1,1,6,49.640916277398496,3.0755196771259956,0.29157911860761837,0.07064295436072589,0.20832438359375,33.85452347972658
1,1,7,49.640916277398496,3.0755196771259956,0.25798405782659106,0.07968264336626306,0.216106319140625,35.69978029648439
1,1,8,49.640916277398496,3.0755196771259956,0.37064476536012475,-0.004972181680457377,0.21451717187500002,33.97031558304689
1,1,9,49.640916277398496,3.0755196771259956,0.4513127967073034,-0.0983202452630962,0.214790793359375,34.27313746824221
1,1,10,49.640916277398496,3.0755196771259956,0.27387406823412547,0.03368099362277018,0.23745947265625,33.8969349661719
1,1,11,49.640916277398496,3.0755196771259956,0.3001633726911286,0.06210311051645406,0.2208033830078125,34.095654109414085
1,1,12,49.640916277398496,3.0755196771259956,0.5091186659172202,-0.08572966485836953,0.185633030078125,33.12703263699221
1,1,13,49.640916277398496,3.0755196771259956,0.49023339271274025,-0.0793159684223154,0.180998427734375,33.24671674355471
1,2,0,49.640916277398496,3.0755196771259956,0.3671665796614948,0.008536665030457344,0.20458732421875003,33.79894727562502
1,2,1,49.640916277398496,3.0755196771259956,0.5419259576779384,-0.11396924085364443,0.1940685119140625,33.99502946984377
1,2,2,49.640916277398496,3.0755196771259956,0.5304953454440895,-0.07526112473422147,0.17760454375,35.57423481968752
1,2,3,49.640916277398496,3.0755196771259956,0.5637589759546456,-0.09528933356619881,0.17038288476562502,37.255560192851576
1,2,4,49.640916277398496,3.0755196771259956,0.42206972583090885,0.0137426906154421,0.1890573169921875,35.3698879599219
1,2,5,49.640916277398496,3.0755196771259956,0.2599785285172771,0.06524211621967181,0.22421640175781252,33.95946737503908
1,2,6,49.640916277398496,3.0755196771259956,0.4400906142323394,-0.05181653519658801,0.21667205156250002,32.40563014238283
1,2,7,49.640916277398496,3.0755196771259956,0.46362226426820896,-0.12031023564818796,0.2233871564453125,33.05897932472658
1,2,8,49.640916277398496,3.0755196771259956,0.48638430403263516,-0.1119820708901794,0.21535321953125003,34.005944436054705
1,2,9,49.640916277398496,3.0755196771259956,0.642766759948659,-0.24056576481256545,0.223964583203125,33.957377843281265
1,2,10,49.640916277398496,3.0755196771259956,0.37142125765552575,-0.017765546197219824,0.2153624525390625,34.84879345378908
1,2,11,49.640916277398496,3.0755196771259956,0.42980230565281324,-0.053020399808962074,0.21727549101562504,33.48972327875002
1,2,12,49.640916277398496,3.0755196771259956,0.41526008157895844,0.027304827486457357,0.18762496757812502,34.216473105429706
1,2,13,49.640916277398496,3.0755196771259956,0.5070096133608362,-0.04906660017466983,0.19168816699218752,34.741452938984395
1,3,0,49.640916277398496,3.0755196771259956,0.25807308445856814,0.10178548922778785,0.21759027402343753,34.30883975527346
1,3,1,49.640916277398496,3.0755196771259956,0.4413556112682189,-0.03721949863381153,0.20914256425781252,33.55126099039064
1,3,2,49.640916277398496,3.0755196771259956,0.6541481949962182,-0.210754087751655,0.1791582326171875,34.65268455628909
1,3,3,49.640916277398496,3.0755196771259956,0.48026343928522675,-0.03230385329696048,0.15496373847656253,40.904957449062515
1,3,4,49.640916277398496,3.0755196771259956,0.45493875356935776,-0.027609181010557038,0.1807637490234375,36.128287850703146
1,3,5,49.640916277398496,3.0755196771259956,0.4179954979637345,-0.04878757189431378,0.21001598125000004,33.84995054281252
1,3,6,49.640916277398496,3.0755196771259956,0.5837373874786989,-0.1991030034271025,0.21514785664062502,33.075128134062524
1,3,7,49.640916277398496,3.0755196771259956,0.46173391933499547,-0.09534705467972596,0.20765154785156253,34.498626650937524
1,3,8,49.640916277398496,3.0755196771259956,0.5035665362076561,-0.1286614736897014,0.2024919765625,33.58241036796877
1,3,9,49.640916277398496,3.0755196771259956,0.625329338690683,-0.2399566957680092,0.22668198925781252,31.958984384375018
1,3,10,49.640916277398496,3.0755196771259956,0.3319684546676597,-0.004991608535218338,0.24651295800781253,33.50405626496096
1,3,11,49.640916277398496,3.0755196771259956,0.31863538024247257,0.010931200883171503,0.23800952265625,33.81659146871095
1,3,12,49.640916277398496,3.0755196771259956,0.35229231657594284,0.0024764797286634214,0.20880252070312505,33.34777531144533
1,3,13,49.640916277398496,3.0755196771259956,0.5242803384833739,-0.10573514632209462,0.19846448925781254,32.74579656640627
1,4,0,49.640916277398496,3.0755196771259956,0.6198614138407522,-0.1947431638674641,0.202240665234375,31.08063335421877
1,4,1,49.640916277398496,3.0755196771259956,0.31122583267386983,0.025733233354635173,0.22376374804687504,34.81210982117189
1,4,2,49.640916277398496,3.0755196771259956,0.3685440736964024,0.02481060219358889,0.18966492578125,36.10603734160158
1,4,3,49.640916277398496,3.0755196771259956,0.47251905467491395,-0.03408904918908702,0.16835174257812502,37.72166596707033
1,4,4,49.640916277398496,3.0755196771259956,0.5150516020835335,-0.07779399248743488,0.1846896125,36.358570272382835
1,4,5,49.640916277398496,3.0755196771259956,0.31578051548145214,0.063564030523695,0.20760467773437502,35.46824949640627
1,4,6,49.640916277398496,3.0755196771259956,0.44067281505772526,-0.02117658382698396,0.1881277521484375,34.75049867550783
1,4,7,49.640916277398496,3.0755196771259956,0.3445209050227692,0.03819533273122523,0.20537395625,35.93779999390627
1,4,8,49.640916277398496,3.0755196771259956,0.5341616657340189,-0.10967654825018577,0.19022826250000002,34.65198359515627
1,4,9,49.640916277398496,3.0755196771259956,0.6543305298160442,-0.29699030151877504,0.2150893220703125,30.971043087968766
1,4,10,49.640916277398496,3.0755196771259956,0.4524794100275665,-0.10603256548639804,0.22861946640625003,32.681014406093766
1,4,11,49.640916277398496,3.0755196771259956,0.23738656772421377,0.07304582440734167,0.231385162109375,34.683780527304705
1,4,12,49.640916277398496,3.0755196771259956,0.3142543819925172,0.04320334117911831,0.2235974083984375,34.415492660585954
1,4,13,49.640916277398496,3.0755196771259956,0.38230025156811437,0.0027052101729627964,0.2104376197265625,33.868262317929705
1,5,0,49.640916277398496,3.0755196771259956,0.35568932544704124,-0.007186155274973698,0.1992607216796875,32.248534738789076
1,5,1,49.640916277398496,3.0755196771259956,0.21817375246476325,0.09942629156904724,0.21016567187500002,33.67401597429689
1,5,2,49.640916277398496,3.0755196771259956,0.29181941002332445,0.05246650570986963,0.21207657910156252,34.70764658492189
1,5,3,49.640916277398496,3.0755196771259956,0.36853906059112024,-0.00598420972399968,0.222929897265625,34.608256972109395
1,5,4,49.640916277398496,3.0755196771259956,0.585620338895028,-0.21946763821463117,0.20837818828125002,33.598485743281266
1,5,5,49.640916277398496,3.0755196771259956,0.5093948101231661,-0.1282251895237874,0.20075501582031252,34.26054019531252
1,5,6,49.640916277398496,3.0755196771259956,0.3249642317495052,0.039460120511716046,0.2007592125,34.59814978015627
1,5,7,49.640916277398496,3.0755196771259956,0.2659456732851511,0.06809783361338104,0.21771655546875002,34.243289875625024
1,5,8,49.640916277398496,3.0755196771259956,0.37530215543305356,0.016977579630315903,0.200716419921875,37.049070394765636
1,5,9,49.640916277398496,3.0755196771259956,0.3883435022933224,0.02383553657372004,0.19230544394531252,38.049729128867206
1,5,10,49.640916277398496,3.0755196771259956,0.4244939676025974,-0.0658205635145013,0.21636574980468753,33.61299230082033
1,5,11,49.640916277398496,3.0755196771259956,0.6401614544710738,-0.29770008640485934,0.22682334765625,31.859200898164083
1,5,12,49.640916277398496,3.0755196771259956,0.36337917066434877,0.011104858621143503,0.213970401953125,33.575086993085954
1,5,13,49.640916277398496,3.0755196771259956,0.5095868670885004,-0.026845646908540553,0.1757005435546875,32.98804873390627
1,6,0,49.640916277398496,3.0755196771259956,0.3803598260656902,-0.016140726678434206,0.20315375000000002,33.423372300664084
1,6,1,49.640916277398496,3.0755196771259956,0.3587445116032074,0.018377109876852454,0.212875601171875,33.57546083902345
1,6,2,49.640916277398496,3.0755196771259956,0.29880684321279516,0.03996049423380643,0.21087715410156252,34.42234205222658
1,6,3,49.640916277398496,3.0755196771259956,0.24806554532710223,0.07181286565120579,0.21220372988281253,34.76471149695315
1,6,4,49.640916277398496,3.0755196771259956,0.3742773875247976,-0.007655595355337136,0.21254779921875,34.31958115015627
1,6,5,49.640916277398496,3.0755196771259956,0.5070065082932289,-0.11834501823659206,0.18873887421875002,31.488145453554708
1,6,6,49.640916277398496,3.0755196771259956,0.5035306674210638,-0.11417089474868272,0.20356656328125003,32.89970092789064
1,6,7,49.640916277398496,3.0755196771259956,0.33885394176651124,0.014520305827808496,0.20371569394531253,33.62438792609377
1,6,8,49.640916277398496,3.0755196771259956,0.38018363239978104,-0.012637156240415531,0.20552240781250003,35.380482486757835
1,6,9,49.640916277398496,3.0755196771259956,0.3617350067340571,0.012774089041614286,0.20931515488281252,37.19226006464845
1,6,10,49.640916277398496,3.0755196771259956,0.47533648559806163,-0.04739467047094707,0.1890274796875,35.08850880957033
1,6,11,49.640916277398496,3.0755196771259956,0.388691869273081,-0.013193137923838092,0.201094005859375,34.259852585820326
1,6,12,49.640916277398496,3.0755196771259956,0.5451438596289198,-0.14231914530890866,0.18982629140625001,31.604191238046894
1,6,13,49.640916277398496,3.0755196771259956,0.5408522051867132,-0.10524325082462778,0.1892516052734375,32.41342750050783
1,7,0,49.640916277398496,3.0755196771259956,0.37253125413879606,-0.02708643777192646,0.21748828144531251,33.766389299960956
1,7,1,49.640916277398496,3.0755196771259956,0.3179684280866646,0.04157671188235122,0.20228917109375,35.16002019675783
1,7,2,49.640916277398496,3.0755196771259956,0.4654662010662185,-0.0753911277759672,0.19072372109375002,34.25162797519533
1,7,3,49.640916277398496,3.0755196771259956,0.5412904133998431,-0.18299717237177848,0.20194055625000001,32.576971746523455
1,7,4,49.640916277398496,3.0755196771259956,0.23022072740233307,0.1112769631866235,0.22094755937500002,33.98440823972658
1,7,5,49.640916277398496,3.0755196771259956,0.4766998604961541,-0.04759493969408666,0.19592273242187502,31.342552488359395
1,7,6,49.640916277398496,3.0755196771259956,0.49722862718356065,-0.10886983886618774,0.19590950644531252,32.33404532117189
1,7,7,49.640916277398496,3.0755196771259956,0.5508798963788393,-0.1699377505344237,0.20204380996093751,31.936199809648457
1,7,8,49.640916277398496,3.0755196771259956,0.6087904479503712,-0.22708214693559614,0.2020690767578125,32.22107041402346
1,7,9,49.640916277398496,3.0755196771259956,0.4861664921367571,-0.10518342851634832,0.20737034707031252,33.35422415386721
1,7,10,49.640916277398496,3.0755196771259956,0.4825572420031954,-0.050573528573256414,0.18659841972656252,35.04428817582033
1,7,11,49.640916277398496,3.0755196771259956,0.5276898217155509,-0.07893301640770191,0.1775037958984375,32.73074259160158
1,7,12,49.640916277398496,3.0755196771259956,0.7151491022469607,-0.27718910364774874,0.18081802910156253,29.519986784843766
1,7,13,49.640916277398496,3.0755196771259956,0.46089709604518847,-0.0639602084581795,0.19953590000000002,31.091281287617203
1,8,0,49.640916277398496,3.0755196771259956,0.45109420190289645,-0.0689562296506023,0.20438789101562502,32.957560262539076
1,8,1,49.640916277398496,3.0755196771259956,0.4859996918086639,-0.0947419149371759,0.192299633984375,32.959449519687524
1,8,2,49.640916277398496,3.0755196771259956,0.6295898801600375,-0.22853676350181976,0.19707145722656252,32.68380489898439
1,8,3,49.640916277398496,3.0755196771259956,0.40357577187709875,-0.007280451659352781,0.195612624609375,32.86188908164065
1,8,4,49.640916277398496,3.0755196771259956,0.43857522873921667,0.008896311908887164,0.1791094380859375,33.37779647539064
1,8,5,49.640916277398496,3.0755196771259956,0.61770671771985,-0.17070454127657253,0.16307155234375004,29.215262290859393
1,8,6,49.640916277398496,3.0755196771259956,0.49418319738372757,-0.06689309062598758,0.18195615332031254,32.59826761332033
1,8,7,49.640916277398496,3.0755196771259956,0.4671524927093623,-0.06325988841123248,0.19039483125,31.611895134687522
1,8,8,49.640916277398496,3.0755196771259956,0.48479949666823224,-0.09037894235119318,0.1966297048828125,31.564022827226577
1,8,9,49.640916277398496,3.0755196771259956,0.3743279389150631,0.015734117813487193,0.20676739453124998,32.687169512421896
1,8,10,49.640916277398496,3.0755196771259956,0.4359489538822241,-0.04230341441385553,0.194881651171875,31.950372576171894
1,8,11,49.640916277398496,3.0755196771259956,0.7770047639876564,-0.3146573586967457,0.16924349296875002,26.378712915898454
1,8,12,49.640916277398496,3.0755196771259956,0.8846592105119393,-0.43065531768094867,0.16763399394531253,23.920802717421893
1,8,13,49.640916277398496,3.0755196771259956,0.8815795944896805,-0.43194232251671394,0.17020470058593748,24.31283358945314
1,9,0,49.640916277398496,3.0755196771259956,0.30934137970461933,0.05915709288056274,0.19535248515625,34.19798108316408
1,9,1,49.640916277398496,3.0755196771259956,0.5873593601887312,-0.1787224321766771,0.1793238904296875,29.898105247343764
1,9,2,49.640916277398496,3.0755196771259956,0.6204229031336979,-0.2450515067345184,0.19526927226562502,31.126683162734395
1,9,3,49.640916277398496,3.0755196771259956,0.5653263921515389,-0.1608832944084504,0.17760160351562504,30.777364189062517
1,9,4,49.640916277398496,3.0755196771259956,0.4718215471888434,-0.09001980820525737,0.1944830978515625,33.343950066406265
1,9,5,49.640916277398496,3.0755196771259956,0.7293913012840183,-0.32194639707471817,0.16965060410156252,27.06734380859377
1,9,6,49.640916277398496,3.0755196771259956,0.7824651792817205,-0.3493988969086232,0.16313243730468752,25.962115025117207
1,9,7,49.640916277398496,3.0755196771259956,0.7920762112966964,-0.35642312952507893,0.17365641093750003,25.962121700937516
1,9,8,49.640916277398496,3.0755196771259956,0.8077154342068228,-0.34194378067883374,0.17466130859375,26.511955613515646
1,9,9,49.640916277398496,3.0755196771259956,0.6709435447653195,-0.23297137400103093,0.18113222109375,27.03202204332033
1,9,10,49.640916277398496,3.0755196771259956,0.8152886504755346,-0.37668179966617066,0.17539098320312502,24.92797705214846
1,9,11,49.640916277398496,3.0755196771259956,0.8942001665237269,-0.4510682376493872,0.17495271679687502,23.713718771328146
1,9,12,49.640916277398496,3.0755196771259956,0.8909542343658541,-0.44218742801828637,0.19139081093750002,24.200386072109396
1,9,13,49.640916277398496,3.0755196771259956,0.851804743705117,-0.39413875249582164,0.18461392675781252,25.66037462281252
1,10,0,49.640916277398496,3.0755196771259956,0.5685679538718816,-0.15033247872046468,0.17318844023437502,30.949867385937523
1,10,1,49.640916277398496,3.0755196771259956,0.7920703609230049,-0.3420154628743448,0.16375034648437503,26.439082358984393
1,10,2,49.640916277398496,3.0755196771259956,0.7198687854328172,-0.28099597523715203,0.17309779062500003,27.220340258515648
1,10,3,49.640916277398496,3.0755196771259956,0.7316140418501267,-0.30048113136533444,0.17372120878906253,27.064559991523456
1,10,4,49.640916277398496,3.0755196771259956,0.5758705799512251,-0.16629630372429052,0.1812706138671875,30.664883292617205
1,10,5,49.640916277398496,3.0755196771259956,0.7673213108022641,-0.3449064905760061,0.17387561074218752,26.42476272441408
1,10,6,49.640916277398496,3.0755196771259956,0.89143240167248,-0.44905471934259333,0.17089753476562503,24.342354066875018
1,10,7,49.640916277398496,3.0755196771259956,0.8856140014732146,-0.42708189449571415,0.16895402011718752,24.958405441132832
1,10,8,49.640916277398496,3.0755196771259956,0.8781324223322735,-0.40880024607680726,0.1727925982421875,25.632249391835956
1,10,9,49.640916277398496,3.0755196771259956,0.8901257793415904,-0.4370674114679799,0.1736638314453125,25.07298922097658
1,10,10,49.640916277398496,3.0755196771259956,0.8570328254024643,-0.3771199726417676,0.17644219101562503,26.82425716355471
1,10,11,49.640916277398496,3.0755196771259956,0.8803396829937963,-0.41856696787994524,0.1836274900390625,24.66941585562502
1,10,12,49.640916277398496,3.0755196771259956,0.6338672113066568,-0.19403101733028671,0.1983190451171875,29.223700527734394
1,10,13,49.640916277398496,3.0755196771259956,0.6026084689060883,-0.22040304435250002,0.1943702146484375,29.731236442812516
1,11,0,49.640916277398496,3.0755196771259956,0.7930482316285963,-0.3412908505184612,0.17129670859375,26.29073895582033
1,11,1,49.640916277398496,3.0755196771259956,0.8879646283087974,-0.43971370632604695,0.16345095742187501,23.95956920597658
1,11,2,49.640916277398496,3.0755196771259956,0.8909988553688684,-0.43696205320185083,0.1694490416015625,23.905161270429705
1,11,3,49.640916277398496,3.0755196771259956,0.8934503398461894,-0.44494011231099106,0.16842268300781252,23.824403872109396
1,11,4,49.640916277398496,3.0755196771259956,0.8902240012096723,-0.4452032287780481,0.171697289453125,24.79609622187502
1,11,5,49.640916277398496,3.0755196771259956,0.891419330191559,-0.4509557264848522,0.161493222265625,24.242083245781266
1,11,6,49.640916277398496,3.0755196771259956,0.8629589064972939,-0.40872769593753466,0.17901876289062502,24.640903427070334
1,11,7,49.640916277398496,3.0755196771259956,0.7345891992658564,-0.3025328487536314,0.19815804746093751,27.377041788710955
1,11,8,49.640916277398496,3.0755196771259956,0.8655719654619722,-0.39568464354085414,0.17242964199218752,24.915446537421893
1,11,9,49.640916277398496,3.0755196771259956,0.8887442085046229,-0.4327283556850374,0.183343598046875,24.62179055351564
1,11,10,49.640916277398496,3.0755196771259956,0.8764202222162982,-0.42441053397282114,0.1860995537109375,25.130294462539084
1,11,11,49.640916277398496,3.0755196771259956,0.7485676724364387,-0.31762996362592844,0.18461599511718751,30.116244351875018
1,11,12,49.640916277398496,3.0755196771259956,0.6286139522612467,-0.21336146190956612,0.1796339609375,30.64887467550783
1,11,13,49.640916277398496,3.0755196771259956,0.5208739605633201,-0.14878037464385352,0.19339993378906253,32.0291472558594
1,12,0,49.640916277398496,3.0755196771259956,0.8872304602885208,-0.4361545395748456,0.16769524628906252,23.84955168722658
1,12,1,49.640916277398496,3.0755196771259956,0.8919629929144359,-0.4352146833154752,0.1688650099609375,23.049534732617204
1,12,2,49.640916277398496,3.0755196771259956,0.8960512995446928,-0.44908295000545007,0.17220606054687504,23.35545419843752
1,12,3,49.640916277398496,3.0755196771259956,0.8994859597459497,-0.45644896911394295,0.18261971914062503,23.17344463343752
1,12,4,49.640916277398496,3.0755196771259956,0.8960950118909387,-0.45223146123515556,0.17109230175781248,23.420730369453146
1,12,5,49.640916277398496,3.0755196771259956,0.8697726703069893,-0.4164706712405464,0.16607743925781251,25.354254882382833
1,12,6,49.640916277398496,3.0755196771259956,0.8322539520359846,-0.3721359023658832,0.19073689902343754,26.752438688632836
1,12,7,49.640916277398496,3.0755196771259956,0.7895594598720447,-0.34604511807836635,0.1847326390625,26.567932366835954
1,12,8,49.640916277398496,3.0755196771259956,0.887093652236306,-0.4340774735120181,0.183959104296875,24.220159851875017
1,12,9,49.640916277398496,3.0755196771259956,0.8909652238807582,-0.4339103429516598,0.183465737890625,23.820591978710958
1,12,10,49.640916277398496,3.0755196771259956,0.889410327454171,-0.4287390462228329,0.1833710353515625,24.62733148437502
1,12,11,49.640916277398496,3.0755196771259956,0.7771896185958677,-0.31992762588301016,0.17546424160156252,28.895624014296892
1,12,12,49.640916277398496,3.0755196771259956,0.6235670136703317,-0.21555830499623113,0.181813986328125,30.85670631347658
1,12,13,49.640916277398496,3.0755196771259956,0.2940938504852034,0.047757684232146436,0.21233547792968752,34.918188605937516
1,13,0,49.640916277398496,3.0755196771259956,0.8862945189009114,-0.4264620542423624,0.17093271250000003,23.405569581523462
1,13,1,49.640916277398496,3.0755196771259956,0.893193950256746,-0.4466859614915233,0.17472069589843753,22.355049145507834
1,13,2,49.640916277398496,3.0755196771259956,0.8992470370293777,-0.4529633731381536,0.18739258417968752,23.084195591679705
1,13,3,49.640916277398496,3.0755196771259956,0.8973119493519661,-0.446748889448215,0.1809523876953125,23.29503134878908
1,13,4,49.640916277398496,3.0755196771259956,0.8909095660233155,-0.4438275309292569,0.16947014648437503,23.548712520664083
1,13,5,49.640916277398496,3.0755196771259956,0.6132536741628087,-0.1496326019947792,0.17917488007812502,29.814757630742207
1,13,6,49.640916277398496,3.0755196771259956,0.6325220345101992,-0.15219759747525147,0.1807718970703125,29.23986936453127
1,13,7,49.640916277398496,3.0755196771259956,0.8169416289694106,-0.3578856525646166,0.17995229882812502,26.033893445117208
1,13,8,49.640916277398496,3.0755196771259956,0.8531189041050473,-0.3743794123790934,0.18844804746093752,25.421166629375016
1,13,9,49.640916277398496,3.0755196771259956,0.8624555085614388,-0.398447751333479,0.1893193041015625,26.39596323558596
1,13,10,49.640916277398496,3.0755196771259956,0.6753853190180829,-0.1956002130932614,0.18975160703125,31.078957723320332
1,13,11,49.640916277398496,3.0755196771259956,0.5733881421794822,-0.11546940395981539,0.19026749746093752,34.079552030820324
1,13,12,49.640916277398496,3.0755196771259956,0.5070392535779279,-0.11632911853725028,0.2165454818359375,33.277605764140645
1,13,13,49.640916277398496,3.0755196771259956,0.4745220842897806,-0.032493861145238515,0.1852327115234375,36.54796997046877
2,0,0,50.36531440891127,3.5465590313779876,0.608104982114474,-0.1795628759843905,0.16625643417968752,32.93183832687502
2,0,1,50.36531440891127,3.5465590313779876,0.5653964527971787,-0.15802128355693473,0.1604743310546875,32.57365386382814
2,0,2,50.36531440891127,3.5465590313779876,0.6643956296729823,-0.2441461176219537,0.15202903007812502,30.22520041519533
2,0,3,50.36531440891127,3.5465590313779876,0.5886375144499145,-0.18208706852479595,0.1602753564453125,30.55469887835939
2,0,4,50.36531440891127,3.5465590313779876,0.4302214801782891,-0.03450570895042915,0.1411851572265625,35.359693982304705
2,0,5,50.36531440891127,3.5465590313779876,0.40955676824458165,-0.014690305462778112,0.1355215619140625,35.98083900746095
2,0,6,50.36531440891127,3.5465590313779876,0.5179006385146682,-0.09851722240490525,0.14125708166666667,34.008354407187525
2,0,7,50.36531440891127,3.5465590313779876,0.37832173045058903,-0.07796036801544992,0.13417440720338986,35.55363991402346
2,0,8,50.36531440891127,3.5465590313779876,0.5538211000859996,-0.10413193613683566,0.1296564251953125,34.02430961773439
2,0,9,50.36531440891127,3.5465590313779876,0.522756901974104,-0.1012370351744112,0.1254433818359375,33.20367105417971
2,0,10,50.36531440891127,3.5465590313779876,0.8514176649032503,-0.4221286881645692,0.16736855683593752,25.237614949882833
2,0,11,50.36531440891127,3.5465590313779876,0.789990889041427,-0.3131649324310242,0.17350497343750002,26.758747338828144
2,0,12,50.36531440891127,3.5465590313779876,0.6630905807533296,-0.17524977191109684,0.1649790326171875,30.04937933562502
2,0,13,50.36531440891127,3.5465590313779876,0.5721495938485159,-0.12874627650311105,0.16180864550781252,32.85261636722658
2,1,0,50.36531440891127,3.5465590313779876,0.5180798095321417,-0.06881618398477764,0.166225807421875,32.66200166984377
2,1,1,50.36531440891127,3.5465590313779876,0.4614305482648573,-0.04410126024120552,0.151128794921875,34.113945857070334
2,1,2,50.36531440891127,3.5465590313779876,0.4823481877720215,-0.03556843262460274,0.15792525234375002,34.08598752160158
2,1,3,50.36531440891127,3.5465590313779876,0.5868159462240453,-0.16640304519357196,0.1557228306640625,32.3234174152344
2,1,4,50.36531440891127,3.5465590313779876,0.4993262726180392,-0.09811488763045259,0.13914221074218752,33.302219513632835
2,1,5,50.36531440891127,3.5465590313779876,0.5215540597405055,-0.11080876031826092,0.1470142759765625,31.745191238867207
2,1,6,50.36531440891127,3.5465590313779876,0.6304462478697662,-0.1907652910833804,0.13758055197368424,29.102207273867208
2,1,7,50.36531440891127,3.5465590313779876,0.4101020364495286,-0.0479190509285268,0.14535601210937502,37.03603919351565
2,1,8,50.36531440891127,3.5465590313779876,0.4002225132930933,-0.08108998682356611,0.12946296210937502,35.46441089972659
2,1,9,50.36531440891127,3.5465590313779876,0.7343213261728412,-0.30334196670522506,0.177275798828125,27.950975412617204
2,1,10,50.36531440891127,3.5465590313779876,0.7858524190004343,-0.31584266575789477,0.17881863222656252,27.63307284933596
2,1,11,50.36531440891127,3.5465590313779876,0.7533488447274806,-0.2782008777553886,0.173100180078125,27.703776462265644
2,1,12,50.36531440891127,3.5465590313779876,0.5296996166901927,-0.10752071243803801,0.1657335642578125,32.06130468230471
2,1,13,50.36531440891127,3.5465590313779876,0.5680159173998431,-0.14387373003302817,0.15732256484375,33.075622144765646
2,2,0,50.36531440891127,3.5465590313779876,0.45073858195359773,-0.04901849457655173,0.142166500390625,35.77181907347658
2,2,1,50.36531440891127,3.5465590313779876,0.398736587170564,-0.01395246859496891,0.144379469140625,34.25449190210939
2,2,2,50.36531440891127,3.5465590313779876,0.44897122072273377,-0.040053735853268546,0.1431365658203125,34.1956445460547
2,2,3,50.36531440891127,3.5465590313779876,0.4937645195477936,-0.09100020520297111,0.1409416876953125,34.1980411655469
2,2,4,50.36531440891127,3.5465590313779876,0.4581256142080681,-0.11003379805434543,0.160906929296875,36.386415118906264
2,2,5,50.36531440891127,3.5465590313779876,0.5534700553879248,-0.19623447650665107,0.13320563593073595,29.958968701132832
2,2,6,50.36531440891127,3.5465590313779876,0.5934647510664869,-0.1993572396474738,0.1352593005905512,28.87777954660158
2,2,7,50.36531440891127,3.5465590313779876,0.542512593556808,-0.11944285452406489,0.14261425273437503,32.084776866523455
2,2,8,50.36531440891127,3.5465590313779876,0.5331786419607671,-0.13101022813286628,0.146064264453125,33.71246202347658
2,2,9,50.36531440891127,3.5465590313779876,0.6044818210409174,-0.1683091074412345,0.17644260449218752,30.309896547500017
2,2,10,50.36531440891127,3.5465590313779876,0.5001483951233963,-0.10681207872513979,0.17789133984375,31.601240525468768
2,2,11,50.36531440891127,3.5465590313779876,0.5326821650122446,-0.1487402344328409,0.18135570820312502,29.869105483906267
2,2,12,50.36531440891127,3.5465590313779876,0.43924761530205164,-0.03780223757228304,0.17785190312500002,31.58756844546877
2,2,13,50.36531440891127,3.5465590313779876,0.4988868560222186,-0.0665685570964522,0.1532177048828125,34.568849604804704
2,3,0,50.36531440891127,3.5465590313779876,0.3848667043787645,0.003745057381786856,0.145800510546875,36.36824353601564
2,3,1,50.36531440891127,3.5465590313779876,0.41607304753125124,-0.015246900330230736,0.1497808021484375,35.11666741964845
2,3,2,50.36531440891127,3.5465590313779876,0.5957024398685281,-0.1723809367912098,0.1453402078125,31.39211377835939
2,3,3,50.36531440891127,3.5465590313779876,0.44439596088234345,-0.053648028784906515,0.13558181855468748,36.17384364851564
2,3,4,50.36531440891127,3.5465590313779876,0.469171286623066,-0.14194604113992135,0.12448054704545455,32.54271811250002
2,3,5,50.36531440891127,3.5465590313779876,0.7885642188522728,-0.3673467725941477,0.12200737044534414,25.79840388359377
2,3,6,50.36531440891127,3.5465590313779876,0.7593113167002584,-0.3382840731346523,0.1313690096456693,27.03696215035158
2,3,7,50.36531440891127,3.5465590313779876,0.6751465064609179,-0.22955581959621116,0.15032587285156251,30.01608034390627
2,3,8,50.36531440891127,3.5465590313779876,0.48391400635565884,-0.05168857411773522,0.150821670703125,34.012213031328145
2,3,9,50.36531440891127,3.5465590313779876,0.32515771016769174,0.023552059220205965,0.1740099103515625,31.201218696523455
2,3,10,50.36531440891127,3.5465590313779876,0.379593967002648,-0.07244201894332997,0.19292413300781247,30.277011456640643
2,3,11,50.36531440891127,3.5465590313779876,0.5591941973651573,-0.16801652213274973,0.17870310625000002,30.270909756875017
2,3,12,50.36531440891127,3.5465590313779876,0.4986732677965382,-0.05530361226565015,0.1731952345703125,32.50580750199221
2,3,13,50.36531440891127,3.5465590313779876,0.48445519971306295,-0.06718446211396814,0.16594122265625003,34.54191266984377
2,4,0,50.36531440891127,3.5465590313779876,0.4066366462816046,-0.012929733308263155,0.13894024531250002,37.33122394027346
2,4,1,50.36531440891127,3.5465590313779876,0.40960732447672077,-0.02958696588108485,0.1401695294921875,36.97404085027346
2,4,2,50.36531440891127,3.5465590313779876,0.4272812150061447,-0.05756260355297569,0.14067351640625,35.977874943242206
2,4,3,50.36531440891127,3.5465590313779876,0.4582293222867395,-0.10500913796888732,0.13986472015810278,34.844674472656266
2,4,4,50.36531440891127,3.5465590313779876,0.774476554882645,-0.33331730407247545,0.15411997936507937,29.07036361097658
2,4,5,50.36531440891127,3.5465590313779876,0.6396997031060407,-0.20348715328597755,0.1463860654296875,32.57499570371096
2,4,6,50.36531440891127,3.5465590313779876,0.4894303715037461,-0.09624174357668114,0.13286109042968752,34.04249455226564
2,4,7,50.36531440891127,3.5465590313779876,0.7274702417310873,-0.3210238377399684,0.15485856699218753,29.707977884843764
2,4,8,50.36531440891127,3.5465590313779876,0.4403745127274711,-0.030440442894031146,0.16188986875000003,33.633553827382826
2,4,9,50.36531440891127,3.5465590313779876,0.37316152549818754,0.009067510709141104,0.1601274294921875,34.32785249152346
2,4,10,50.36531440891127,3.5465590313779876,0.490423864254423,-0.09909006461823841,0.16555376562500002,32.11271517453127
2,4,11,50.36531440891127,3.5465590313779876,0.3972475286304932,-0.0093360020529001,0.186267947265625,32.41593760894533
2,4,12,50.36531440891127,3.5465590313779876,0.34069984028201483,0.011453115425097046,0.209086681640625,30.591756356914082
2,4,13,50.36531440891127,3.5465590313779876,0.49559057307846593,-0.14199313766962415,0.191739775390625,30.08026168039064
2,5,0,50.36531440891127,3.5465590313779876,0.36921141486182885,-0.018863251122838758,0.1341458984375,39.25977496707033
2,5,1,50.36531440891127,3.5465590313779876,0.4190271740799209,-0.03505849010095372,0.13208749296875,39.561842484570334
2,5,2,50.36531440891127,3.5465590313779876,0.3410866749025595,0.01965278861204982,0.14017794296875002,38.40603101058596
2,5,3,50.36531440891127,3.5465590313779876,0.44468151464662276,-0.05541557645996084,0.13664196707317075,35.90911399402346
2,5,4,50.36531440891127,3.5465590313779876,0.5019739089853241,-0.07341468685319773,0.1387785369140625,36.45266595968752
2,5,5,50.36531440891127,3.5465590313779876,0.360854923382543,0.006458447441545171,0.13217002734375,38.683511481875016
2,5,6,50.36531440891127,3.5465590313779876,0.4306177933687862,-0.06751017001567365,0.13693869355468752,36.24628297472658
2,5,7,50.36531440891127,3.5465590313779876,0.5728706889948976,-0.14699498080083115,0.1402589291015625,33.53559951593752
2,5,8,50.36531440891127,3.5465590313779876,0.4551140297965579,-0.047806177174350664,0.1422187228515625,34.22375642539065
2,5,9,50.36531440891127,3.5465590313779876,0.43990110542721417,-0.02895145740336028,0.14469592578125,35.012351051445336
2,5,10,50.36531440891127,3.5465590313779876,0.4026975141821797,-0.03130862812332269,0.18356035878906252,32.67802363859377
2,5,11,50.36531440891127,3.5465590313779876,0.41017824140638115,-0.0020428589360752757,0.19991658496093753,32.90311227207033
2,5,12,50.36531440891127,3.5465590313779876,0.3933466052350507,0.0032816400696797556,0.19854280234375002,32.20793907546877
2,5,13,50.36531440891127,3.5465590313779876,0.405103948295487,-0.04575156705635736,0.19211632695312503,31.938122445898454
2,6,0,50.36531440891127,3.5465590313779876,0.3820371640631262,-0.004250283742679676,0.14045166406250004,39.66175281136721
2,6,1,50.36531440891127,3.5465590313779876,0.3809245930810987,-0.005512078415608285,0.13482038183593753,39.63093722480471
2,6,2,50.36531440891127,3.5465590313779876,0.3901486526438937,-0.03731959398796369,0.12519142089843752,37.75063235140627
2,6,3,50.36531440891127,3.5465590313779876,0.3931840985098642,-0.016267997290500994,0.1294549337398374,36.78244480730471
2,6,4,50.36531440891127,3.5465590313779876,0.4606740441242746,-0.0845223973348464,0.1357395724609375,36.07121626285158
2,6,5,50.36531440891127,3.5465590313779876,0.4462330307682646,-0.053655414943149723,0.14124232246093749,34.65674345503908
2,6,6,50.36531440891127,3.5465590313779876,0.4910398667049123,-0.07786038342582682,0.14171124238281252,34.35947585234376
2,6,7,50.36531440891127,3.5465590313779876,0.4547899907631524,-0.05145063114097083,0.1367871310546875,35.85814410593752
2,6,8,50.36531440891127,3.5465590313779876,0.4300168841711338,-0.02530918958196588,0.13519371582031253,36.10561008910158
2,6,9,50.36531440891127,3.5465590313779876,0.48589386628588627,-0.055098726198097886,0.14123708750000002,34.24673459890627
2,6,10,50.36531440891127,3.5465590313779876,0.35996637290164907,0.013651606464151419,0.1977663046875,31.08335708890627
2,6,11,50.36531440891127,3.5465590313779876,0.7608170500659144,-0.34667849224678937,0.192320784375,31.389410071132833
2,6,12,50.36531440891127,3.5465590313779876,0.6546645916018199,-0.2679965289316619,0.1997620748046875,30.357842288984394
2,6,13,50.36531440891127,3.5465590313779876,0.5730774481339203,-0.20842831970338477,0.1964628888671875,33.002942489023454
2,7,0,50.36531440891127,3.5465590313779876,0.42007061651641353,-0.03535469602136869,0.1316074013671875,39.316078835585955
2,7,1,50.36531440891127,3.5465590313779876,0.40747902038846034,-0.027213080763318857,0.133937745703125,37.597756066250014
2,7,2,50.36531440891127,3.5465590313779876,0.36817559368929603,-0.010928136650281311,0.12229750303643726,37.241006904570334
2,7,3,50.36531440891127,3.5465590313779876,0.32785679706614573,0.007993390556396644,0.1153222787109375,38.27788196386721
2,7,4,50.36531440891127,3.5465590313779876,0.2993162756202403,0.019823891395111197,0.1213710109375,37.4628911442969
2,7,5,50.36531440891127,3.5465590313779876,0.42581044945376556,-0.03651200670215804,0.13866661308593753,35.212906045273456
2,7,6,50.36531440891127,3.5465590313779876,0.4943639055498904,-0.05998487739180344,0.14052307832031252,34.745284859843764
2,7,7,50.36531440891127,3.5465590313779876,0.5503884540369428,-0.09897771326516328,0.14914688203124998,33.30449596835939
2,7,8,50.36531440891127,3.5465590313779876,0.6083559205522691,-0.15743122213618727,0.156510935546875,33.25695745191408
2,7,9,50.36531440891127,3.5465590313779876,0.5071558853808129,-0.08629538928589302,0.14346329531250002,34.18668559519533
2,7,10,50.36531440891127,3.5465590313779876,0.5014608421598804,-0.1336475537538957,0.1899525326171875,32.65003192402346
2,7,11,50.36531440891127,3.5465590313779876,0.5686948563885368,-0.17015104398211178,0.18887629218750002,30.35806926687502
2,7,12,50.36531440891127,3.5465590313779876,0.49442598683434746,-0.14955260180910093,0.20708337753906253,30.916401498710954
2,7,13,50.36531440891127,3.5465590313779876,0.6026259181279293,-0.23486581819757385,0.1897630453125,30.790175088242204
2,8,0,50.36531440891127,3.5465590313779876,0.38538732139015863,-0.024850138160297262,0.13127479414062498,39.534484972929704
2,8,1,50.36531440891127,3.5465590313779876,0.41218008613347157,-0.042635457840029437,0.131897654296875,38.571330997343765
2,8,2,50.36531440891127,3.5465590313779876,0.38090303918237495,-0.03683067032720558,0.11739463196078431,37.78585397937502
2,8,3,50.36531440891127,3.5465590313779876,0.2454639743151356,0.05037260541950944,0.10364697246093751,38.37402045218752
2,8,4,50.36531440891127,3.5465590313779876,0.3624083244268016,-0.021017009235190377,0.11265786796875,36.89005903074221
2,8,5,50.36531440891127,3.5465590313779876,0.46270920896020007,-0.06832431057237635,0.13320135078125,35.467835595546894
2,8,6,50.36531440891127,3.5465590313779876,0.5159498310775793,-0.1112122844337532,0.1526251564453125,33.576535646093774
2,8,7,50.36531440891127,3.5465590313779876,0.4706987797732478,-0.0755658307358876,0.17929205664062497,31.564750491640645
2,8,8,50.36531440891127,3.5465590313779876,0.5061185886854854,-0.14979042561785352,0.18651568339843752,31.318045551992206
2,8,9,50.36531440891127,3.5465590313779876,0.4542285542198398,-0.06198340941499537,0.1810032380859375,32.70785787957033
2,8,10,50.36531440891127,3.5465590313779876,0.4608047594849494,-0.055253282612817714,0.18090936484375,33.15059828269533
2,8,11,50.36531440891127,3.5465590313779876,0.27901201857383706,0.07699603813913822,0.2053850009765625,31.97182866265627
2,8,12,50.36531440891127,3.5465590313779876,0.4874992826658967,-0.1018132738882823,0.19359437070312502,32.31055978531252
2,8,13,50.36531440891127,3.5465590313779876,0.5388684331624255,-0.11394272508820891,0.17751026425781252,30.75894560082033
2,9,0,50.36531440891127,3.5465590313779876,0.38209239186497135,-0.02635474691722589,0.13227054277343753,38.650699825039084
2,9,1,50.36531440891127,3.5465590313779876,0.414455923861303,-0.03336631472557528,0.12655138671875,38.37978836093752
2,9,2,50.36531440891127,3.5465590313779876,0.4060969437294014,-0.04332178076297685,0.12670671621093751,38.163264804921894
2,9,3,50.36531440891127,3.5465590313779876,0.3189567217686477,0.014839870573707522,0.1139306583984375,38.176549687343766
2,9,4,50.36531440891127,3.5465590313779876,0.44901895467023545,-0.08664927613218062,0.12306255117187502,35.127515627656265
2,9,5,50.36531440891127,3.5465590313779876,0.4449237749249252,-0.052768316829649185,0.135166306640625,36.18947841968752
2,9,6,50.36531440891127,3.5465590313779876,0.5398238247349587,-0.07028698097688399,0.1588554130859375,33.416229172929704
2,9,7,50.36531440891127,3.5465590313779876,0.4582899751635969,-0.07439077813487274,0.19313931386718752,32.335433891796896
2,9,8,50.36531440891127,3.5465590313779876,0.43691183933503175,-0.10357896881871051,0.20178328007812502,32.00564836835939
2,9,9,50.36531440891127,3.5465590313779876,0.3121452015991163,-0.015994451399053474,0.19784039648437501,32.05462218617189
2,9,10,50.36531440891127,3.5465590313779876,0.4635116250577328,-0.09446185641576899,0.208810003125,31.367059424726584
2,9,11,50.36531440891127,3.5465590313779876,0.5413916993545627,-0.15238034413040893,0.19376720703125,30.574646229453144
2,9,12,50.36531440891127,3.5465590313779876,0.5587244270461816,-0.1942939924892128,0.1881976724609375,31.103104165390647
2,9,13,50.36531440891127,3.5465590313779876,0.5347846423810437,-0.09928901474907104,0.18372547031250003,32.122401789804705
2,10,0,50.36531440891127,3.5465590313779876,0.49576605476637203,-0.11307081613279295,0.1418077842975207,36.34786893242189
2,10,1,50.36531440891127,3.5465590313779876,0.4134565835330501,-0.0794308361825438,0.13566024254385967,36.9626385491797
2,10,2,50.36531440891127,3.5465590313779876,0.4392815731471077,-0.06255105456542123,0.13376113632812503,37.39162676246096
2,10,3,50.36531440891127,3.5465590313779876,0.4190208446887663,-0.0496761834140093,0.1282540828125,35.9224389313672
2,10,4,50.36531440891127,3.5465590313779876,0.47165741019641594,-0.08857844722420391,0.13929757753906252,35.67197550488284
2,10,5,50.36531440891127,3.5465590313779876,0.4185547347430235,-0.027167939098177264,0.1331379296875,36.96855332597658
2,10,6,50.36531440891127,3.5465590313779876,0.38973118124219697,-0.003598095482123519,0.13847883710937503,36.416222656601576
2,10,7,50.36531440891127,3.5465590313779876,0.4125121745153,0.0163511557574523,0.149695937109375,36.15855602000002
2,10,8,50.36531440891127,3.5465590313779876,0.5870596517315008,-0.16315458203070804,0.1766330560546875,33.00680778898439
2,10,9,50.36531440891127,3.5465590313779876,0.4220949562917439,-0.04860262870178923,0.1803475107421875,34.637984399960956
2,10,10,50.36531440891127,3.5465590313779876,0.6385658897257811,-0.20170161157913163,0.18116531074218753,31.18966952738283
2,10,11,50.36531440891127,3.5465590313779876,0.5779876951250909,-0.1787133248538843,0.17573679296875003,31.063997210000014
2,10,12,50.36531440891127,3.5465590313779876,0.5732798050857038,-0.17126344940472643,0.18968979589843749,30.929452727421893
2,10,13,50.36531440891127,3.5465590313779876,0.5917732606315941,-0.1604627007457285,0.15964532949218752,32.1851478249219
2,11,0,50.36531440891127,3.5465590313779876,0.4680735653185709,-0.40035967053663984,0.08912707370689656,29.173137864687522
2,11,1,50.36531440891127,3.5465590313779876,0.45348514911232424,-0.10955375024772561,0.16302330630434786,36.975129008984396
2,11,2,50.36531440891127,3.5465590313779876,0.48957179936695583,-0.11202241958385757,0.13834188789062501,35.668610891445326
2,11,3,50.36531440891127,3.5465590313779876,0.4069094976025339,-0.021797526182016778,0.14027280117187502,36.72777651476564
2,11,4,50.36531440891127,3.5465590313779876,0.4012695415999884,-0.009258537410692476,0.14544160390625002,36.696046340820324
2,11,5,50.36531440891127,3.5465590313779876,0.42592730631378195,-0.0347589565683135,0.14045090039062502,34.61260293113283
2,11,6,50.36531440891127,3.5465590313779876,0.4113883424547894,-0.028265779683702905,0.13826827832031252,35.86899231394533
2,11,7,50.36531440891127,3.5465590313779876,0.40492111907497863,0.0028777699808433125,0.14182064941406253,35.57474218203127
2,11,8,50.36531440891127,3.5465590313779876,0.48792567752389193,-0.09432762481547395,0.16193961367187498,34.529428885859396
2,11,9,50.36531440891127,3.5465590313779876,0.41412926151680496,-0.044304436910484794,0.17495542910156253,34.519388452109396
2,11,10,50.36531440891127,3.5465590313779876,0.4915994190351744,-0.05970555879159622,0.17104083769531253,31.65021434328127
2,11,11,50.36531440891127,3.5465590313779876,0.533239286832013,-0.15454015055674622,0.16972440136718753,32.508851676054704
2,11,12,50.36531440891127,3.5465590313779876,0.4505993257781027,-0.0842879181429544,0.18728170898437502,33.199578776328146
2,11,13,50.36531440891127,3.5465590313779876,0.4772927432032361,-0.057165515157402515,0.1841960845703125,33.03379145468752
2,12,0,50.36531440891127,3.5465590313779876,0.6097808569462305,-0.26154845964946544,0.11924744967741938,31.385451309687518
2,12,1,50.36531440891127,3.5465590313779876,0.5470748505864313,-0.12187694637780037,0.1366504357421875,36.43414055832034
2,12,2,50.36531440891127,3.5465590313779876,0.37498512339709417,-0.011189701863892265,0.1274462556640625,38.27310207652346
2,12,3,50.36531440891127,3.5465590313779876,0.42845407329245533,-0.031692994831856114,0.13744518984375,35.69735697371095
2,12,4,50.36531440891127,3.5465590313779876,0.43547690793576144,-0.025910829455825315,0.14100827636718752,35.54327904089846
2,12,5,50.36531440891127,3.5465590313779876,0.498006389298043,-0.09552556511208801,0.1699380447265625,32.695127090234394
2,12,6,50.36531440891127,3.5465590313779876,0.5764566705181303,-0.14753253670655803,0.160256747265625,32.59191223238283
2,12,7,50.36531440891127,3.5465590313779876,0.47452813489999013,-0.05886880048074008,0.1416959595703125,34.12510115281252
2,12,8,50.36531440891127,3.5465590313779876,0.45292866822839273,-0.05492244611215119,0.14862818359375002,34.622836963671894
2,12,9,50.36531440891127,3.5465590313779876,0.48403981802685286,-0.08742995519173961,0.14604241015625002,32.61649260277346
2,12,10,50.36531440891127,3.5465590313779876,0.4795617652304021,-0.091903337440109,0.16147644433593752,32.82203443437502
2,12,11,50.36531440891127,3.5465590313779876,0.4695508789665676,-0.05572053479623393,0.147968198046875,33.31499703371095
2,12,12,50.36531440891127,3.5465590313779876,0.3572688575034726,-0.005923313757699928,0.17450978125,34.62686248332033
2,12,13,50.36531440891127,3.5465590313779876,0.3376895407594776,0.006824667287715948,0.160090871484375,35.96029083253908
2,13,0,50.36531440891127,3.5465590313779876,0.5391990391027348,-0.1594588171831837,0.11365177315573771,34.085887384296896
2,13,1,50.36531440891127,3.5465590313779876,0.4354992784707158,-0.038224307410857264,0.13916804082031253,36.14561828023439
2,13,2,50.36531440891127,3.5465590313779876,0.40493863464515334,-0.047872143727902085,0.14205851503906253,36.299769647070335
2,13,3,50.36531440891127,3.5465590313779876,0.45329543140844997,-0.0569601502779723,0.13680771796875002,35.43641918515627
2,13,4,50.36531440891127,3.5465590313779876,0.4612056589215226,-0.05725884830003808,0.148185722265625,36.25930082433595
2,13,5,50.36531440891127,3.5465590313779876,0.5139536380719252,-0.12359021023841955,0.16809186699218753,32.83097335777346
2,13,6,50.36531440891127,3.5465590313779876,0.49583853107698966,-0.10206043339370427,0.16242525703125,33.06014759328127
2,13,7,50.36531440891127,3.5465590313779876,0.4897827445804056,-0.07084125630882104,0.1434180251953125,33.11197198636721
2,13,8,50.36531440891127,3.5465590313779876,0.4271355803471468,-0.035850181279072246,0.14508824648437502,33.59769799648439
2,13,9,50.36531440891127,3.5465590313779876,0.4768599150829675,-0.062396327187591895,0.1762185986328125,31.311262918554704
2,13,10,50.36531440891127,3.5465590313779876,0.5173676358135084,-0.11458015308440159,0.1665979685546875,31.528867957460957
2,13,11,50.36531440891127,3.5465590313779876,0.49106035539600423,-0.09087211840026613,0.146433166015625,33.493047837265635
2,13,12,50.36531440891127,3.5465590313779876,0.3913305228472572,0.00659487259628095,0.1762420888671875,34.663980044257826
2,13,13,50.36531440891127,3.5465590313779876,0.5444966171594747,-0.14279777668161256,0.1786825126953125,32.07826126589846
3,0,0,50.48604743083006,5.430716448385955,0.5745891987582851,-0.1081165794017401,0.1896877052734375,30.145544527226576
3,0,1,50.48604743083006,5.430716448385955,0.756519975409299,-0.27416473840300415,0.1676719076171875,28.30138922082033
3,0,2,50.48604743083006,5.430716448385955,0.6982424780338641,-0.2092239185958886,0.1661061828125,30.774019603085957
3,0,3,50.48604743083006,5.430716448385955,0.5290273711690993,-0.12371530381200149,0.18041013496093752,31.448884954296894
3,0,4,50.48604743083006,5.430716448385955,0.49532475323813124,-0.08854021551399491,0.188135055078125,33.29135127816408
3,0,5,50.48604743083006,5.430716448385955,0.5155962053471157,-0.09522132698588157,0.18858343964843752,33.71859042652346
3,0,6,50.48604743083006,5.430716448385955,0.5540026682317685,-0.11725436814285006,0.176649875,32.08561801988283
3,0,7,50.48604743083006,5.430716448385955,0.4431717983712659,-0.04288886548098039,0.19864409296875002,33.6127119163672
3,0,8,50.48604743083006,5.430716448385955,0.6651012601133055,-0.14638864638596616,0.16279092890625,30.84468983691408
3,0,9,50.48604743083006,5.430716448385955,0.5758977388395274,-0.0825414453824678,0.17083483203125,31.74331533335939
3,0,10,50.48604743083006,5.430716448385955,0.7001605580833817,-0.20259529023432268,0.16714977050781252,29.580376255390643
3,0,11,50.48604743083006,5.430716448385955,0.571144802291671,-0.11026659083163956,0.169962624609375,31.320128407929708
3,0,12,50.48604743083006,5.430716448385955,0.4583172076662676,-0.038096859004743404,0.1911885576171875,32.63142641281252
3,0,13,50.48604743083006,5.430716448385955,0.5399011503088464,-0.17547885310490816,0.210262005859375,32.00464031949221
3,1,0,50.48604743083006,5.430716448385955,0.6138322806222312,-0.15619894994296385,0.19655050390625,31.68445462566408
3,1,1,50.48604743083006,5.430716448385955,0.6271142677564805,-0.14312285813415565,0.165846984375,31.536505095898455
3,1,2,50.48604743083006,5.430716448385955,0.6385570291811753,-0.16870466809386964,0.173933994921875,32.646413629414084
3,1,3,50.48604743083006,5.430716448385955,0.7053899624804394,-0.227641235022577,0.18366858593750002,31.48590237792971
3,1,4,50.48604743083006,5.430716448385955,0.6132586973173579,-0.20603078857897042,0.19233115625000002,31.728508363906272
3,1,5,50.48604743083006,5.430716448385955,0.510226210418731,-0.05131852988208782,0.1819801751953125,34.55278758113283
3,1,6,50.48604743083006,5.430716448385955,0.5824872909714376,-0.1012434215932646,0.1721771296875,32.460164918515645
3,1,7,50.48604743083006,5.430716448385955,0.6405396365587321,-0.1643215405069145,0.1712825021484375,30.666305242343768
3,1,8,50.48604743083006,5.430716448385955,0.6877900727856093,-0.24268099685749467,0.172012707421875,30.57578779472658
3,1,9,50.48604743083006,5.430716448385955,0.546192532749137,-0.09424492447259401,0.16835048808593753,30.63670465507814
3,1,10,50.48604743083006,5.430716448385955,0.763050126160689,-0.27778606043796256,0.1466689955078125,26.194106456796895
3,1,11,50.48604743083006,5.430716448385955,0.624221618945485,-0.11403407819063892,0.1668255498046875,30.72089342503908
3,1,12,50.48604743083006,5.430716448385955,0.5326608023764134,-0.040110697907816725,0.17842491601562502,32.07439596593751
3,1,13,50.48604743083006,5.430716448385955,0.5860993293871168,-0.07940008548574912,0.1747683654296875,29.936825005156265
3,2,0,50.48604743083006,5.430716448385955,0.6423866462713974,-0.23304096171600014,0.19510305488281252,30.439273945156266
3,2,1,50.48604743083006,5.430716448385955,0.5845320901274553,-0.15488769258058827,0.1609754732421875,32.677249243437515
3,2,2,50.48604743083006,5.430716448385955,0.584287923401789,-0.16119877432505939,0.1773556966796875,31.610967195664085
3,2,3,50.48604743083006,5.430716448385955,0.5790027424731121,-0.16371497908716887,0.1764365302734375,31.149007105859397
3,2,4,50.48604743083006,5.430716448385955,0.6340293486763986,-0.16318172725901522,0.16721424296875,30.758565079062517
3,2,5,50.48604743083006,5.430716448385955,0.5923478815283744,-0.14530162518044348,0.16740584199218753,31.475327878554708
3,2,6,50.48604743083006,5.430716448385955,0.6488389180239911,-0.19275573397152612,0.1710493080078125,29.71144263558596
3,2,7,50.48604743083006,5.430716448385955,0.6582128338410506,-0.19957364793565008,0.18901428925781252,31.26413162714846
3,2,8,50.48604743083006,5.430716448385955,0.6058919062748249,-0.11240319637769615,0.174560159765625,33.02499272351565
3,2,9,50.48604743083006,5.430716448385955,0.7768220521205176,-0.31565872914056914,0.15844148593750002,26.719286564960953
3,2,10,50.48604743083006,5.430716448385955,0.798391260575514,-0.32944631881000264,0.16755467695312504,26.07128471468752
3,2,11,50.48604743083006,5.430716448385955,0.48641964440587054,-0.046767754201377854,0.19341494628906253,31.63933275617189
3,2,12,50.48604743083006,5.430716448385955,0.48574371700508057,-0.04652428732591497,0.1798836462890625,29.021503282109393
3,2,13,50.48604743083006,5.430716448385955,0.7073568471284934,-0.25403028962378915,0.1518507478515625,27.04469942609377
3,3,0,50.48604743083006,5.430716448385955,0.495926534856028,-0.1071134361792141,0.21308650039062504,32.90504825996095
3,3,1,50.48604743083006,5.430716448385955,0.5682987884589957,-0.18991302949503439,0.1861905865234375,31.885363437968767
3,3,2,50.48604743083006,5.430716448385955,0.762018411832163,-0.28130349413413913,0.15940542109375,28.65093517238283
3,3,3,50.48604743083006,5.430716448385955,0.6676168624168877,-0.21529976173609508,0.1830694671875,30.967097678164084
3,3,4,50.48604743083006,5.430716448385955,0.5236753307202882,-0.17537915618197725,0.21279676132812503,31.820534546914082
3,3,5,50.48604743083006,5.430716448385955,0.6446895522964886,-0.2678199687783013,0.200083555859375,30.341072628359395
3,3,6,50.48604743083006,5.430716448385955,0.5854676181783995,-0.13646816683560442,0.16955053984375001,30.398618199453146
3,3,7,50.48604743083006,5.430716448385955,0.587634794080913,-0.10024326162758018,0.17865801035156254,31.05480460542971
3,3,8,50.48604743083006,5.430716448385955,0.7076177528634575,-0.2035305379426991,0.15792070449218748,28.905283926289083
3,3,9,50.48604743083006,5.430716448385955,0.7710001559294828,-0.30077918697372114,0.17056315546875,27.385099503828144
3,3,10,50.48604743083006,5.430716448385955,0.6109173617902879,-0.18222529815911495,0.19365102695312503,28.683299549257832
3,3,11,50.48604743083006,5.430716448385955,0.5543842770986365,-0.07017768410334582,0.1734653171875,29.171762645703144
3,3,12,50.48604743083006,5.430716448385955,0.6737092464291461,-0.2743720452581908,0.1667532830078125,29.098328622265647
3,3,13,50.48604743083006,5.430716448385955,0.7647223681506099,-0.28058081577985583,0.158422723046875,27.883329325390644
3,4,0,50.48604743083006,5.430716448385955,0.2845688556690614,0.01898200230520716,0.2146409953125,33.93869222222658
3,4,1,50.48604743083006,5.430716448385955,0.6133335173152101,-0.26155517629113606,0.2194035671875,29.757966427343767
3,4,2,50.48604743083006,5.430716448385955,0.8264205450860215,-0.3478175978457258,0.160300034375,25.42947134984377
3,4,3,50.48604743083006,5.430716448385955,0.8053428716277334,-0.3340668930307628,0.16606562109375,25.389216153359396
3,4,4,50.48604743083006,5.430716448385955,0.7747599131470717,-0.33224174762831793,0.17179273203125,25.397327275039082
3,4,5,50.48604743083006,5.430716448385955,0.6398346402435209,-0.13436723697989916,0.165121856640625,29.413827890234394
3,4,6,50.48604743083006,5.430716448385955,0.48224997927850766,-0.09676594058833829,0.18575411269531253,31.660181343007835
3,4,7,50.48604743083006,5.430716448385955,0.77200933840256,-0.3056152944209742,0.1538779720703125,26.541482766757834
3,4,8,50.48604743083006,5.430716448385955,0.794922714882674,-0.32440838449979814,0.16674001816406253,26.73298534824221
3,4,9,50.48604743083006,5.430716448385955,0.8046608659253489,-0.3257425179367899,0.1558475865234375,25.402541090703146
3,4,10,50.48604743083006,5.430716448385955,0.6768183215966572,-0.24972216901632466,0.173585073046875,26.10680007875002
3,4,11,50.48604743083006,5.430716448385955,0.31281338172995854,0.03198766203485633,0.20745368808593753,29.621145490039083
3,4,12,50.48604743083006,5.430716448385955,0.5679202549413181,-0.14199022377193893,0.18041801328125,29.802580934492205
3,4,13,50.48604743083006,5.430716448385955,0.6287629701680925,-0.09332283543028994,0.15587530937500002,28.541151307343767
3,5,0,50.48604743083006,5.430716448385955,0.5378248748799362,-0.19543300080935433,0.2157591806640625,31.099919799101585
3,5,1,50.48604743083006,5.430716448385955,0.5978170069155584,-0.2241974281075434,0.19316387421875003,28.391726421289082
3,5,2,50.48604743083006,5.430716448385955,0.8174980312599098,-0.35188453418907706,0.1522636662109375,24.267311170742204
3,5,3,50.48604743083006,5.430716448385955,0.8553749167024107,-0.3639892279203623,0.15977063066406252,24.54933119984377
3,5,4,50.48604743083006,5.430716448385955,0.674572655482838,-0.25703868565476595,0.1770269552734375,25.804719209609395
3,5,5,50.48604743083006,5.430716448385955,0.6909819511729731,-0.24448539999213992,0.1793097560546875,27.190232308906268
3,5,6,50.48604743083006,5.430716448385955,0.8185862609713497,-0.3570862849670605,0.16500161132812502,25.004108106992206
3,5,7,50.48604743083006,5.430716448385955,0.8238536978883754,-0.3537912844277289,0.15915906972656252,25.388047884804706
3,5,8,50.48604743083006,5.430716448385955,0.8394074693371466,-0.4011636946101912,0.1608412798828125,26.86869809937502
3,5,9,50.48604743083006,5.430716448385955,0.6391425338623488,-0.22953271830306113,0.1608554388671875,26.677355737578146
3,5,10,50.48604743083006,5.430716448385955,0.44443493949518986,-0.005926156642345574,0.18887240332031252,30.94586856957033
3,5,11,50.48604743083006,5.430716448385955,0.5868247108223036,-0.05861596689099508,0.16948796230468752,30.859543537109396
3,5,12,50.48604743083006,5.430716448385955,0.7350963802968955,-0.23526669912097875,0.16138716269531253,27.24147590562502
3,5,13,50.48604743083006,5.430716448385955,0.5591055173155097,-0.13785498294623297,0.174709016796875,27.076362841835955
3,6,0,50.48604743083006,5.430716448385955,0.37035774110600905,-0.06155453092715814,0.2209467283203125,31.8969192829297
3,6,1,50.48604743083006,5.430716448385955,0.4748926669345311,-0.09804649034004884,0.20550955,30.88596643390627
3,6,2,50.48604743083006,5.430716448385955,0.6559632683559335,-0.20882338462288097,0.18048166738281252,28.46615514195314
3,6,3,50.48604743083006,5.430716448385955,0.7389554469190839,-0.2884850044332845,0.1757409845703125,26.960016645429704
3,6,4,50.48604743083006,5.430716448385955,0.4740015354525365,-0.11503898870203244,0.19752490585937502,31.34299309250002
3,6,5,50.48604743083006,5.430716448385955,0.47455009704410717,-0.11979098416143574,0.2145704494140625,29.549160119609393
3,6,6,50.48604743083006,5.430716448385955,0.769707601188854,-0.3055565146727306,0.1665618998046875,25.752440860742205
3,6,7,50.48604743083006,5.430716448385955,0.8048521872452563,-0.3272616678011506,0.1563075578125,26.143343519140643
3,6,8,50.48604743083006,5.430716448385955,0.8448166192626764,-0.4376760460869965,0.13784234374999998,24.216962133945334
3,6,9,50.48604743083006,5.430716448385955,0.6604250908040159,-0.1680229473352685,0.1683885333984375,26.783988615429706
3,6,10,50.48604743083006,5.430716448385955,0.7424991466114954,-0.2576277311237151,0.1671653490234375,26.35570136328127
3,6,11,50.48604743083006,5.430716448385955,0.8063884538628366,-0.340449787963782,0.14363951582031254,25.429558135507833
3,6,12,50.48604743083006,5.430716448385955,0.8437754472351053,-0.36480525855743773,0.15096041718750003,24.439827719257828
3,6,13,50.48604743083006,5.430716448385955,0.38719553058549494,-0.01418359579540357,0.185285046484375,30.26311907457033
3,7,0,50.48604743083006,5.430716448385955,0.6812026378381583,-0.28384414419417237,0.19518461855468752,29.406517866992203
3,7,1,50.48604743083006,5.430716448385955,0.5979056815083681,-0.19803073684194333,0.2067087638671875,30.331813265585957
3,7,2,50.48604743083006,5.430716448385955,0.3490378328877622,-0.061891447505742575,0.21570810781250002,34.28838504183596
3,7,3,50.48604743083006,5.430716448385955,0.3800642181105242,-0.03702912628926988,0.21291921640625003,32.3126826961719
3,7,4,50.48604743083006,5.430716448385955,0.5159938151817931,-0.1638563585593084,0.18032769277343752,29.53307806847658
3,7,5,50.48604743083006,5.430716448385955,0.7196322476520159,-0.2853697048405464,0.186221811328125,27.98350668500002
3,7,6,50.48604743083006,5.430716448385955,0.6771236724481821,-0.19877216275220883,0.16834946093750003,28.971494712148456
3,7,7,50.48604743083006,5.430716448385955,0.6284712248589193,-0.17996974656539041,0.184760430078125,29.214621412109395
3,7,8,50.48604743083006,5.430716448385955,0.7045778474260963,-0.2210322655126315,0.1740666359375,27.330771678125018
3,7,9,50.48604743083006,5.430716448385955,0.523784128116535,-0.0956018218937743,0.18085255097656253,27.264167018867205
3,7,10,50.48604743083006,5.430716448385955,0.5664649642575619,-0.12446943888749694,0.1790503484375,29.103542437929708
3,7,11,50.48604743083006,5.430716448385955,0.6677798025525294,-0.18571343170311944,0.159319326171875,27.313481303515644
3,7,12,50.48604743083006,5.430716448385955,0.5613951798547048,-0.13437225483065943,0.19197323867187505,27.702581490429708
3,7,13,50.48604743083006,5.430716448385955,0.46578069190079635,-0.05773189469914737,0.2055630517578125,27.942957752421894
3,8,0,50.48604743083006,5.430716448385955,0.6041079487018397,-0.11582830475625733,0.18900568457031253,32.33610814964846
3,8,1,50.48604743083006,5.430716448385955,0.40723426521910433,-0.04887971631261396,0.19812168007812503,31.97971280644533
3,8,2,50.48604743083006,5.430716448385955,0.5024637092384266,-0.16794123108993325,0.1975513126953125,30.325237582578144
3,8,3,50.48604743083006,5.430716448385955,0.5943471657591147,-0.18107443450724273,0.19841384746093754,29.716836698398456
3,8,4,50.48604743083006,5.430716448385955,0.6560781485994214,-0.1478723036285634,0.16974877421875,30.095569336367205
3,8,5,50.48604743083006,5.430716448385955,0.5793375525818609,-0.10423431745034,0.17239460917968752,31.417214862734397
3,8,6,50.48604743083006,5.430716448385955,0.5218913263124136,-0.1187155488178126,0.195732066796875,29.83963841304689
3,8,7,50.48604743083006,5.430716448385955,0.4723296147974444,-0.08732399859161777,0.1884020115234375,28.03835522468752
3,8,8,50.48604743083006,5.430716448385955,0.6840888011712194,-0.19843787227074894,0.1672664904296875,27.16649309187502
3,8,9,50.48604743083006,5.430716448385955,0.7938154003071715,-0.34653904404559566,0.1602520279296875,24.648146692109393
3,8,10,50.48604743083006,5.430716448385955,0.5685335802846453,-0.15651861942178916,0.194785488671875,27.720579501992205
3,8,11,50.48604743083006,5.430716448385955,0.6905449487719295,-0.22089464033267964,0.168132159375,26.928092872695338
3,8,12,50.48604743083006,5.430716448385955,0.7055567752687741,-0.215683209673374,0.16944354765625,25.60079960234377
3,8,13,50.48604743083006,5.430716448385955,0.5528866151803973,-0.08487558583748747,0.18242382167968751,26.130025257617206
3,9,0,50.48604743083006,5.430716448385955,0.6532195738527196,-0.19351205181455056,0.19263185585937503,30.007855733281268
3,9,1,50.48604743083006,5.430716448385955,0.565139957258233,-0.1639271236840729,0.19355438984375,29.688531220273457
3,9,2,50.48604743083006,5.430716448385955,0.42779139002973765,-0.09321849146856542,0.206567577734375,31.32393362550783
3,9,3,50.48604743083006,5.430716448385955,0.41960922120772387,-0.052065466151654395,0.21676600058593753,31.420906591367206
3,9,4,50.48604743083006,5.430716448385955,0.6626044813965327,-0.18906182676765956,0.18030360449218752,29.72148974515627
3,9,5,50.48604743083006,5.430716448385955,0.6194883532487335,-0.14043056172720228,0.1854646248046875,30.25775171503908
3,9,6,50.48604743083006,5.430716448385955,0.7021283783783704,-0.30281783952606117,0.17881761855468753,26.96573782343752
3,9,7,50.48604743083006,5.430716448385955,0.5685215656906044,-0.1840036954640603,0.18409881367187503,26.139044290859395
3,9,8,50.48604743083006,5.430716448385955,0.6761636588124891,-0.23721751084485806,0.19047761035156252,26.61886220000002
3,9,9,50.48604743083006,5.430716448385955,0.6413548406430332,-0.23595820666410314,0.1981524609375,27.622805437695334
3,9,10,50.48604743083006,5.430716448385955,0.6924668222608683,-0.2632436854284593,0.17667802285156248,27.00323590613283
3,9,11,50.48604743083006,5.430716448385955,0.7900609286825762,-0.31003175722694365,0.15605983945312502,24.982571910664085
3,9,12,50.48604743083006,5.430716448385955,0.5318010360087573,-0.12023336178062048,0.178969484375,27.028443803632832
3,9,13,50.48604743083006,5.430716448385955,0.6656112677661961,-0.17457850469651381,0.16505841484375,27.15230697371096
3,10,0,50.48604743083006,5.430716448385955,0.6395925658821415,-0.19305694075183513,0.17375375136718751,29.328303956210952
3,10,1,50.48604743083006,5.430716448385955,0.6587497328024081,-0.23818992669375827,0.19737076250000002,28.46171572144533
3,10,2,50.48604743083006,5.430716448385955,0.5255676031390792,-0.15729914017872243,0.2048197001953125,27.910680161210955
3,10,3,50.48604743083006,5.430716448385955,0.6805225420618378,-0.25358834375336625,0.222494495703125,29.419869507617207
3,10,4,50.48604743083006,5.430716448385955,0.5145843823639122,-0.11584345813776523,0.22358553320312502,31.154307707187517
3,10,5,50.48604743083006,5.430716448385955,0.7297482985100978,-0.22462586289134331,0.1817623625,27.329289646015646
3,10,6,50.48604743083006,5.430716448385955,0.8613694121409605,-0.40045604752281044,0.157141012109375,23.742324661367206
3,10,7,50.48604743083006,5.430716448385955,0.594126579902399,-0.173044225706213,0.1894660779296875,27.47916848785158
3,10,8,50.48604743083006,5.430716448385955,0.49989314903069115,-0.10132153157060445,0.2033324873046875,28.79280302984377
3,10,9,50.48604743083006,5.430716448385955,0.6160836041732116,-0.1772317308675901,0.18933350507812502,28.43573342878908
3,10,10,50.48604743083006,5.430716448385955,0.4387077320651839,-0.09653386597202882,0.21286188027343753,30.593445339453144
3,10,11,50.48604743083006,5.430716448385955,0.7912190681169573,-0.33917911034150094,0.16571628906250002,25.218395263203142
3,10,12,50.48604743083006,5.430716448385955,0.8105801271698598,-0.34902594913260876,0.1606103060546875,24.99832684660158
3,10,13,50.48604743083006,5.430716448385955,0.6197534261216628,-0.10400454307824943,0.1753074248046875,29.151201119140644
3,11,0,50.48604743083006,5.430716448385955,0.7654119240491348,-0.32355640012574083,0.16928018828125002,26.683337272578143
3,11,1,50.48604743083006,5.430716448385955,0.5014377276881532,-0.14963881535243254,0.21207185957031252,32.33822438468752
3,11,2,50.48604743083006,5.430716448385955,0.5820415524195012,-0.1875099998159455,0.20860193105468752,29.724907765156267
3,11,3,50.48604743083006,5.430716448385955,0.40896230777344267,-0.03873612425517665,0.2213606095703125,30.863776007187518
3,11,4,50.48604743083006,5.430716448385955,0.6833134255669298,-0.2613373422222271,0.183089938671875,27.36099979250002
3,11,5,50.48604743083006,5.430716448385955,0.8079998659516795,-0.3593157072136894,0.1700366560546875,24.193977284609396
3,11,6,50.48604743083006,5.430716448385955,0.5404128876706065,-0.16083433579116935,0.20175567460937502,29.427046014453147
3,11,7,50.48604743083006,5.430716448385955,0.3214821291137383,-0.002230601724907324,0.22057960039062502,31.81526064886721
3,11,8,50.48604743083006,5.430716448385955,0.6680541945744162,-0.19449879408920967,0.1897705806640625,29.160053256875017
3,11,9,50.48604743083006,5.430716448385955,0.5487273689258483,-0.11180576336815273,0.1858074046875,31.076707971875017
3,11,10,50.48604743083006,5.430716448385955,0.3631852306942377,-0.03591424254299519,0.22608829628906252,31.832377452148457
3,11,11,50.48604743083006,5.430716448385955,0.34731709808503014,-0.002694275218150931,0.20667275253906253,31.093117138203144
3,11,12,50.48604743083006,5.430716448385955,0.7776871777978248,-0.3330902231433726,0.178459641796875,25.703086521171894
3,11,13,50.48604743083006,5.430716448385955,0.635804634546036,-0.15407821725920026,0.1772688607421875,27.333421978789083
3,12,0,50.48604743083006,5.430716448385955,0.5704025842175605,-0.20401351491226485,0.21920310078125,31.951607602929705
3,12,1,50.48604743083006,5.430716448385955,0.48219195506108825,-0.14105407869233114,0.2081288486328125,32.90163023996095
3,12,2,50.48604743083006,5.430716448385955,0.50875071981241,-0.1532185194920048,0.18664740937500002,29.011422793437518
3,12,3,50.48604743083006,5.430716448385955,0.5434048542429081,-0.12046996304515194,0.201099812109375,28.014943122851584
3,12,4,50.48604743083006,5.430716448385955,0.6571583701079802,-0.21898479190661724,0.1891289001953125,28.359228528007833
3,12,5,50.48604743083006,5.430716448385955,0.4776542073699465,-0.08640226343834895,0.215426950390625,28.758896538476584
3,12,6,50.48604743083006,5.430716448385955,0.47084761930625907,-0.10515549144608728,0.20086646796875002,29.299571225585954
3,12,7,50.48604743083006,5.430716448385955,0.6262645621037777,-0.2187959385375371,0.20630031738281251,29.299918368242206
3,12,8,50.48604743083006,5.430716448385955,0.5949896907594081,-0.20110625400948481,0.2141626580078125,29.397946113710958
3,12,9,50.48604743083006,5.430716448385955,0.6551628609299586,-0.18442797652173581,0.1871499279296875,29.822788642578143
3,12,10,50.48604743083006,5.430716448385955,0.6674404770680719,-0.1874105333792814,0.186101970703125,29.487569001406264
3,12,11,50.48604743083006,5.430716448385955,0.5844620716080507,-0.05625160350245115,0.18390568242187502,31.052401310117205
3,12,12,50.48604743083006,5.430716448385955,0.7348171130413612,-0.28132860835171114,0.187334444921875,28.875296141445332
3,12,13,50.48604743083006,5.430716448385955,0.7150759848180613,-0.20344540265683725,0.1746210873046875,28.16157084019533
3,13,0,50.48604743083006,5.430716448385955,0.33539660567174545,-0.015987403597129596,0.2199693439453125,33.34722789417971
3,13,1,50.48604743083006,5.430716448385955,0.3095126977474628,-0.0152755186453223,0.19144204550781252,32.73105635515627
3,13,2,50.48604743083006,5.430716448385955,0.5863183467325351,-0.1436129916827958,0.1752350900390625,29.37116939843752
3,13,3,50.48604743083006,5.430716448385955,0.6747039147778939,-0.20107116328217622,0.1659512609375,30.060988587148458
3,13,4,50.48604743083006,5.430716448385955,0.5167374854571505,-0.11941621813907918,0.183752072265625,29.447126881953142
3,13,5,50.48604743083006,5.430716448385955,0.6451870633288509,-0.204382597491142,0.18371636738281252,27.278466625976584
3,13,6,50.48604743083006,5.430716448385955,0.6789964724206778,-0.26605773646752634,0.2004064703125,28.021712404648454
3,13,7,50.48604743083006,5.430716448385955,0.5080192244117089,-0.14119218878060288,0.19735263203125003,29.401384161171894
3,13,8,50.48604743083006,5.430716448385955,0.5136936929732363,-0.10186409204396471,0.20390643300781253,28.005416727265647
3,13,9,50.48604743083006,5.430716448385955,0.8592445684168333,-0.4340244457785115,0.17664888261718753,24.83772663734377
3,13,10,50.48604743083006,5.430716448385955,0.6752185419779164,-0.23093954162374236,0.1915575380859375,28.96781633515627
3,13,11,50.48604743083006,5.430716448385955,0.6846560140791724,-0.15840083013273412,0.177802344140625,29.889520142421894
3,13,12,50.48604743083006,5.430716448385955,0.6147214765308071,-0.12380752619610252,0.17095060527343753,30.702928792578142
3,13,13,50.48604743083006,5.430716448385955,0.47274228668047175,-0.10515683927247307,0.18675049355468754,29.679158368554706
4,0,0,49.76164929931729,4.300221998181175,0.8720718370707183,-0.3848773855603141,0.17336777929687502,27.39396499320314
4,0,1,49.76164929931729,4.300221998181175,0.8759415392103729,-0.414821468381308,0.17173016699218752,25.675528734921894
4,0,2,49.76164929931729,4.300221998181175,0.9014075149224386,-0.4550684052029974,0.17921396269531253,24.58298401003908
4,0,3,49.76164929931729,4.300221998181175,0.8717486685546187,-0.4075148207870679,0.16912049882812502,25.72008983550783
4,0,4,49.76164929931729,4.300221998181175,0.7032761886846227,-0.17276522801325353,0.1780803685546875,30.310731025039082
4,0,5,49.76164929931729,4.300221998181175,0.8183402694399318,-0.33083589649423306,0.16884993710937501,26.385328653828143
4,0,6,49.76164929931729,4.300221998181175,0.7961325060911223,-0.29077708733571406,0.1707798978515625,27.456670973398456
4,0,7,49.76164929931729,4.300221998181175,0.7260865635697623,-0.1747685712245254,0.16918267382812502,29.268308359062516
4,0,8,49.76164929931729,4.300221998181175,0.7188886671875572,-0.17763308117651566,0.1774568662109375,30.832806876757832
4,0,9,49.76164929931729,4.300221998181175,0.7233748170639653,-0.19738638970761763,0.17190275546875,30.26926750507814
4,0,10,49.76164929931729,4.300221998181175,0.6204413134961977,-0.09229864570146767,0.17380357441406252,32.94986304171877
4,0,11,49.76164929931729,4.300221998181175,0.4761459541745351,0.023427282221678388,0.1846577173828125,32.94857460839846
4,0,12,49.76164929931729,4.300221998181175,0.6796258979386427,-0.18513075320287548,0.179579571484375,29.873678420820333
4,0,13,49.76164929931729,4.300221998181175,0.782281464335065,-0.2580778551252838,0.1787096712890625,28.89778030425783
4,1,0,49.76164929931729,4.300221998181175,0.7171709809232414,-0.16552910666008477,0.17198694238281254,32.12431107441408
4,1,1,49.76164929931729,4.300221998181175,0.8995388694419217,-0.4451907235285816,0.169026794921875,25.11880537578127
4,1,2,49.76164929931729,4.300221998181175,0.8739319642283678,-0.40001699942970137,0.17434498144531252,25.47424607667971
4,1,3,49.76164929931729,4.300221998181175,0.8672288840966085,-0.4045366908977789,0.1714034875,25.503285895039085
4,1,4,49.76164929931729,4.300221998181175,0.7252050195842439,-0.2363376675836052,0.18092608671875,29.294998288671895
4,1,5,49.76164929931729,4.300221998181175,0.7966350829867574,-0.30798482128940186,0.15721452324218751,27.306805483203142
4,1,6,49.76164929931729,4.300221998181175,0.8149783460969395,-0.3175532066683683,0.170025448828125,27.55347704375002
4,1,7,49.76164929931729,4.300221998181175,0.7844610591269605,-0.25823690631628,0.16592497324218752,28.82524751656252
4,1,8,49.76164929931729,4.300221998181175,0.7176914398576426,-0.17562227341281583,0.165097703125,30.079333741367208
4,1,9,49.76164929931729,4.300221998181175,0.8070216893055084,-0.3074219392067883,0.1701236515625,27.82198521253908
4,1,10,49.76164929931729,4.300221998181175,0.6722948435639231,-0.18165741585580664,0.17166320234375002,30.791597037968764
4,1,11,49.76164929931729,4.300221998181175,0.722036362879581,-0.2191709851095887,0.172718929296875,30.232931015117202
4,1,12,49.76164929931729,4.300221998181175,0.8412411897880303,-0.36255401407875687,0.15917186367187502,26.92034892113283
4,1,13,49.76164929931729,4.300221998181175,0.8530969546484609,-0.3701403381529311,0.1668972849609375,26.234481818046895
4,2,0,49.76164929931729,4.300221998181175,0.7992840818890506,-0.27495031758128213,0.1658349751953125,29.455778745078142
4,2,1,49.76164929931729,4.300221998181175,0.8351430539549618,-0.34038575301236534,0.1709988388671875,28.01083081753908
4,2,2,49.76164929931729,4.300221998181175,0.69636076652005,-0.15596087106339354,0.16374244902343751,30.735486768242204
4,2,3,49.76164929931729,4.300221998181175,0.7194154432033711,-0.19425660734789718,0.18295964882812502,30.560613655156267
4,2,4,49.76164929931729,4.300221998181175,0.7392782176631991,-0.24007455153249932,0.18793824609375004,29.806259311484396
4,2,5,49.76164929931729,4.300221998181175,0.8624603332312759,-0.40290248201213813,0.17995709062500004,25.624638956679707
4,2,6,49.76164929931729,4.300221998181175,0.8570484043961528,-0.3782224088281282,0.17774768867187501,25.986094571679708
4,2,7,49.76164929931729,4.300221998181175,0.733043069530693,-0.19631398271268832,0.1712459498046875,29.77779361367189
4,2,8,49.76164929931729,4.300221998181175,0.5620418571047606,-0.026408370136228418,0.1733516408203125,33.23023414320315
4,2,9,49.76164929931729,4.300221998181175,0.7892028534057711,-0.2642891738046973,0.16162916933593752,29.188452196484395
4,2,10,49.76164929931729,4.300221998181175,0.7995963379883446,-0.26632802983056625,0.1729182423828125,29.796165471171893
4,2,11,49.76164929931729,4.300221998181175,0.6866118431799737,-0.13147022760861815,0.17681023671875,31.945586013007834
4,2,12,49.76164929931729,4.300221998181175,0.6932106480502664,-0.13263307232837515,0.17921334765625002,32.05137773750002
4,2,13,49.76164929931729,4.300221998181175,0.7004529515796083,-0.14237034552125372,0.17395323554687503,31.51483538316408
4,3,0,49.76164929931729,4.300221998181175,0.7851191583688468,-0.24866483778560106,0.18109274394531252,31.141189720273452
4,3,1,49.76164929931729,4.300221998181175,0.7351691840605423,-0.198633448897128,0.18062393515625003,31.458004124843768
4,3,2,49.76164929931729,4.300221998181175,0.7077534612100118,-0.16191650415760347,0.178327309765625,31.885443547812518
4,3,3,49.76164929931729,4.300221998181175,0.6808512506474117,-0.13292242366236892,0.17491477832031252,30.75936617750002
4,3,4,49.76164929931729,4.300221998181175,0.822901352783515,-0.3336117745104904,0.167907020703125,26.26088468738283
4,3,5,49.76164929931729,4.300221998181175,0.8539971728233725,-0.385805816832994,0.17597936171875,26.010915271601583
4,3,6,49.76164929931729,4.300221998181175,0.8884204274021716,-0.425137277888555,0.17698284687500002,25.084698609804704
4,3,7,49.76164929931729,4.300221998181175,0.7071995097732621,-0.15640279565149118,0.1653273052734375,30.46773296714846
4,3,8,49.76164929931729,4.300221998181175,0.7072485106028542,-0.1473998562580668,0.16631157070312502,30.793526350039084
4,3,9,49.76164929931729,4.300221998181175,0.7808481949398063,-0.24914696529392272,0.1631072951171875,29.763560764765643
4,3,10,49.76164929931729,4.300221998181175,0.8083297136265964,-0.28018320241248135,0.16325628984375,29.055249553789082
4,3,11,49.76164929931729,4.300221998181175,0.7430041886446871,-0.22003618929504698,0.168005270703125,30.52010477750002
4,3,12,49.76164929931729,4.300221998181175,0.6972336021524528,-0.14901548414171933,0.16945143007812502,31.631194931210956
4,3,13,49.76164929931729,4.300221998181175,0.6674855470874603,-0.10230388504019183,0.17375175546875002,32.36925359750002
4,4,0,49.76164929931729,4.300221998181175,0.649239725490502,-0.08858005246295672,0.180114871484375,33.956182871445336
4,4,1,49.76164929931729,4.300221998181175,0.6825892357879965,-0.13416248412258386,0.1728627556640625,32.535581660585954
4,4,2,49.76164929931729,4.300221998181175,0.6966918240868948,-0.14746552266828705,0.17592097617187502,33.0449400746094
4,4,3,49.76164929931729,4.300221998181175,0.663897071266182,-0.09365697523151977,0.1753298318359375,32.647702062734396
4,4,4,49.76164929931729,4.300221998181175,0.7763168187925912,-0.2401194833281724,0.1728485263671875,28.836930202109393
4,4,5,49.76164929931729,4.300221998181175,0.726179345457057,-0.16803542936270957,0.17238607871093753,31.004842766210956
4,4,6,49.76164929931729,4.300221998181175,0.837511757078272,-0.3415572701127657,0.1676554603515625,26.13240852546877
4,4,7,49.76164929931729,4.300221998181175,0.7150806102506817,-0.1521226510390754,0.1806277943359375,31.043615930585958
4,4,8,49.76164929931729,4.300221998181175,0.759174900636524,-0.22750265110274037,0.1691819748046875,29.431819225976582
4,4,9,49.76164929931729,4.300221998181175,0.687924098955567,-0.1390583178987188,0.17368004687500002,31.380871696953143
4,4,10,49.76164929931729,4.300221998181175,0.7530293783417679,-0.2238375186147114,0.1663311609375,28.84470753277346
4,4,11,49.76164929931729,4.300221998181175,0.6604656691418151,-0.12892280411452262,0.16562649335937502,31.675175235429705
4,4,12,49.76164929931729,4.300221998181175,0.6574557583907276,-0.15389819313433248,0.16184646699218752,32.86889201714846
4,4,13,49.76164929931729,4.300221998181175,0.6559775649076294,-0.1449162091142919,0.16588013574218752,32.423367796953144
4,5,0,49.76164929931729,4.300221998181175,0.6529915256398708,-0.12097303324196335,0.1802071140625,34.08200205687501
4,5,1,49.76164929931729,4.300221998181175,0.6438804554135841,-0.11623942651931503,0.1868063275390625,34.18004315398439
4,5,2,49.76164929931729,4.300221998181175,0.6750079837973151,-0.17449573027008078,0.19381989746093753,33.6710786133594
4,5,3,49.76164929931729,4.300221998181175,0.7128965826244137,-0.1573738273008098,0.18611334140625002,32.38924100351564
4,5,4,49.76164929931729,4.300221998181175,0.7185430278130349,-0.1389919952820432,0.17769981875000002,31.395611908203144
4,5,5,49.76164929931729,4.300221998181175,0.8339828821026485,-0.33494257463422894,0.16864256191406252,26.65868346816408
4,5,6,49.76164929931729,4.300221998181175,0.8398679571275636,-0.34768138833422296,0.17357911210937502,27.727996338359393
4,5,7,49.76164929931729,4.300221998181175,0.7043514699349036,-0.14663972800625857,0.18324925117187502,33.771790038593764
4,5,8,49.76164929931729,4.300221998181175,0.6971360391234012,-0.13140976345416264,0.17522632578125003,33.102425563320324
4,5,9,49.76164929931729,4.300221998181175,0.5882467893359935,-0.062087742034153244,0.1689190767578125,31.24133370078127
4,5,10,49.76164929931729,4.300221998181175,0.669704383329954,-0.12851078296544396,0.1664206060546875,30.86224056851565
4,5,11,49.76164929931729,4.300221998181175,0.7098702281984148,-0.1711765058039174,0.17130643359375,31.249384740078145
4,5,12,49.76164929931729,4.300221998181175,0.6510396987286728,-0.1562212612191799,0.153557998046875,31.765318837109394
4,5,13,49.76164929931729,4.300221998181175,0.6035149779111696,-0.10814517961816927,0.15460823164062504,33.59668994761721
4,6,0,49.76164929931729,4.300221998181175,0.7023905237292285,-0.16881577846376414,0.1864027541015625,33.39137509390627
4,6,1,49.76164929931729,4.300221998181175,0.6894729296189658,-0.1618528364922144,0.185494112890625,32.955030126640644
4,6,2,49.76164929931729,4.300221998181175,0.6701699331943342,-0.18735615284839804,0.1792272013671875,32.27762128789064
4,6,3,49.76164929931729,4.300221998181175,0.702512779566733,-0.13114358686523267,0.18256451582031252,33.03338422964846
4,6,4,49.76164929931729,4.300221998181175,0.7499410738522057,-0.21092866245265104,0.177264104296875,29.68746976484377
4,6,5,49.76164929931729,4.300221998181175,0.8571804405122715,-0.3787850383032475,0.17934892871093752,26.53058782800783
4,6,6,49.76164929931729,4.300221998181175,0.7367121060595014,-0.20866948412656772,0.1772048423828125,30.140617771835956
4,6,7,49.76164929931729,4.300221998181175,0.6734252581233313,-0.13454553284668463,0.16839090820312502,33.598572528945326
4,6,8,49.76164929931729,4.300221998181175,0.6878625062430215,-0.12680233069418995,0.16512699609375,32.14945888953127
4,6,9,49.76164929931729,4.300221998181175,0.5988650597731376,-0.03839281066408538,0.17257881972656253,32.025061653828146
4,6,10,49.76164929931729,4.300221998181175,0.5995010880198346,-0.0763410421759359,0.17401344140625,31.737120172109393
4,6,11,49.76164929931729,4.300221998181175,0.7006351547032398,-0.1404346312975709,0.17007722539062503,31.860549413867204
4,6,12,49.76164929931729,4.300221998181175,0.5332470518800204,-0.04179974296049725,0.176520907421875,33.500798464648454
4,6,13,49.76164929931729,4.300221998181175,0.6411860250116137,-0.12931930490190546,0.1687981560546875,31.855328922382828
4,7,0,49.76164929931729,4.300221998181175,0.7141484155222575,-0.1319274068760785,0.1794352599609375,32.708271780429705
4,7,1,49.76164929931729,4.300221998181175,0.7269700291982018,-0.14940715996881643,0.17078780332031251,33.1859868061719
4,7,2,49.76164929931729,4.300221998181175,0.7325777968074968,-0.18846971746477692,0.18164188222656252,33.21198245046877
4,7,3,49.76164929931729,4.300221998181175,0.6768576837244561,-0.09465552545697123,0.17683734843750004,35.0949576519922
4,7,4,49.76164929931729,4.300221998181175,0.7157687197066214,-0.1435135075974035,0.17523860253906248,32.720695482031275
4,7,5,49.76164929931729,4.300221998181175,0.6777565659740652,-0.13599033046256154,0.167214504296875,31.338466886328142
4,7,6,49.76164929931729,4.300221998181175,0.7608192427132106,-0.2237891513193223,0.17034254550781253,30.331345958164082
4,7,7,49.76164929931729,4.300221998181175,0.7394600960225678,-0.21515967206801628,0.1644980125,31.01448932656252
4,7,8,49.76164929931729,4.300221998181175,0.6484182028844069,-0.12341003397133324,0.165926655859375,31.65470717035158
4,7,9,49.76164929931729,4.300221998181175,0.4824005040186455,-0.024352952673619643,0.18363382968750003,32.75962886609377
4,7,10,49.76164929931729,4.300221998181175,0.58226033637732,-0.11338429721317374,0.17711634375000002,30.813981063476582
4,7,11,49.76164929931729,4.300221998181175,0.5911091685358316,-0.03447245888043858,0.17290168085937502,33.474342188750015
4,7,12,49.76164929931729,4.300221998181175,0.5435117466727146,-0.006804237993908599,0.171015825,33.25625649078127
4,7,13,49.76164929931729,4.300221998181175,0.697607708112877,-0.1753240087301376,0.166578439453125,31.066974625859395
4,8,0,49.76164929931729,4.300221998181175,0.8086021892372476,-0.28778823653418356,0.1711131029296875,28.284699670039082
4,8,1,49.76164929931729,4.300221998181175,0.7679601818238418,-0.22939196991790148,0.1704183283203125,30.917997019765643
4,8,2,49.76164929931729,4.300221998181175,0.7811201256059521,-0.22125443284454407,0.1782814615234375,32.30365698710939
4,8,3,49.76164929931729,4.300221998181175,0.6752509853225339,-0.09219320620145628,0.16984656250000002,33.38801715628908
4,8,4,49.76164929931729,4.300221998181175,0.6905637646583558,-0.13846310465324485,0.17269949511718752,30.79320591066408
4,8,5,49.76164929931729,4.300221998181175,0.8416001941850375,-0.36736434973073834,0.1552010873046875,26.817714859648458
4,8,6,49.76164929931729,4.300221998181175,0.821296731190818,-0.3274721690727167,0.167286967578125,27.966049414882832
4,8,7,49.76164929931729,4.300221998181175,0.7343019568274168,-0.23446485736191852,0.178400011328125,29.810358265156268
4,8,8,49.76164929931729,4.300221998181175,0.6847688358551041,-0.15395978584697664,0.1768862955078125,31.431421008359393
4,8,9,49.76164929931729,4.300221998181175,0.553167113228027,-0.05421444410128024,0.180430834765625,33.52496493417971
4,8,10,49.76164929931729,4.300221998181175,0.6581482646503595,-0.13987705497539724,0.179585040234375,32.54264467847658
4,8,11,49.76164929931729,4.300221998181175,0.6419597594414516,-0.08940514024027818,0.17270029121093752,32.11765528156252
4,8,12,49.76164929931729,4.300221998181175,0.6598328735056138,-0.09528593682926531,0.17818248691406252,33.830283576171894
4,8,13,49.76164929931729,4.300221998181175,0.6061221082977069,-0.0357793741770999,0.1734012326171875,34.39609272675783
4,9,0,49.76164929931729,4.300221998181175,0.8769197474804212,-0.4018049322424284,0.16248891015625,24.68266735894533
4,9,1,49.76164929931729,4.300221998181175,0.8549248896923481,-0.3625612013721087,0.16653237011718752,27.25379946992189
4,9,2,49.76164929931729,4.300221998181175,0.851528839580189,-0.3412749806610896,0.1723467421875,28.13663665132814
4,9,3,49.76164929931729,4.300221998181175,0.6860197114990829,-0.10962636629645936,0.16379877070312504,31.019282565546895
4,9,4,49.76164929931729,4.300221998181175,0.786966160633042,-0.2586458103733764,0.16644849277343754,28.61063324515627
4,9,5,49.76164929931729,4.300221998181175,0.7811766543958859,-0.27974767895800756,0.1833666654296875,29.957126174726582
4,9,6,49.76164929931729,4.300221998181175,0.63539273818263,-0.09917721932437852,0.1810018123046875,32.076165058320335
4,9,7,49.76164929931729,4.300221998181175,0.6690687437008844,-0.14208935869644534,0.16882492070312502,30.972905641835958
4,9,8,49.76164929931729,4.300221998181175,0.5619677543690782,-0.07126320117529981,0.186604315234375,35.57516275871096
4,9,9,49.76164929931729,4.300221998181175,0.6656007385570237,-0.19192239035504394,0.17415615605468748,32.04080991394533
4,9,10,49.76164929931729,4.300221998181175,0.6322806566858833,-0.14668424811293634,0.181413946875,33.33314858914064
4,9,11,49.76164929931729,4.300221998181175,0.6323648478018951,-0.10166519178378136,0.1754854806640625,31.972983579570332
4,9,12,49.76164929931729,4.300221998181175,0.7018724832073657,-0.16069204220569155,0.178077015234375,30.916154493359393
4,9,13,49.76164929931729,4.300221998181175,0.638257492589038,-0.05530057558134075,0.1780385798828125,35.28264834007814
4,10,0,49.76164929931729,4.300221998181175,0.8856634533889858,-0.4267349398509182,0.15039310527343752,24.434333519140644
4,10,1,49.76164929931729,4.300221998181175,0.8352188388377033,-0.32618344321028336,0.1736836287109375,28.031011822343764
4,10,2,49.76164929931729,4.300221998181175,0.7123963943747378,-0.12576212885453503,0.1677118671875,33.249453829882825
4,10,3,49.76164929931729,4.300221998181175,0.8154188273576747,-0.282636379097253,0.1624668361328125,27.70606626863283
4,10,4,49.76164929931729,4.300221998181175,0.750327398861112,-0.2024317643126673,0.1677992625,29.84889110000002
4,10,5,49.76164929931729,4.300221998181175,0.7518446901074529,-0.24203307564128562,0.16687601132812502,29.154038342773458
4,10,6,49.76164929931729,4.300221998181175,0.49517051379437366,0.00330626760974823,0.18262391914062504,33.79833977597659
4,10,7,49.76164929931729,4.300221998181175,0.5699187829780321,-0.03339780440330221,0.190544754296875,34.68729200878908
4,10,8,49.76164929931729,4.300221998181175,0.6730082736250873,-0.1570363027762297,0.1815373005859375,33.031267994609394
4,10,9,49.76164929931729,4.300221998181175,0.7475297906867779,-0.22101281720681343,0.177668207421875,31.665488620156268
4,10,10,49.76164929931729,4.300221998181175,0.6409127523069753,-0.10789375803895204,0.17096205703125,33.0097518257422
4,10,11,49.76164929931729,4.300221998181175,0.6570397507218266,-0.15653106869965377,0.1707351185546875,29.580329524648455
4,10,12,49.76164929931729,4.300221998181175,0.7694977526676298,-0.2632157169341601,0.17134330917968754,29.248461145273456
4,10,13,49.76164929931729,4.300221998181175,0.7252339281005127,-0.17743167457440176,0.1771591064453125,31.26796354800783
4,11,0,49.76164929931729,4.300221998181175,0.8836475437345096,-0.41166431958074823,0.15858988730468754,24.700678722148457
4,11,1,49.76164929931729,4.300221998181175,0.7223180522482633,-0.18773262158279924,0.1639650990234375,30.157387432460954
4,11,2,49.76164929931729,4.300221998181175,0.7080627472728246,-0.15639217647364032,0.15962657539062503,31.13844595812502
4,11,3,49.76164929931729,4.300221998181175,0.7699602315152791,-0.24420374514795837,0.158515785546875,29.14521290832033
4,11,4,49.76164929931729,4.300221998181175,0.7509383216614908,-0.22178477936010776,0.16971482031250001,30.825216469062518
4,11,5,49.76164929931729,4.300221998181175,0.6846114745016945,-0.12221500553382167,0.17576156855468753,32.370181536523454
4,11,6,49.76164929931729,4.300221998181175,0.7146059405798428,-0.14957215471944257,0.1713631017578125,31.06436438011721
4,11,7,49.76164929931729,4.300221998181175,0.6509845999827877,-0.10058271995843855,0.1698508001953125,32.41755315746096
4,11,8,49.76164929931729,4.300221998181175,0.6256528068289643,-0.08389535211261609,0.16908533867187503,33.57206284648439
4,11,9,49.76164929931729,4.300221998181175,0.7277658085689951,-0.20724781760666075,0.1754177125,31.52546996492189
4,11,10,49.76164929931729,4.300221998181175,0.6563962335398276,-0.10834924925403577,0.17258235527343752,33.054666744804706
4,11,11,49.76164929931729,4.300221998181175,0.6432836118752954,-0.08639689739659881,0.17279422695312502,32.71156963566408
4,11,12,49.76164929931729,4.300221998181175,0.805263923093488,-0.2985371225446596,0.172414121875,27.996370990742207
4,11,13,49.76164929931729,4.300221998181175,0.819277683904711,-0.3505836560639045,0.16995442500000002,27.683288369726583
4,12,0,49.76164929931729,4.300221998181175,0.8746236057099028,-0.42006538135439664,0.15705789726562502,25.343106262460957
4,12,1,49.76164929931729,4.300221998181175,0.8203801889611744,-0.36132052438496665,0.1482036173828125,25.712873273750017
4,12,2,49.76164929931729,4.300221998181175,0.6618669633508177,-0.15724399895288452,0.1711048861328125,31.079051184804708
4,12,3,49.76164929931729,4.300221998181175,0.6846926675851854,-0.1313886998770389,0.16816854355468752,32.27922348476564
4,12,4,49.76164929931729,4.300221998181175,0.6812927071257,-0.13270031092524073,0.16225211562500003,31.564550217031268
4,12,5,49.76164929931729,4.300221998181175,0.627964672237378,-0.06676435856871167,0.166145640234375,32.546009291914075
4,12,6,49.76164929931729,4.300221998181175,0.6617835887154606,-0.11679511218254846,0.1731787890625,32.20868676734377
4,12,7,49.76164929931729,4.300221998181175,0.7754296058319515,-0.26038309089820577,0.16705050292968748,28.623797962812517
4,12,8,49.76164929931729,4.300221998181175,0.683251335619049,-0.1419520520313443,0.1746498013671875,32.68418542074221
4,12,9,49.76164929931729,4.300221998181175,0.693102588382176,-0.13826866615756359,0.17309031777343753,33.58221009335939
4,12,10,49.76164929931729,4.300221998181175,0.7404920623051292,-0.2053253225417785,0.1718140455078125,31.087916674179702
4,12,11,49.76164929931729,4.300221998181175,0.6829655618904711,-0.13061462095492726,0.16938363046875005,31.426641121015642
4,12,12,49.76164929931729,4.300221998181175,0.7605140860226012,-0.25297837335749224,0.1696279083984375,29.17223662894533
4,12,13,49.76164929931729,4.300221998181175,0.7460515012574032,-0.22196039473420576,0.17336710605468753,29.93941522343752
4,13,0,49.76164929931729,4.300221998181175,0.7056020599006909,-0.16115236220307463,0.16895072597656252,30.406081766562522
4,13,1,49.76164929931729,4.300221998181175,0.746917691087056,-0.22383042947351872,0.16603357402343752,29.302882432460954
4,13,2,49.76164929931729,4.300221998181175,0.5375479766369191,-0.032861904288805,0.174188618359375,32.75765282328127
4,13,3,49.76164929931729,4.300221998181175,0.6659603915076789,-0.10846471612162267,0.1645207705078125,32.19396658355471
4,13,4,49.76164929931729,4.300221998181175,0.7002579201249619,-0.138699404014732,0.161774883203125,31.550444208710953
4,13,5,49.76164929931729,4.300221998181175,0.6423929769451443,-0.061540109622293074,0.1679817009765625,32.47982520933596
4,13,6,49.76164929931729,4.300221998181175,0.5857638842940254,0.009670275804815633,0.17122269843750001,34.47958053558596
4,13,7,49.76164929931729,4.300221998181175,0.6250530334769051,-0.04952009450379154,0.17753083320312502,33.33170661195314
4,13,8,49.76164929931729,4.300221998181175,0.6779792924793484,-0.1090213676834363,0.17603916875,32.55229123882815
4,13,9,49.76164929931729,4.300221998181175,0.6081753710265501,-0.018662421952563284,0.169395867578125,33.88276887546877
4,13,10,49.76164929931729,4.300221998181175,0.7174491832984076,-0.16024856621061914,0.17349506445312501,31.458357943320333
4,13,11,49.76164929931729,4.300221998181175,0.7214465712775163,-0.19878637023886517,0.17244924589843752,29.662408735390645
4,13,12,49.76164929931729,4.300221998181175,0.5736567864918231,-0.05121973162584372,0.17608516972656252,34.3710851038672
4,13,13,49.76164929931729,4.300221998181175,0.6215652643298233,-0.06481744676059886,0.173365838671875,35.18291158460939
5,0,0,50.425680919870665,5.619132190086752,0.5675421498984629,-0.04524734976576217,0.144235517578125,32.10440377824221
5,0,1,50.425680919870665,5.619132190086752,0.5942237837146571,-0.039494411070022745,0.15978182441406252,31.382213536835955
5,0,2,50.425680919870665,5.619132190086752,0.5804074315146441,-0.03894211818545034,0.156272378125,31.598863933437517
5,0,3,50.425680919870665,5.619132190086752,0.5163421863786637,0.02475502996697052,0.16930601816406252,33.19903803488283
5,0,4,50.425680919870665,5.619132190086752,0.6289868967690351,-0.0889466143759118,0.15921472148437502,30.720179112265644
5,0,5,50.425680919870665,5.619132190086752,0.7581270881098031,-0.2733737308008126,0.156400743359375,26.914494226718766
5,0,6,50.425680919870665,5.619132190086752,0.7578310922292826,-0.2506418621623832,0.15586254394531251,27.565019537070334
5,0,7,50.425680919870665,5.619132190086752,0.7999037226065995,-0.27925122917374623,0.16446103320312502,26.913813293046893
5,0,8,50.425680919870665,5.619132190086752,0.7031103145707902,-0.23446020696023756,0.1699722744140625,27.905019065585957
5,0,9,50.425680919870665,5.619132190086752,0.6271438036584259,-0.2131753246032574,0.1587204767578125,27.083045337968766
5,0,10,50.425680919870665,5.619132190086752,0.6976054834045435,-0.18074565917616114,0.176032331640625,29.51445920562502
5,0,11,50.425680919870665,5.619132190086752,0.5712287787759505,0.000939364781160015,0.17965254355468752,32.57381408351564
5,0,12,50.425680919870665,5.619132190086752,0.6235430422951688,-0.047099092643197504,0.17922061718750001,32.0132321002344
5,0,13,50.425680919870665,5.619132190086752,0.7600277464267781,-0.22634487579070173,0.1605943916015625,28.25064631062502
5,1,0,50.425680919870665,5.619132190086752,0.6416322759936011,-0.0902118115919894,0.1610141689453125,30.85651939050783
5,1,1,50.425680919870665,5.619132190086752,0.6374820535960763,-0.040259721729038134,0.167491044140625,31.951707740234394
5,1,2,50.425680919870665,5.619132190086752,0.6303226306201652,-0.05460177018565056,0.15680828125000001,31.983531375664082
5,1,3,50.425680919870665,5.619132190086752,0.5376172639113916,0.02110170638184329,0.16799632558593752,34.11289107746096
5,1,4,50.425680919870665,5.619132190086752,0.6532031331179398,-0.1584906412384034,0.1685736435546875,31.048215570781267
5,1,5,50.425680919870665,5.619132190086752,0.6022989022881158,-0.14820426888612448,0.17865964746093752,30.04390516296877
5,1,6,50.425680919870665,5.619132190086752,0.578931569321917,-0.1536668437972747,0.17969845175781252,29.87787083597658
5,1,7,50.425680919870665,5.619132190086752,0.6292574888618933,-0.23181262019520857,0.18780300390625004,28.872792708828143
5,1,8,50.425680919870665,5.619132190086752,0.6125800917790076,-0.20926714838334942,0.19538209960937503,27.575861069257833
5,1,9,50.425680919870665,5.619132190086752,0.797431271011524,-0.3042475026883676,0.18827576035156252,27.71737510824221
5,1,10,50.425680919870665,5.619132190086752,0.7313367180681507,-0.21975581135289626,0.1859323203125,30.09761213738283
5,1,11,50.425680919870665,5.619132190086752,0.45198153695451426,-0.09748941649403317,0.21701466015625004,31.171517971953147
5,1,12,50.425680919870665,5.619132190086752,0.4811776666396687,-0.11266170896133017,0.21001880703125,30.538263008750018
5,1,13,50.425680919870665,5.619132190086752,0.759549592670422,-0.2890998023055632,0.16574015859375002,28.44942553625002
5,2,0,50.425680919870665,5.619132190086752,0.8191083474102213,-0.30683424592034214,0.1632220126953125,26.17088127792971
5,2,1,50.425680919870665,5.619132190086752,0.8272949952696391,-0.32489103427987964,0.16331168652343753,26.32940530707033
5,2,2,50.425680919870665,5.619132190086752,0.6663373920730415,-0.16063354426184015,0.1661372294921875,29.88307130000002
5,2,3,50.425680919870665,5.619132190086752,0.6082885873100023,-0.06989087108099676,0.16799128808593752,31.428617163828147
5,2,4,50.425680919870665,5.619132190086752,0.6580415245453504,-0.16066785385898713,0.152159301171875,30.672440321210956
5,2,5,50.425680919870665,5.619132190086752,0.6287313536196237,-0.12166250020399434,0.15575320781250002,31.32670409093752
5,2,6,50.425680919870665,5.619132190086752,0.5966921788463887,-0.07630458185181158,0.15724199003906253,31.54884201183596
5,2,7,50.425680919870665,5.619132190086752,0.6154690083242391,-0.1058540379589909,0.16452195156250002,30.452558827578144
5,2,8,50.425680919870665,5.619132190086752,0.6578943929385105,-0.1654095747209462,0.17428378261718752,28.64097484847658
5,2,9,50.425680919870665,5.619132190086752,0.8361841636674008,-0.4056116635843604,0.1701454677734375,26.494638535625015
5,2,10,50.425680919870665,5.619132190086752,0.7424371940126154,-0.1916750299515801,0.1880613166015625,30.118213718867207
5,2,11,50.425680919870665,5.619132190086752,0.6301752701598886,-0.11534866731403487,0.19864714140625,31.18384153625002
5,2,12,50.425680919870665,5.619132190086752,0.40400807646924103,-0.05338708469246926,0.21958396777343753,30.696526680898458
5,2,13,50.425680919870665,5.619132190086752,0.6067459614159203,-0.10422025331702939,0.16998753144531253,31.15183097785158
5,3,0,50.425680919870665,5.619132190086752,0.6897403665225799,-0.17930775552874761,0.16170557773437502,28.518513600664082
5,3,1,50.425680919870665,5.619132190086752,0.6466936638562347,-0.1773773352124005,0.17382198808593752,29.06950243015627
5,3,2,50.425680919870665,5.619132190086752,0.5922020523777136,-0.18571213076965704,0.172253123046875,27.968245759765644
5,3,3,50.425680919870665,5.619132190086752,0.6630924131725764,-0.11606472514370245,0.15090683144531253,28.87383413679689
5,3,4,50.425680919870665,5.619132190086752,0.7759103014780976,-0.29001465064961224,0.151097746875,27.256389688203143
5,3,5,50.425680919870665,5.619132190086752,0.5979567967896378,-0.09089687754590094,0.15964273359375003,32.13475873320315
5,3,6,50.425680919870665,5.619132190086752,0.6398471395663465,-0.12548316557465827,0.15848856640625003,30.59765778207033
5,3,7,50.425680919870665,5.619132190086752,0.7319102392901813,-0.21417811598261494,0.157892085546875,27.662713491523455
5,3,8,50.425680919870665,5.619132190086752,0.797600547729379,-0.2994114005067167,0.15272807968750002,25.642670347343767
5,3,9,50.425680919870665,5.619132190086752,0.8351858424078937,-0.3789257018081615,0.1230448455078125,24.42683657292971
5,3,10,50.425680919870665,5.619132190086752,0.7050916354025232,-0.1864170270859157,0.14286377890625002,28.60975871269533
5,3,11,50.425680919870665,5.619132190086752,0.6632614486743984,-0.08703190337096103,0.17112441953125002,30.251776855859394
5,3,12,50.425680919870665,5.619132190086752,0.5645862116021227,-0.021904346336828442,0.18044544511718752,31.367172913671894
5,3,13,50.425680919870665,5.619132190086752,0.7147999009161135,-0.19478576707406836,0.15637336464843754,29.549360394218766
5,4,0,50.425680919870665,5.619132190086752,0.6139335640586008,-0.05861923936564505,0.1650000470703125,29.82515188296877
5,4,1,50.425680919870665,5.619132190086752,0.6008115533155958,-0.04282680646400649,0.17360380175781254,30.155451444570332
5,4,2,50.425680919870665,5.619132190086752,0.6638520660670856,-0.12124608590181368,0.15471626933593752,29.424055246953145
5,4,3,50.425680919870665,5.619132190086752,0.6206693636181806,-0.06373258966033178,0.1612127599609375,30.981550829140645
5,4,4,50.425680919870665,5.619132190086752,0.6373862415959295,-0.10321266329008406,0.16582466210937502,31.24813636167971
5,4,5,50.425680919870665,5.619132190086752,0.5895746359217645,-0.06936749941460515,0.15595068007812501,31.675922927304704
5,4,6,50.425680919870665,5.619132190086752,0.7045425878700498,-0.17061212286002564,0.16394123398437502,28.73093820300783
5,4,7,50.425680919870665,5.619132190086752,0.7040804455415041,-0.19745452108698275,0.1583706431640625,27.701192919804708
5,4,8,50.425680919870665,5.619132190086752,0.8581552757131838,-0.40575336626450764,0.16004096757812503,24.355118235312524
5,4,9,50.425680919870665,5.619132190086752,0.7839485864928182,-0.3207020774753265,0.147053344921875,25.952555250429704
5,4,10,50.425680919870665,5.619132190086752,0.785236774215047,-0.3336592648721894,0.10860399453125001,24.67011014093752
5,4,11,50.425680919870665,5.619132190086752,0.794539316051498,-0.2968418913322755,0.14935890703125002,26.05523604265627
5,4,12,50.425680919870665,5.619132190086752,0.6088628709783773,-0.1097329117071246,0.173450805859375,28.458397838750017
5,4,13,50.425680919870665,5.619132190086752,0.596149517897125,-0.0785995925335096,0.156277113671875,31.906105211679705
5,5,0,50.425680919870665,5.619132190086752,0.5769604918369732,-0.03708520084994741,0.18055542441406253,29.556450115390643
5,5,1,50.425680919870665,5.619132190086752,0.6573075899078586,-0.10695310353862031,0.1640892173828125,29.95090431019533
5,5,2,50.425680919870665,5.619132190086752,0.6548147134640658,-0.07523112403409782,0.1695283712890625,30.65493632035158
5,5,3,50.425680919870665,5.619132190086752,0.7000609005793241,-0.1704049048190348,0.15683291699218752,27.908363651562517
5,5,4,50.425680919870665,5.619132190086752,0.6320299056382553,-0.15000072980041254,0.1593098916015625,28.94652714417971
5,5,5,50.425680919870665,5.619132190086752,0.5340387739568571,-0.010014383440939908,0.1639879330078125,32.09579197003908
5,5,6,50.425680919870665,5.619132190086752,0.8067341650220734,-0.32886208817756934,0.13955730058593752,26.034320697617208
5,5,7,50.425680919870665,5.619132190086752,0.7740720086782626,-0.3046834597131084,0.155120275,26.20707757566408
5,5,8,50.425680919870665,5.619132190086752,0.8898910738969878,-0.43400823590817283,0.1527524998046875,23.41573018003908
5,5,9,50.425680919870665,5.619132190086752,0.8668936723716965,-0.4384075279712204,0.13127419785156252,23.345620715117207
5,5,10,50.425680919870665,5.619132190086752,0.8590563812205766,-0.41464392613132606,0.14358715332031252,23.392478297890644
5,5,11,50.425680919870665,5.619132190086752,0.8435145383677188,-0.3885583746878486,0.14622474707031252,24.41502037097658
5,5,12,50.425680919870665,5.619132190086752,0.6953605235634058,-0.17316633878201537,0.16085499238281253,27.973966937773454
5,5,13,50.425680919870665,5.619132190086752,0.6808910081341222,-0.1421493928339277,0.1597305634765625,29.16347795269533
5,6,0,50.425680919870665,5.619132190086752,0.6694861222057352,-0.12127234178144333,0.176624128125,29.358598828789084
5,6,1,50.425680919870665,5.619132190086752,0.6199897713968854,-0.07871999181582552,0.1792301095703125,31.59584646265627
5,6,2,50.425680919870665,5.619132190086752,0.7379216024633333,-0.219707886355807,0.15615606230468754,27.580140270078147
5,6,3,50.425680919870665,5.619132190086752,0.8300825134424601,-0.36628682923594624,0.1458561716796875,25.364342046875016
5,6,4,50.425680919870665,5.619132190086752,0.7159441513578921,-0.248950648318926,0.16469046308593752,25.80134792035158
5,6,5,50.425680919870665,5.619132190086752,0.747854518093123,-0.2571644384319739,0.16650976972656253,27.681459194960954
5,6,6,50.425680919870665,5.619132190086752,0.8464488266348349,-0.37649407701646215,0.13628595,23.833002328671895
5,6,7,50.425680919870665,5.619132190086752,0.8785088016416971,-0.4137386619576783,0.1611525275390625,23.599742491132833
5,6,8,50.425680919870665,5.619132190086752,0.8186225692119293,-0.3745557593244382,0.1545896970703125,24.74242930238283
5,6,9,50.425680919870665,5.619132190086752,0.8550628369477375,-0.4166284665117058,0.134835184375,23.328797647929708
5,6,10,50.425680919870665,5.619132190086752,0.8424636419530116,-0.4234738651477793,0.14161198476562503,22.890102791914085
5,6,11,50.425680919870665,5.619132190086752,0.8591546088250156,-0.4173560679636024,0.143376615234375,24.008015633984392
5,6,12,50.425680919870665,5.619132190086752,0.8401951813295692,-0.363999320509746,0.16612925234374998,25.229363635976583
5,6,13,50.425680919870665,5.619132190086752,0.7711526171369472,-0.2791251902188461,0.1541687037109375,25.959918680234395
5,7,0,50.425680919870665,5.619132190086752,0.6163121998783956,-0.06963234207674823,0.16304414531250003,31.28389873109377
5,7,1,50.425680919870665,5.619132190086752,0.6414014354142139,-0.09797417871390499,0.167354846484375,30.890078739218772
5,7,2,50.425680919870665,5.619132190086752,0.622108989364815,-0.09696690733963716,0.16679079218749998,29.616846261757832
5,7,3,50.425680919870665,5.619132190086752,0.6376711787409941,-0.16681494403467917,0.1630337373046875,29.15500633671877
5,7,4,50.425680919870665,5.619132190086752,0.7352942131010779,-0.21846784618379722,0.16964486738281254,28.32221110437502
5,7,5,50.425680919870665,5.619132190086752,0.8531616917096532,-0.40479629049318555,0.14140771601562502,24.119969140625017
5,7,6,50.425680919870665,5.619132190086752,0.8792537970779819,-0.4231243966953079,0.143420587109375,23.109950906445334
5,7,7,50.425680919870665,5.619132190086752,0.8879254582129092,-0.4422890926046642,0.138937710546875,23.08884863843752
5,7,8,50.425680919870665,5.619132190086752,0.7474716012596441,-0.28290483880672096,0.14429212734375002,25.885550041953145
5,7,9,50.425680919870665,5.619132190086752,0.6387962136070859,-0.22641569679668722,0.142138892578125,24.796316523945336
5,7,10,50.425680919870665,5.619132190086752,0.6080863102111795,-0.18235740094542657,0.13061446269531252,25.018334280078143
5,7,11,50.425680919870665,5.619132190086752,0.8354830039943627,-0.38384357909357114,0.16023344570312503,24.88694746050783
5,7,12,50.425680919870665,5.619132190086752,0.7861847597266828,-0.2835532861407191,0.161807118359375,26.56398028121096
5,7,13,50.425680919870665,5.619132190086752,0.818998966132079,-0.3471737192917836,0.1593479353515625,25.93091891679689
5,8,0,50.425680919870665,5.619132190086752,0.5787471598164696,-0.06358644867708417,0.15489051796875003,30.083145634765643
5,8,1,50.425680919870665,5.619132190086752,0.5682666991178156,-0.04560763519220494,0.173596088671875,30.729585343085958
5,8,2,50.425680919870665,5.619132190086752,0.5686100200996997,-0.05744149613573267,0.16939239863281252,31.77389726621096
5,8,3,50.425680919870665,5.619132190086752,0.5529802550852262,-0.10490302910530888,0.171482440625,31.97823077433596
5,8,4,50.425680919870665,5.619132190086752,0.7018380459068363,-0.16100255056521923,0.18324822617187503,31.03970389988283
5,8,5,50.425680919870665,5.619132190086752,0.7707191447218389,-0.2741247252438761,0.1419092212890625,27.57909216628908
5,8,6,50.425680919870665,5.619132190086752,0.7815946666551583,-0.29265826067114703,0.1529428474609375,25.877786062929705
5,8,7,50.425680919870665,5.619132190086752,0.8475089056493376,-0.38718570325689333,0.14973807734375,24.94843176558596
5,8,8,50.425680919870665,5.619132190086752,0.7325827993149493,-0.1935969148328857,0.1599209775390625,27.632218344335957
5,8,9,50.425680919870665,5.619132190086752,0.839342470504109,-0.3774776353490995,0.14996601777343752,23.57565613144533
5,8,10,50.425680919870665,5.619132190086752,0.8797035416035874,-0.4276403860912379,0.154258430078125,23.338777999296894
5,8,11,50.425680919870665,5.619132190086752,0.8737552771710683,-0.45227027562442024,0.1443999365234375,23.843943998164082
5,8,12,50.425680919870665,5.619132190086752,0.7670953260290598,-0.2314737183180614,0.1702214470703125,27.156145570390645
5,8,13,50.425680919870665,5.619132190086752,0.7368248900897278,-0.18554914005920264,0.159657720703125,27.743290642695328
5,9,0,50.425680919870665,5.619132190086752,0.5260056583322401,-0.0864758220947075,0.1795744248046875,29.26408924062502
5,9,1,50.425680919870665,5.619132190086752,0.6778517588698135,-0.18771895629508753,0.16574905507812504,28.82362529222658
5,9,2,50.425680919870665,5.619132190086752,0.6664772123589704,-0.16612002606767898,0.16296964257812502,31.00875479691408
5,9,3,50.425680919870665,5.619132190086752,0.49902400165441746,-0.06440047665150966,0.18282863789062498,30.872688227304707
5,9,4,50.425680919870665,5.619132190086752,0.495556022884918,0.015838631631889876,0.18784504550781253,32.80067848519533
5,9,5,50.425680919870665,5.619132190086752,0.6915301000444809,-0.13362944175241304,0.1703710857421875,30.513448984648456
5,9,6,50.425680919870665,5.619132190086752,0.5685629298170978,-0.13168898711533483,0.17512898945312502,28.895003163007836
5,9,7,50.425680919870665,5.619132190086752,0.7947940871997017,-0.2668476630332222,0.16642638515625002,27.652165695429705
5,9,8,50.425680919870665,5.619132190086752,0.6831626695263062,-0.1446559388754997,0.166262501953125,28.55276723468752
5,9,9,50.425680919870665,5.619132190086752,0.8343694908957455,-0.3505724682916995,0.14847141894531252,24.026274002539083
5,9,10,50.425680919870665,5.619132190086752,0.84686628729819,-0.3689656315622647,0.160489594140625,24.51017083789064
5,9,11,50.425680919870665,5.619132190086752,0.8822876619793883,-0.41856316165356156,0.150101477734375,23.627340332304705
5,9,12,50.425680919870665,5.619132190086752,0.8022187025179226,-0.3217399762119376,0.1535000931640625,26.226864707070334
5,9,13,50.425680919870665,5.619132190086752,0.7477106883134688,-0.216651260317408,0.165693122265625,28.219577042890645
5,10,0,50.425680919870665,5.619132190086752,0.46103619611163393,0.03734701082445414,0.181270284765625,33.44908088468752
5,10,1,50.425680919870665,5.619132190086752,0.7017455735244511,-0.23135089230540962,0.1866593541015625,30.156539603281267
5,10,2,50.425680919870665,5.619132190086752,0.6308489607649581,-0.15549404626835758,0.17020198828125,29.419709287929706
5,10,3,50.425680919870665,5.619132190086752,0.2822799107264359,0.057577159465569155,0.1816902474609375,31.027099951132833
5,10,4,50.425680919870665,5.619132190086752,0.6641830842630444,-0.1761027699632055,0.16804448339843753,29.24235944550783
5,10,5,50.425680919870665,5.619132190086752,0.7607622731870299,-0.257580826169007,0.14755106640625001,27.667273076796892
5,10,6,50.425680919870665,5.619132190086752,0.8098233392551784,-0.3234283742159647,0.12700978847656252,25.510415671132833
5,10,7,50.425680919870665,5.619132190086752,0.8041073196897626,-0.27458727958267304,0.14338259726562502,25.729582851992205
5,10,8,50.425680919870665,5.619132190086752,0.8088097719278772,-0.2941850602430023,0.14976237734375003,25.181317757187518
5,10,9,50.425680919870665,5.619132190086752,0.8619570341261953,-0.3698444401222,0.15493064160156253,23.86489939812502
5,10,10,50.425680919870665,5.619132190086752,0.8144124091443115,-0.29930465139376494,0.1472505244140625,24.65230572816408
5,10,11,50.425680919870665,5.619132190086752,0.8848444273272635,-0.41189236954723024,0.1509742064453125,23.25972961097658
5,10,12,50.425680919870665,5.619132190086752,0.6917857355674789,-0.2232855424935146,0.14983472285156252,29.10125930738283
5,10,13,50.425680919870665,5.619132190086752,0.6491275612945973,-0.147636724299004,0.168153353515625,29.183705688242206
5,11,0,50.425680919870665,5.619132190086752,0.5509860156160332,-0.014595064573746392,0.171357771875,34.12716398128909
5,11,1,50.425680919870665,5.619132190086752,0.5639885975471113,-0.08457174142759066,0.18079631738281252,31.4900614139844
5,11,2,50.425680919870665,5.619132190086752,0.8557504476288833,-0.36981167327376663,0.15411909687500003,25.53679851300783
5,11,3,50.425680919870665,5.619132190086752,0.6878308253686268,-0.26271280668688735,0.162464283984375,25.58294845882814
5,11,4,50.425680919870665,5.619132190086752,0.8021891248495236,-0.3246437749021353,0.16582059101562502,26.655485750234394
5,11,5,50.425680919870665,5.619132190086752,0.6032724227448663,-0.10262920482627522,0.15754769785156253,29.30075952160158
5,11,6,50.425680919870665,5.619132190086752,0.7069026534920433,-0.18188410752542214,0.15977625703125,28.344601805703142
5,11,7,50.425680919870665,5.619132190086752,0.6705295659139607,-0.16826162123152316,0.16623877382812502,27.90236208910158
5,11,8,50.425680919870665,5.619132190086752,0.8306332366381748,-0.3373859436927862,0.1521467736328125,24.678087746210956
5,11,9,50.425680919870665,5.619132190086752,0.858585167300294,-0.3726461756534195,0.154212234375,23.65421718488283
5,11,10,50.425680919870665,5.619132190086752,0.8694872244791365,-0.41023161457178786,0.1318536482421875,22.98179518390627
5,11,11,50.425680919870665,5.619132190086752,0.8909514256214142,-0.41755644292083693,0.1672212646484375,23.387150993281267
5,11,12,50.425680919870665,5.619132190086752,0.7903396241809475,-0.31079142531689885,0.1631440552734375,26.590383150546895
5,11,13,50.425680919870665,5.619132190086752,0.6708593301961709,-0.11866300739561736,0.17770755937500002,29.589668997265647
5,12,0,50.425680919870665,5.619132190086752,0.6464862610333184,-0.11867308002306248,0.1634610484375,29.556069593632834
5,12,1,50.425680919870665,5.619132190086752,0.7191315826682145,-0.20549313734558622,0.15563883125000003,28.136776843554706
5,12,2,50.425680919870665,5.619132190086752,0.776926582801436,-0.26350337850247973,0.15190528945312504,27.44201754781252
5,12,3,50.425680919870665,5.619132190086752,0.6947365141114953,-0.20623563976616024,0.163494991796875,28.59549248468752
5,12,4,50.425680919870665,5.619132190086752,0.5469394096391634,-0.07843082082161226,0.16119764335937503,30.157934849726583
5,12,5,50.425680919870665,5.619132190086752,0.65103740333885,-0.15883970629600414,0.14975622871093752,30.191848016914083
5,12,6,50.425680919870665,5.619132190086752,0.6754811762531077,-0.16530868212317043,0.1619379921875,29.393907242421893
5,12,7,50.425680919870665,5.619132190086752,0.7293297153919015,-0.24330416827932078,0.14869311250000003,27.541367105703145
5,12,8,50.425680919870665,5.619132190086752,0.8723565619354283,-0.4568264647627538,0.14239924218750002,24.43667673207033
5,12,9,50.425680919870665,5.619132190086752,0.864685616593238,-0.4169253542490735,0.1546910322265625,24.403437822734393
5,12,10,50.425680919870665,5.619132190086752,0.8539332111587596,-0.3777072654986903,0.14816151445312503,24.218437490234393
5,12,11,50.425680919870665,5.619132190086752,0.8754336731645538,-0.4204206940920634,0.15782016875,23.466239436523452
5,12,12,50.425680919870665,5.619132190086752,0.7954043489396609,-0.3273984374033765,0.141822704296875,24.804654623515646
5,12,13,50.425680919870665,5.619132190086752,0.7734976539101207,-0.29653308021691793,0.15943134785156252,26.179266108242203
5,13,0,50.425680919870665,5.619132190086752,0.8675259892618016,-0.3782246235955199,0.13302785390625002,23.37775811410158
5,13,1,50.425680919870665,5.619132190086752,0.598086202850054,-0.0987032591108413,0.16023370664062503,30.46709208839846
5,13,2,50.425680919870665,5.619132190086752,0.5874976575382485,-0.06715336030417104,0.163533565625,31.228309175351583
5,13,3,50.425680919870665,5.619132190086752,0.4496587316051016,0.01630612760601916,0.1740279703125,31.86152408363283
5,13,4,50.425680919870665,5.619132190086752,0.5493273025538666,-0.06099988383892781,0.16153869257812503,30.809568346250018
5,13,5,50.425680919870665,5.619132190086752,0.6638321857383935,-0.154177163331345,0.1576531486328125,29.98119918277346
5,13,6,50.425680919870665,5.619132190086752,0.75125671345389,-0.28345836150526527,0.149687874609375,26.629910682617204
5,13,7,50.425680919870665,5.619132190086752,0.6929579392757366,-0.17193407857673593,0.1543570927734375,28.96896457625002
5,13,8,50.425680919870665,5.619132190086752,0.7347832928221241,-0.2013481527204115,0.164463494140625,28.649980530078142
5,13,9,50.425680919870665,5.619132190086752,0.7173315273630502,-0.22292044365276156,0.1674537623046875,27.800529126054705
5,13,10,50.425680919870665,5.619132190086752,0.6978194051205371,-0.16019668168962034,0.1569437978515625,26.90609604476564
5,13,11,50.425680919870665,5.619132190086752,0.7864995433460895,-0.312220362440339,0.1322297552734375,25.479199535351583
5,13,12,50.425680919870665,5.619132190086752,0.8571855319498791,-0.37928837004361254,0.14793107421875,24.331966490468766
5,13,13,50.425680919870665,5.619132190086752,0.8176820498660339,-0.33503517900171675,0.1654622681640625,25.264258148750024
6,0,0,49.5805497664391,5.995963673488346,0.47170290340489585,0.03560335233617208,0.18112013203125,37.417775950625014
6,0,1,49.5805497664391,5.995963673488346,0.49980349262158563,0.02148537533179841,0.17888800410156253,36.92313104457033
6,0,2,49.5805497664391,5.995963673488346,0.40966305309817413,-0.04713601898908069,0.20376830234375,31.850008293593767
6,0,3,49.5805497664391,5.995963673488346,0.4928203769056183,-0.07287416294061186,0.19674611894531252,33.73021970550783
6,0,4,49.5805497664391,5.995963673488346,0.4728390286021013,-0.03011145929980191,0.18595513222656251,33.56941922164064
6,0,5,49.5805497664391,5.995963673488346,0.4256206425619984,0.023189941735681105,0.19119802558593751,33.79138357121096
6,0,6,49.5805497664391,5.995963673488346,0.6475637504674346,-0.13406067733092236,0.1675803599609375,30.074093222421894
6,0,7,49.5805497664391,5.995963673488346,0.8707990837897006,-0.38164838535320683,0.15538428886718753,25.243115825820333
6,0,8,49.5805497664391,5.995963673488346,0.8821475432090032,-0.4015447191224359,0.1626644859375,25.124740180039083
6,0,9,49.5805497664391,5.995963673488346,0.8513301908455149,-0.37353339061295165,0.16908618496093752,28.23923733371096
6,0,10,49.5805497664391,5.995963673488346,0.6121214952113865,-0.09805593296268955,0.17829935761718751,33.44967503269533
6,0,11,49.5805497664391,5.995963673488346,0.5278856143432448,0.038393862150099975,0.1782468634765625,37.71077102832033
6,0,12,49.5805497664391,5.995963673488346,0.554809712216072,0.004627964548269891,0.177741927734375,36.8891444433594
6,0,13,49.5805497664391,5.995963673488346,0.48191516255713485,0.02111372784495468,0.17644251542968753,37.1166563996094
6,1,0,49.5805497664391,5.995963673488346,0.5072482715179308,-0.09319697538427751,0.19070685546875,34.097670207148454
6,1,1,49.5805497664391,5.995963673488346,0.40752743469002684,0.001031682714678784,0.20905252402343752,37.738896259296894
6,1,2,49.5805497664391,5.995963673488346,0.48886302303266604,-0.08210588103777697,0.2022890625,32.334999963476584
6,1,3,49.5805497664391,5.995963673488346,0.509233515501256,-0.06258479819477222,0.19490949101562502,33.990256258320336
6,1,4,49.5805497664391,5.995963673488346,0.4779815001243914,-0.010719743931495721,0.188880906640625,35.037031559140644
6,1,5,49.5805497664391,5.995963673488346,0.43098390769911166,-0.07567558386874734,0.21095964121093752,31.815661198085955
6,1,6,49.5805497664391,5.995963673488346,0.7956394719981466,-0.29546067343865734,0.17121577460937504,26.666868023867206
6,1,7,49.5805497664391,5.995963673488346,0.8824542937948836,-0.39290825866207724,0.16043270742187504,24.61867962125002
6,1,8,49.5805497664391,5.995963673488346,0.8639346459737707,-0.36640046157711287,0.1664659767578125,26.345006699140647
6,1,9,49.5805497664391,5.995963673488346,0.5736666385103975,-0.02817684212520876,0.18001093730468753,35.855480453632836
6,1,10,49.5805497664391,5.995963673488346,0.41869451943198177,0.10567143507612925,0.19282514628906253,38.18027479507815
6,1,11,49.5805497664391,5.995963673488346,0.5014495540718991,0.031063489399710115,0.181220766015625,37.15614387675783
6,1,12,49.5805497664391,5.995963673488346,0.4968001265854864,0.05331753168407437,0.1744414779296875,38.128590594218764
6,1,13,49.5805497664391,5.995963673488346,0.47003316055492694,0.05439346157380145,0.18595914335937502,37.47446701671877
6,2,0,49.5805497664391,5.995963673488346,0.4257605374390473,0.05741499402064533,0.19588318476562502,38.84565380562502
6,2,1,49.5805497664391,5.995963673488346,0.4197067718552385,0.03449345957675827,0.2057959146484375,35.849819358007835
6,2,2,49.5805497664391,5.995963673488346,0.5604601394895161,-0.09335693771618006,0.18186548984375,31.65029445312502
6,2,3,49.5805497664391,5.995963673488346,0.7871534631543338,-0.2707408622353441,0.15856895507812502,28.741739680273454
6,2,4,49.5805497664391,5.995963673488346,0.788633640538621,-0.2779048958387637,0.1649696978515625,27.769312990273455
6,2,5,49.5805497664391,5.995963673488346,0.7641606875154905,-0.28999320099869225,0.1643769140625,26.47723467207033
6,2,6,49.5805497664391,5.995963673488346,0.8785566625623151,-0.3797683394371625,0.1554476048828125,24.76080115988283
6,2,7,49.5805497664391,5.995963673488346,0.7994757667114276,-0.2798386535209654,0.16429385527343748,28.03523761660158
6,2,8,49.5805497664391,5.995963673488346,0.5828951486210685,-0.07456070139624421,0.17948757265625,32.210329019140644
6,2,9,49.5805497664391,5.995963673488346,0.5382249119658307,0.0022109938275600566,0.18418430273437503,36.32637279101564
6,2,10,49.5805497664391,5.995963673488346,0.5044882601221699,-0.008021460347145914,0.18796697031249998,36.76078844621095
6,2,11,49.5805497664391,5.995963673488346,0.4472177388129832,0.08819873962391542,0.19367940996093752,39.383184181367206
6,2,12,49.5805497664391,5.995963673488346,0.45151314518701324,0.07690857088771308,0.19382901171875,39.15030486558596
6,2,13,49.5805497664391,5.995963673488346,0.4663743398399308,0.07290677383803257,0.17836422207031255,37.50161090210939
6,3,0,49.5805497664391,5.995963673488346,0.42660813006238746,0.059629615790139125,0.194744266796875,37.65741119656252
6,3,1,49.5805497664391,5.995963673488346,0.49218873616091996,-0.0033081077804442693,0.184049771484375,36.235855343398455
6,3,2,49.5805497664391,5.995963673488346,0.5716801813052476,-0.06402791990511779,0.17426108476562502,34.70045005062502
6,3,3,49.5805497664391,5.995963673488346,0.7261045249195148,-0.23563180412140675,0.17143661328125,30.109641965585954
6,3,4,49.5805497664391,5.995963673488346,0.6472619436102806,-0.16412290793662826,0.171025059375,30.983026185429708
6,3,5,49.5805497664391,5.995963673488346,0.5618808504473487,-0.09572796860689753,0.17945124746093752,34.03036458675783
6,3,6,49.5805497664391,5.995963673488346,0.6480036046810869,-0.162039660257897,0.174667994140625,33.255328551757835
6,3,7,49.5805497664391,5.995963673488346,0.5396479654746382,-0.025167812733736205,0.186599576171875,36.3032811285547
6,3,8,49.5805497664391,5.995963673488346,0.4711016329845168,0.05147405202913361,0.19678949980468752,37.336284212070325
6,3,9,49.5805497664391,5.995963673488346,0.5487543468798005,-0.014432970074836519,0.1873294798828125,37.01011030742189
6,3,10,49.5805497664391,5.995963673488346,0.5154635213274255,0.005140043074942598,0.1829960642578125,37.832104062500015
6,3,11,49.5805497664391,5.995963673488346,0.4771426967686965,0.07331193151537309,0.17878166796875,38.98057880996096
6,3,12,49.5805497664391,5.995963673488346,0.4855488453552135,0.002043720138579031,0.185286163671875,37.74979119804689
6,3,13,49.5805497664391,5.995963673488346,0.5635630551330082,-0.06153993543224933,0.1823357994140625,36.25662382039064
6,4,0,49.5805497664391,5.995963673488346,0.36908993559654546,0.05991552801131431,0.20143901523437502,37.17874820433596
6,4,1,49.5805497664391,5.995963673488346,0.47558578751702546,-0.0384609462483473,0.19065537851562503,35.39850052578127
6,4,2,49.5805497664391,5.995963673488346,0.392541811077359,0.0645228772322187,0.191076094921875,36.69638680765627
6,4,3,49.5805497664391,5.995963673488346,0.4240695115294987,0.038687133507709595,0.18657033085937502,37.991582733945336
6,4,4,49.5805497664391,5.995963673488346,0.5163216413208687,-0.010079148369762637,0.1760036453125,34.482871715000016
6,4,5,49.5805497664391,5.995963673488346,0.493902253613436,0.008854572423922192,0.1788508939453125,36.06378607484377
6,4,6,49.5805497664391,5.995963673488346,0.48122300299922705,-0.06409533438908703,0.1807722951171875,34.101488776367205
6,4,7,49.5805497664391,5.995963673488346,0.6344285366655109,-0.11631884414392418,0.17267192265625,33.02132102234377
6,4,8,49.5805497664391,5.995963673488346,0.6462657694159624,-0.11850257492304053,0.1697025201171875,31.941507086796896
6,4,9,49.5805497664391,5.995963673488346,0.8076379555489319,-0.2884101897305442,0.1607812470703125,27.84699951125002
6,4,10,49.5805497664391,5.995963673488346,0.7072626137918883,-0.16042128960971355,0.15973522578125002,30.65131134992189
6,4,11,49.5805497664391,5.995963673488346,0.46648031859531564,0.08326510649565858,0.17504476972656252,37.91633288738283
6,4,12,49.5805497664391,5.995963673488346,0.5103541617570194,-0.0007198073303330893,0.186701203125,36.24252448789064
6,4,13,49.5805497664391,5.995963673488346,0.600446242801894,-0.13502032863867225,0.18843490078125,32.09064491257814
6,5,0,49.5805497664391,5.995963673488346,0.4862383983701071,-0.015786495700048007,0.18131596289062502,36.68355588101564
6,5,1,49.5805497664391,5.995963673488346,0.4875097512964553,-0.024797974080405686,0.188526892578125,35.4067918946094
6,5,2,49.5805497664391,5.995963673488346,0.37805646944957744,0.040275385883078066,0.19123746933593752,36.08383356324221
6,5,3,49.5805497664391,5.995963673488346,0.4040186110316299,0.012669888966916351,0.1850117638671875,36.80518932710939
6,5,4,49.5805497664391,5.995963673488346,0.473504344985589,-0.00814068732632516,0.16254232402343752,36.10569687476564
6,5,5,49.5805497664391,5.995963673488346,0.4653278643766359,0.010988580101776571,0.16980074296875003,36.97627725007814
6,5,6,49.5805497664391,5.995963673488346,0.39225512377976657,0.026261622563100138,0.19499835781250002,36.16362964343752
6,5,7,49.5805497664391,5.995963673488346,0.542736632948519,-0.12329845698256275,0.19640545859375003,31.576553341953147
6,5,8,49.5805497664391,5.995963673488346,0.8052629000261622,-0.28201337931801207,0.16117416484375002,27.264540864804708
6,5,9,49.5805497664391,5.995963673488346,0.8858890455283528,-0.3870210347444377,0.16976338066406252,25.56493709562502
6,5,10,49.5805497664391,5.995963673488346,0.6338391058728958,-0.09597894719314874,0.16668428457031254,31.99931969070314
6,5,11,49.5805497664391,5.995963673488346,0.5661310776116281,-0.014059212988181208,0.1693152396484375,34.50504879007815
6,5,12,49.5805497664391,5.995963673488346,0.6345323018149728,-0.10070487692432528,0.157257464453125,32.772620012421896
6,5,13,49.5805497664391,5.995963673488346,0.8502367638210505,-0.34980385595915514,0.15573413359375,26.117007408007833
6,6,0,49.5805497664391,5.995963673488346,0.4196656127133536,0.020808641224159485,0.18619119492187503,36.80736564453127
6,6,1,49.5805497664391,5.995963673488346,0.46964917497436454,-0.043068842727743806,0.16568808281250003,36.08550919414065
6,6,2,49.5805497664391,5.995963673488346,0.4465402774681142,0.026898848101054036,0.17997214472656253,35.81191405027346
6,6,3,49.5805497664391,5.995963673488346,0.28014309260422254,0.054823865708166004,0.20864038535156249,38.968635767421894
6,6,4,49.5805497664391,5.995963673488346,0.44983489979881963,0.023842357372831656,0.18880906328125,37.16813365003908
6,6,5,49.5805497664391,5.995963673488346,0.4754256630174879,0.04790898166634557,0.18858104296875,36.94643633328127
6,6,6,49.5805497664391,5.995963673488346,0.4769302363679574,-0.01960192611381689,0.1888325890625,35.489144813984396
6,6,7,49.5805497664391,5.995963673488346,0.6339923414624563,-0.17047674255761,0.17649480820312502,31.148686666484387
6,6,8,49.5805497664391,5.995963673488346,0.47878424155171545,-0.06527846815734953,0.19178639960937502,32.69402557988283
6,6,9,49.5805497664391,5.995963673488346,0.8207241293219223,-0.3433419601656591,0.17389488164062503,26.708171324140643
6,6,10,49.5805497664391,5.995963673488346,0.7772501103431765,-0.25441893541463045,0.15601875976562501,27.892915803359394
6,6,11,49.5805497664391,5.995963673488346,0.7846839611024098,-0.27426907608665335,0.15646890058593751,27.84836805441408
6,6,12,49.5805497664391,5.995963673488346,0.6520780234782808,-0.1329548038347911,0.171527700390625,30.99771966593752
6,6,13,49.5805497664391,5.995963673488346,0.8309953225875132,-0.3261947103524292,0.1688820419921875,27.31657220832033
6,7,0,49.5805497664391,5.995963673488346,0.49845613223683516,-0.07010159502665336,0.161062813671875,35.73030882277345
6,7,1,49.5805497664391,5.995963673488346,0.5127421995598673,-0.07261993559131581,0.1531194041015625,36.079334060351584
6,7,2,49.5805497664391,5.995963673488346,0.5520401504070662,-0.08709151414594926,0.1710564330078125,34.95153432839846
6,7,3,49.5805497664391,5.995963673488346,0.48959122854431186,0.015732398168371856,0.1944216947265625,37.175603892968766
6,7,4,49.5805497664391,5.995963673488346,0.4709531345005471,0.007495948976844986,0.19808247949218752,37.75871676980471
6,7,5,49.5805497664391,5.995963673488346,0.47279267656722007,0.0210913197199306,0.19108581484375,36.52385690750002
6,7,6,49.5805497664391,5.995963673488346,0.5656884195933861,-0.09079012779211634,0.16749518417968753,33.996097601093766
6,7,7,49.5805497664391,5.995963673488346,0.3759481959065104,-0.008373341477421095,0.2034551853515625,34.386025589726586
6,7,8,49.5805497664391,5.995963673488346,0.52036493081285,-0.11111196149050444,0.1771457169921875,31.948503346484394
6,7,9,49.5805497664391,5.995963673488346,0.6723989189785818,-0.2313307720563571,0.1594950171875,29.090230852226583
6,7,10,49.5805497664391,5.995963673488346,0.661677566623202,-0.193541035247758,0.1775435958984375,30.184624779335962
6,7,11,49.5805497664391,5.995963673488346,0.6842206852505314,-0.21332075056923588,0.17518337597656253,30.585093888242206
6,7,12,49.5805497664391,5.995963673488346,0.5209767295434755,-0.0020903817547212496,0.17381123007812502,34.17597090359377
6,7,13,49.5805497664391,5.995963673488346,0.5969294211077283,-0.0666675884009292,0.1730695232421875,33.13920265742189
6,8,0,49.5805497664391,5.995963673488346,0.4011460328482704,0.07046070742699229,0.174846078125,38.295773162304705
6,8,1,49.5805497664391,5.995963673488346,0.34595144274280726,0.025796787359188396,0.191581973828125,36.60658367281252
6,8,2,49.5805497664391,5.995963673488346,0.37149406344794544,-0.007222591637238953,0.20437912539062503,35.99207441304689
6,8,3,49.5805497664391,5.995963673488346,0.460881527133317,-0.021801303774454564,0.19348560839843754,35.34391901890627
6,8,4,49.5805497664391,5.995963673488346,0.5354091070596879,-0.059723354732167375,0.16763046796875003,35.45423694957033
6,8,5,49.5805497664391,5.995963673488346,0.45928249504745156,-0.031244437093343236,0.153751066796875,36.72763632253908
6,8,6,49.5805497664391,5.995963673488346,0.4252217299481929,0.04295933873802186,0.18202845019531252,36.47311399730471
6,8,7,49.5805497664391,5.995963673488346,0.5956101191476055,-0.11965611602228582,0.1634992376953125,32.55608978058596
6,8,8,49.5805497664391,5.995963673488346,0.5635353017282267,-0.08358739801393755,0.1721767982421875,33.57376518066408
6,8,9,49.5805497664391,5.995963673488346,0.5742434713764281,-0.10122871542581029,0.17820051718750002,33.34433726398439
6,8,10,49.5805497664391,5.995963673488346,0.569304930734718,-0.052284455510574965,0.1792246220703125,32.79682653687502
6,8,11,49.5805497664391,5.995963673488346,0.4562778170051185,0.010604288419311558,0.18692943281250002,37.03357581582033
6,8,12,49.5805497664391,5.995963673488346,0.4874503148727749,0.0022681278731639053,0.17210081132812502,37.282116606054714
6,8,13,49.5805497664391,5.995963673488346,0.4574007990180112,0.029484399989688187,0.18640998320312502,37.07897806976565
6,9,0,49.5805497664391,5.995963673488346,0.5608866519639384,-0.039491074369018525,0.17291256914062503,34.89163886855471
6,9,1,49.5805497664391,5.995963673488346,0.5048819097555078,-0.041285679336751216,0.18511500117187502,34.288451800039084
6,9,2,49.5805497664391,5.995963673488346,0.3982362691674158,-0.003531182770084431,0.19176237304687502,35.2065773676172
6,9,3,49.5805497664391,5.995963673488346,0.4365759205538447,0.013161343266412294,0.197987561328125,35.96270080367189
6,9,4,49.5805497664391,5.995963673488346,0.42946675652036315,0.021127862417974555,0.19514651601562502,35.94535702250002
6,9,5,49.5805497664391,5.995963673488346,0.47866571297193794,0.04871556994126325,0.1873787822265625,37.26383153421877
6,9,6,49.5805497664391,5.995963673488346,0.4909018524565445,-0.00500446863897171,0.19050596191406252,35.26492403714846
6,9,7,49.5805497664391,5.995963673488346,0.5878959306894815,-0.09621566836183566,0.1787542578125,34.832711402656265
6,9,8,49.5805497664391,5.995963673488346,0.5005965714349507,0.03815803167744924,0.16825690761718753,37.73690018902346
6,9,9,49.5805497664391,5.995963673488346,0.5113833129999761,0.008866237168291553,0.18422910664062503,37.608971444375015
6,9,10,49.5805497664391,5.995963673488346,0.5327547035991265,-0.015595873938849886,0.1851941330078125,35.84724916718752
6,9,11,49.5805497664391,5.995963673488346,0.317484519259246,0.03856002529550917,0.212832896875,38.96061810722658
6,9,12,49.5805497664391,5.995963673488346,0.41137452941993824,0.02526318092366577,0.20182633046874998,37.51986259484377
6,9,13,49.5805497664391,5.995963673488346,0.43203473692915906,0.01617821250520301,0.19985119921875003,35.3612427726172
6,10,0,49.5805497664391,5.995963673488346,0.8874561945066828,-0.42553912949968553,0.17669907910156252,26.34475301796877
6,10,1,49.5805497664391,5.995963673488346,0.5531268085750288,-0.025718304014775355,0.19792231171875002,35.1921041891797
6,10,2,49.5805497664391,5.995963673488346,0.5089852641955417,-0.050170081917327136,0.192301830078125,36.00385723589846
6,10,3,49.5805497664391,5.995963673488346,0.4477256685925721,-0.034631733489457105,0.1882488998046875,35.46290216433596
6,10,4,49.5805497664391,5.995963673488346,0.44487541114137463,0.019245849572149046,0.19877842011718752,34.86331336296877
6,10,5,49.5805497664391,5.995963673488346,0.5289696656413905,-0.012087372205096696,0.1932128337890625,36.53840351996096
6,10,6,49.5805497664391,5.995963673488346,0.5560673429545726,-0.0524146955403255,0.196197866796875,36.238892841640634
6,10,7,49.5805497664391,5.995963673488346,0.5992562143432101,-0.061240303393367064,0.18150458300781253,34.444171984648456
6,10,8,49.5805497664391,5.995963673488346,0.5379884340112432,-0.06470503117042248,0.16198290605468751,34.53039687980471
6,10,9,49.5805497664391,5.995963673488346,0.5771618052942332,-0.06997554912940265,0.16209044863281252,35.732191404101584
6,10,10,49.5805497664391,5.995963673488346,0.48848058874970846,-0.0431341238153505,0.19232150000000003,35.69552779894533
6,10,11,49.5805497664391,5.995963673488346,0.3803071464706382,0.02962568044972542,0.19099972851562502,35.71373276093752
6,10,12,49.5805497664391,5.995963673488346,0.6272491919816372,-0.15852983678288796,0.18060360625,32.1867500217969
6,10,13,49.5805497664391,5.995963673488346,0.57428303378135,-0.09586678742079129,0.172710964453125,31.67954122191408
6,11,0,49.5805497664391,5.995963673488346,0.7591409511945515,-0.2788385061047031,0.1729404541015625,29.468709809023455
6,11,1,49.5805497664391,5.995963673488346,0.4827494222851739,-0.07429568301662723,0.20048999042968751,34.905591333007834
6,11,2,49.5805497664391,5.995963673488346,0.5315950558162598,-0.08641565500140544,0.17985259355468752,35.54331909582033
6,11,3,49.5805497664391,5.995963673488346,0.5798797567206067,-0.09963483170778373,0.163437619140625,34.22572579238283
6,11,4,49.5805497664391,5.995963673488346,0.49760195534624097,-0.011831378619883271,0.17536489804687502,34.69119068785159
6,11,5,49.5805497664391,5.995963673488346,0.4860413397338361,-0.09184729717103601,0.19585797734375002,36.365399636562515
6,11,6,49.5805497664391,5.995963673488346,0.4505487455125254,-0.008400280601777055,0.19708942421875,37.594404804453134
6,11,7,49.5805497664391,5.995963673488346,0.5482152089934952,-0.07188061924542956,0.1756457888671875,35.150460422070324
6,11,8,49.5805497664391,5.995963673488346,0.527651484735602,-0.07092227563153927,0.1667131607421875,33.73072039203127
6,11,9,49.5805497664391,5.995963673488346,0.44884809758656097,-0.005584658684179823,0.15847639902343752,37.778330329882834
6,11,10,49.5805497664391,5.995963673488346,0.5107977504355118,-0.034290182928689614,0.1815142099609375,36.27737226992189
6,11,11,49.5805497664391,5.995963673488346,0.5909966499660834,-0.10136570093984566,0.17603176289062503,32.56293249640626
6,11,12,49.5805497664391,5.995963673488346,0.7778464357721858,-0.2697109844343465,0.1666952044921875,30.011474027890642
6,11,13,49.5805497664391,5.995963673488346,0.8597323359543734,-0.36659779110299673,0.158970271484375,26.954462362929707
6,12,0,49.5805497664391,5.995963673488346,0.4730896065269047,-0.03854004914115383,0.161519131640625,34.92376959171877
6,12,1,49.5805497664391,5.995963673488346,0.4674002253417804,-0.08399770214359742,0.1938265068359375,33.323602166093764
6,12,2,49.5805497664391,5.995963673488346,0.4178235107832093,0.046454133119495235,0.194815126171875,36.51998493171877
6,12,3,49.5805497664391,5.995963673488346,0.48362050663894274,0.022003504052217272,0.18018349589843752,37.04479119394533
6,12,4,49.5805497664391,5.995963673488346,0.4742232218687696,0.004270682836777515,0.1600500130859375,36.21166217058595
6,12,5,49.5805497664391,5.995963673488346,0.4946906588308152,0.030360670233881275,0.16596711621093752,36.66791443402346
6,12,6,49.5805497664391,5.995963673488346,0.4807447035590247,0.002908744011434542,0.18128877070312502,35.427573723242205
6,12,7,49.5805497664391,5.995963673488346,0.5121018775919499,-0.05250298132581678,0.1815113271484375,33.873409375390644
6,12,8,49.5805497664391,5.995963673488346,0.3952547729673054,0.011989573362658667,0.20093583847656252,36.031728785703145
6,12,9,49.5805497664391,5.995963673488346,0.5134360726791607,-0.05614110047626663,0.168926449609375,34.04724773632814
6,12,10,49.5805497664391,5.995963673488346,0.5025051440938759,0.016786994509206177,0.17234005136718752,37.076788400703144
6,12,11,49.5805497664391,5.995963673488346,0.6406233440143055,-0.11882577428071361,0.1697312849609375,33.789581099726576
6,12,12,49.5805497664391,5.995963673488346,0.5307218458551138,-0.026865081236416566,0.18134163789062502,35.91647742382814
6,12,13,49.5805497664391,5.995963673488346,0.794559142114933,-0.2935995430766961,0.16597668574218752,27.913537412304706
6,13,0,49.5805497664391,5.995963673488346,0.2972770951197334,0.08272246182423926,0.1880958912109375,35.35293805214846
6,13,1,49.5805497664391,5.995963673488346,0.4024320343973279,0.031757131264813436,0.1928444482421875,34.98603496777345
6,13,2,49.5805497664391,5.995963673488346,0.5665674276634272,-0.04873580434310548,0.1815516814453125,33.36706843214845
6,13,3,49.5805497664391,5.995963673488346,0.48448168128850333,-0.033666892148607,0.18826499453125,35.423080896171896
6,13,4,49.5805497664391,5.995963673488346,0.5336105620189479,-0.10559812259564705,0.19189582871093752,34.15433456996095
6,13,5,49.5805497664391,5.995963673488346,0.4272055722430539,0.0419022383352893,0.1971016619140625,35.420690952500024
6,13,6,49.5805497664391,5.995963673488346,0.39069026144130287,0.06409078320956893,0.200352987109375,36.023397361953144
6,13,7,49.5805497664391,5.995963673488346,0.5239091156373358,-0.026665759847009682,0.18322736093750003,34.29481385679689
6,13,8,49.5805497664391,5.995963673488346,0.4610500623444682,-0.0851409739918172,0.19543121406250002,34.41457139738283
6,13,9,49.5805497664391,5.995963673488346,0.49424466161408254,-0.012951014958913163,0.17858027480468752,35.105031464843776
6,13,10,49.5805497664391,5.995963673488346,0.4352169989499057,0.04591629132717654,0.1739301892578125,38.21694507605471
6,13,11,49.5805497664391,5.995963673488346,0.4941004398141762,0.010397464800248985,0.18572923574218753,36.34914401410158
6,13,12,49.5805497664391,5.995963673488346,0.5092433405360001,-0.01941176851394734,0.18081988808593752,34.31071566078127
6,13,13,49.5805497664391,5.995963673488346,0.49354376800967903,-0.10712527312535851,0.2097564548828125,32.64028522636721
7,0,0,50.48604743083006,3.358143289677191,0.46327214599303973,-0.05097242769916724,0.20707797421875002,33.77661665667971
7,0,1,50.48604743083006,3.358143289677191,0.5597169109536649,-0.1485734428775557,0.1958412072265625,32.607006262109394
7,0,2,50.48604743083006,3.358143289677191,0.6177169319606408,-0.21501659956356023,0.1858103876953125,31.226172912851585
7,0,3,50.48604743083006,3.358143289677191,0.5408855476875938,-0.1444780977627328,0.20186053710937502,31.096902328320333
7,0,4,50.48604743083006,3.358143289677191,0.6612332917486762,-0.21467848739244194,0.19054376015625,29.187611043125017
7,0,5,50.48604743083006,3.358143289677191,0.8608888273975992,-0.4217850854401756,0.17104895683593752,24.929459084257836
7,0,6,50.48604743083006,3.358143289677191,0.89224045398139,-0.4525226984730283,0.17516613867187503,23.873524557968768
7,0,7,50.48604743083006,3.358143289677191,0.8874161619991814,-0.44118336998415164,0.173132019140625,24.101563904023457
7,0,8,50.48604743083006,3.358143289677191,0.8887634250696494,-0.44349864739484834,0.16927313828125,24.179270452460955
7,0,9,50.48604743083006,3.358143289677191,0.7267430654914382,-0.27242323949087804,0.18032183945312502,28.40557874843752
7,0,10,50.48604743083006,3.358143289677191,0.5759561105555662,-0.14229851687255718,0.188278776953125,30.84856181269533
7,0,11,50.48604743083006,3.358143289677191,0.5541627174272947,-0.11708124311428578,0.18016526562500002,32.386597378671894
7,0,12,50.48604743083006,3.358143289677191,0.5656878552416656,-0.14359202992549935,0.18943412890625,31.94938455476564
7,0,13,50.48604743083006,3.358143289677191,0.4932285953444464,-0.06874877735978266,0.19362434257812502,31.786060610820332
7,1,0,50.48604743083006,3.358143289677191,0.5569395250017276,-0.16734846612949714,0.20779918789062501,31.730204022265646
7,1,1,50.48604743083006,3.358143289677191,0.600139412104835,-0.16676907979547206,0.20167902011718752,31.494427400468773
7,1,2,50.48604743083006,3.358143289677191,0.5043304413994952,-0.10592691731101381,0.19459847578125,33.028737858710954
7,1,3,50.48604743083006,3.358143289677191,0.5139532961273943,-0.1307310267872358,0.201331890234375,32.554554341914084
7,1,4,50.48604743083006,3.358143289677191,0.6781487927919511,-0.23199400394240438,0.18408998984375002,29.13847700562502
7,1,5,50.48604743083006,3.358143289677191,0.8675296795496426,-0.4245214046145981,0.16634876074218752,25.219930701875022
7,1,6,50.48604743083006,3.358143289677191,0.7975626012011308,-0.3812402409696184,0.19958817773437504,26.62441648250002
7,1,7,50.48604743083006,3.358143289677191,0.8906966478502174,-0.46558820769829035,0.184813408984375,23.728138543203148
7,1,8,50.48604743083006,3.358143289677191,0.8740580947012857,-0.47422363655801797,0.16922554746093751,24.368843721875017
7,1,9,50.48604743083006,3.358143289677191,0.7274194569782039,-0.2978062073460864,0.192672391796875,28.26323690773439
7,1,10,50.48604743083006,3.358143289677191,0.46070166034459487,0.0046033340669981,0.1965577828125,33.08576939164064
7,1,11,50.48604743083006,3.358143289677191,0.5385214437804546,-0.08089748721800437,0.1663314220703125,33.036702112343775
7,1,12,50.48604743083006,3.358143289677191,0.6142021247001952,-0.16611961863415994,0.185197565625,32.140246257500024
7,1,13,50.48604743083006,3.358143289677191,0.5122042974102153,-0.12552765325568224,0.20652432285156253,31.23308238687502
7,2,0,50.48604743083006,3.358143289677191,0.4921857454553909,-0.061978946872344065,0.19303919589843752,34.33026913847658
7,2,1,50.48604743083006,3.358143289677191,0.5903767864517664,-0.12118883494588484,0.185571421484375,32.636767069062515
7,2,2,50.48604743083006,3.358143289677191,0.529563548119524,-0.11378101614625705,0.1885162423828125,32.16226311289064
7,2,3,50.48604743083006,3.358143289677191,0.5890969186117592,-0.14078131519377984,0.20055597421875004,31.44641490078127
7,2,4,50.48604743083006,3.358143289677191,0.5569605182107431,-0.07808611606966671,0.1965443779296875,31.49696421218752
7,2,5,50.48604743083006,3.358143289677191,0.6529230083255725,-0.20851031387726815,0.1823287955078125,30.336439609062516
7,2,6,50.48604743083006,3.358143289677191,0.6491290588794705,-0.1926823323217688,0.17091179140625,29.759294915585954
7,2,7,50.48604743083006,3.358143289677191,0.8056771472353814,-0.3879374777763591,0.1790724712890625,25.17588363945314
7,2,8,50.48604743083006,3.358143289677191,0.8970886245924015,-0.4752298672426829,0.18584540566406252,23.552417600937517
7,2,9,50.48604743083006,3.358143289677191,0.7567844699166544,-0.33868176067207645,0.181604108203125,25.648237981484392
7,2,10,50.48604743083006,3.358143289677191,0.48650267898271204,-0.03355524390484974,0.1811557138671875,31.84258478140627
7,2,11,50.48604743083006,3.358143289677191,0.5287819533321985,-0.053263352660430315,0.1654554724609375,32.45442371304689
7,2,12,50.48604743083006,3.358143289677191,0.5095539948372421,-0.04912716523376624,0.17458983339843753,32.62516449335939
7,2,13,50.48604743083006,3.358143289677191,0.5879239215788372,-0.1785648384598029,0.199793292578125,29.820518863671893
7,3,0,50.48604743083006,3.358143289677191,0.4916444041942743,-0.11038318535607287,0.19854855332031252,34.50029560601564
7,3,1,50.48604743083006,3.358143289677191,0.46840180842545515,-0.06402989114627315,0.1931825158203125,34.59458489210939
7,3,2,50.48604743083006,3.358143289677191,0.46742346406780627,-0.06845046436001409,0.1985468189453125,34.053082403281266
7,3,3,50.48604743083006,3.358143289677191,0.5979678599041738,-0.1638746655156736,0.195164151171875,31.746806787382834
7,3,4,50.48604743083006,3.358143289677191,0.6131128432379047,-0.15878160214666381,0.18967654453125002,30.087157802773454
7,3,5,50.48604743083006,3.358143289677191,0.6528043174229825,-0.22452626846596246,0.196474773828125,28.940785938710956
7,3,6,50.48604743083006,3.358143289677191,0.5905643930388986,-0.16580386651438514,0.1900607568359375,29.87503361234377
7,3,7,50.48604743083006,3.358143289677191,0.6951346647535092,-0.25290638369268365,0.19012294589843753,28.43230205714846
7,3,8,50.48604743083006,3.358143289677191,0.8402412192469726,-0.42267456984329776,0.1827086693359375,24.595381008359396
7,3,9,50.48604743083006,3.358143289677191,0.7742770428892274,-0.3445006281648185,0.1898485859375,26.811626511523457
7,3,10,50.48604743083006,3.358143289677191,0.5770425064582692,-0.16292515020844067,0.186087316796875,29.320953878046893
7,3,11,50.48604743083006,3.358143289677191,0.4675720062635469,-0.03545558122035285,0.18791206640625,30.926949294804707
7,3,12,50.48604743083006,3.358143289677191,0.5191236693704915,-0.06801186846449199,0.1949454408203125,29.62463694406252
7,3,13,50.48604743083006,3.358143289677191,0.5589422611812562,-0.15872746330703097,0.19873018027343753,28.080319431171894
7,4,0,50.48604743083006,3.358143289677191,0.5222520518185367,-0.1762266505988453,0.22034888984375,33.539404733515646
7,4,1,50.48604743083006,3.358143289677191,0.5708100417763653,-0.21619567820439586,0.21237584902343754,31.722820565000017
7,4,2,50.48604743083006,3.358143289677191,0.5452282912332186,-0.14945256146970948,0.19575281289062502,32.49635454042971
7,4,3,50.48604743083006,3.358143289677191,0.6008827822677233,-0.2104867815632669,0.196755373828125,31.65753771816408
7,4,4,50.48604743083006,3.358143289677191,0.5538026411979882,-0.168450318047692,0.18510961914062501,32.16416572167971
7,4,5,50.48604743083006,3.358143289677191,0.4794208184611313,-0.08189513945568949,0.1984365603515625,33.084400848476584
7,4,6,50.48604743083006,3.358143289677191,0.7053451172789701,-0.30339411308577413,0.20057964121093752,30.633720563398455
7,4,7,50.48604743083006,3.358143289677191,0.6413702664264895,-0.17835794488867404,0.193070575390625,31.836896982500022
7,4,8,50.48604743083006,3.358143289677191,0.6534938509637859,-0.15257820770895447,0.1869789701171875,31.19791416546877
7,4,9,50.48604743083006,3.358143289677191,0.5613369595075545,-0.13452791511251233,0.19924322304687503,31.34294636175783
7,4,10,50.48604743083006,3.358143289677191,0.6123176944403673,-0.207894273442102,0.203979112890625,30.830984377812516
7,4,11,50.48604743083006,3.358143289677191,0.571591399555746,-0.16593912624769125,0.19665891699218752,31.127030305390644
7,4,12,50.48604743083006,3.358143289677191,0.5093749482823587,-0.07149473010047365,0.17929616074218752,30.570300270429705
7,4,13,50.48604743083006,3.358143289677191,0.43228438363594834,0.02299058532151258,0.1821279392578125,30.71847010226564
7,5,0,50.48604743083006,3.358143289677191,0.4717513484687922,-0.11291506728246498,0.20616930898437502,33.43160358710939
7,5,1,50.48604743083006,3.358143289677191,0.5025997038502572,-0.07384454776562882,0.19626351171875,33.29344080992189
7,5,2,50.48604743083006,3.358143289677191,0.5910567578502799,-0.16155810417211475,0.19883664550781252,32.122174811914086
7,5,3,50.48604743083006,3.358143289677191,0.6555608092637429,-0.2757881237535918,0.20867811875000003,31.68648407503908
7,5,4,50.48604743083006,3.358143289677191,0.6181986870517246,-0.20923407362304997,0.19166512128906255,32.46136656617189
7,5,5,50.48604743083006,3.358143289677191,0.6196211099702762,-0.17666061850428166,0.19390586640625002,32.30574651886721
7,5,6,50.48604743083006,3.358143289677191,0.5668489147224253,-0.1590606749909984,0.1899570056640625,31.70068354484377
7,5,7,50.48604743083006,3.358143289677191,0.5578095835477495,-0.09051029082479815,0.18153612421875004,32.80756793175783
7,5,8,50.48604743083006,3.358143289677191,0.7124300834298605,-0.26323415201446587,0.1904518646484375,30.408318166367202
7,5,9,50.48604743083006,3.358143289677191,0.6123760056396516,-0.17283476073599247,0.19135099453125,30.16204715503908
7,5,10,50.48604743083006,3.358143289677191,0.689794735224207,-0.3011511252512281,0.19385814609375002,29.044387994140642
7,5,11,50.48604743083006,3.358143289677191,0.553677937356964,-0.16166516797904587,0.20361121875,31.780666548007833
7,5,12,50.48604743083006,3.358143289677191,0.5067784560716734,-0.07026149838871476,0.1866484216796875,30.840844564414084
7,5,13,50.48604743083006,3.358143289677191,0.5030257624456882,-0.003272046957080728,0.182312051171875,30.77423990515627
7,6,0,50.48604743083006,3.358143289677191,0.6073951803494291,-0.22012253718751235,0.20412898984375,31.580265098046894
7,6,1,50.48604743083006,3.358143289677191,0.4352325580551542,-0.05308431762833678,0.1981079265625,31.409924866953148
7,6,2,50.48604743083006,3.358143289677191,0.6895068093503978,-0.2893414764248379,0.1975675611328125,29.488463561328146
7,6,3,50.48604743083006,3.358143289677191,0.5409979151037916,-0.1804744850671725,0.2243355412109375,31.381859718359394
7,6,4,50.48604743083006,3.358143289677191,0.45484112688711215,-0.04088424033382384,0.19449874921875002,32.26788794187502
7,6,5,50.48604743083006,3.358143289677191,0.5187383867892812,-0.06859282233559136,0.1797399564453125,32.064535779335955
7,6,6,50.48604743083006,3.358143289677191,0.5459722178053946,-0.1495498351097477,0.18282930937500003,30.960982626757833
7,6,7,50.48604743083006,3.358143289677191,0.5788672574646718,-0.11312191645982209,0.18503231621093752,29.862649965664083
7,6,8,50.48604743083006,3.358143289677191,0.3973255008153219,-0.04208980796447455,0.20680093691406254,30.50265418320314
7,6,9,50.48604743083006,3.358143289677191,0.41103876118564553,-0.02098572590207808,0.2026453322265625,31.043268787929705
7,6,10,50.48604743083006,3.358143289677191,0.7498236275246033,-0.36323518188019643,0.18284260605468752,26.79576476246096
7,6,11,50.48604743083006,3.358143289677191,0.5314481621744653,-0.12524625891552718,0.1858653869140625,29.27212025246095
7,6,12,50.48604743083006,3.358143289677191,0.6056963854281854,-0.14489139635627124,0.17982807734375,28.926740012773454
7,6,13,50.48604743083006,3.358143289677191,0.6050084809752279,-0.13935077804406196,0.1672158265625,30.010546088867205
7,7,0,50.48604743083006,3.358143289677191,0.47545222087346833,-0.09770733757187144,0.19994982031250003,32.09224043363283
7,7,1,50.48604743083006,3.358143289677191,0.4995729987514357,-0.10431099321746354,0.19474821230468753,31.03582524828127
7,7,2,50.48604743083006,3.358143289677191,0.6802277395913237,-0.284903913749339,0.195935644140625,29.11338259707033
7,7,3,50.48604743083006,3.358143289677191,0.4643676119111677,-0.07774431820749006,0.20603687910156251,30.85228024460939
7,7,4,50.48604743083006,3.358143289677191,0.5255505439314749,-0.1240110486709585,0.203667523828125,30.50969717363283
7,7,5,50.48604743083006,3.358143289677191,0.5614871924163964,-0.13744597142976253,0.1954905337890625,29.635611992656266
7,7,6,50.48604743083006,3.358143289677191,0.5380771848060681,-0.09157223726293168,0.17982401601562503,31.528313864375015
7,7,7,50.48604743083006,3.358143289677191,0.5620701590522577,-0.11625668226285589,0.1858379134765625,29.98217385253908
7,7,8,50.48604743083006,3.358143289677191,0.4616901141888051,-0.05490889749797272,0.20809108222656253,28.980293443320335
7,7,9,50.48604743083006,3.358143289677191,0.49069492321700536,-0.09782850758010712,0.20451388183593752,28.573175217382833
7,7,10,50.48604743083006,3.358143289677191,0.44073098422152507,-0.060374763114789634,0.21588588671875003,30.51949060203127
7,7,11,50.48604743083006,3.358143289677191,0.4862615669387035,-0.06796189282428665,0.1943739869140625,30.026314376445328
7,7,12,50.48604743083006,3.358143289677191,0.42142800192894286,-0.013217546530761912,0.1918939328125,29.63326210390627
7,7,13,50.48604743083006,3.358143289677191,0.6005419438187649,-0.10799664076439136,0.16518807734375002,30.50702684550783
7,8,0,50.48604743083006,3.358143289677191,0.6039334981046973,-0.19944660970401507,0.1993718658203125,30.642772975742208
7,8,1,50.48604743083006,3.358143289677191,0.5434063340990101,-0.1047933629119048,0.19157397382812502,31.28320444578127
7,8,2,50.48604743083006,3.358143289677191,0.5146336833655232,-0.09095040653786421,0.18232562148437503,29.969055865625023
7,8,3,50.48604743083006,3.358143289677191,0.53305100864774,-0.09330126655450986,0.17824393203125002,31.252241991171893
7,8,4,50.48604743083006,3.358143289677191,0.5635435672561612,-0.13068616880248868,0.19900615683593748,31.88462909773439
7,8,5,50.48604743083006,3.358143289677191,0.6127188976035176,-0.24157938379442498,0.19723787988281252,29.096272469609396
7,8,6,50.48604743083006,3.358143289677191,0.5097420427122845,-0.13050280198419492,0.21160334628906252,30.272091377070332
7,8,7,50.48604743083006,3.358143289677191,0.5264324968266922,-0.1628154003179569,0.1981014787109375,29.239001507890645
7,8,8,50.48604743083006,3.358143289677191,0.7157487318133067,-0.3117174571377082,0.206560690234375,29.959409305273457
7,8,9,50.48604743083006,3.358143289677191,0.6003505114352203,-0.18578707131329644,0.19495141699218754,30.447625396367208
7,8,10,50.48604743083006,3.358143289677191,0.7605483277823608,-0.35901914493373077,0.20740856035156252,30.213898251406267
7,8,11,50.48604743083006,3.358143289677191,0.7304111527622212,-0.3155763573190076,0.2135785771484375,31.255506467304706
7,8,12,50.48604743083006,3.358143289677191,0.47523099220985815,-0.0444246452469227,0.1752691482421875,29.78659902066408
7,8,13,50.48604743083006,3.358143289677191,0.6241975818203103,-0.1901648047931105,0.17664928125,31.518340188828144
7,9,0,50.48604743083006,3.358143289677191,0.3978002973949996,0.02905805844567496,0.19958241113281253,31.81561446734377
7,9,1,50.48604743083006,3.358143289677191,0.4082830535825013,-0.014265336697106959,0.2167741830078125,31.94768889640627
7,9,2,50.48604743083006,3.358143289677191,0.5873011611642497,-0.12313418456212624,0.1793326908203125,30.064066140312516
7,9,3,50.48604743083006,3.358143289677191,0.5402188480860224,-0.09860297865801392,0.1710316796875,32.02003476113283
7,9,4,50.48604743083006,3.358143289677191,0.5194208564474199,-0.13303070966724337,0.2017548,31.98728986250002
7,9,5,50.48604743083006,3.358143289677191,0.5202027413838064,-0.14340117993772908,0.1948766021484375,29.424389037968773
7,9,6,50.48604743083006,3.358143289677191,0.5157527903599672,-0.1289281179941841,0.201507444921875,29.235396564921896
7,9,7,50.48604743083006,3.358143289677191,0.6863403899696758,-0.30408466805197315,0.19451205117187503,29.574781917968767
7,9,8,50.48604743083006,3.358143289677191,0.5723213421149858,-0.19071972943722107,0.2172918365234375,30.886587285195333
7,9,9,50.48604743083006,3.358143289677191,0.5130971400626926,-0.11073523397252849,0.19162365078125,31.107216470703143
7,9,10,50.48604743083006,3.358143289677191,0.6698885717001642,-0.24529762230679142,0.17895362753906252,31.052881969179708
7,9,11,50.48604743083006,3.358143289677191,0.6432652906698249,-0.18374787846506255,0.17961766562500003,31.13585573984377
7,9,12,50.48604743083006,3.358143289677191,0.5503895088931713,-0.10972342979330757,0.1775483357421875,30.58837839183596
7,9,13,50.48604743083006,3.358143289677191,0.5549170131099983,-0.09933312240166667,0.16509265585937502,31.356251271640645
7,10,0,50.48604743083006,3.358143289677191,0.6823982565084978,-0.2914270111496783,0.203486757421875,29.338771642460955
7,10,1,50.48604743083006,3.358143289677191,0.5414893394508857,-0.13148240065881694,0.21396697949218751,31.067542070585954
7,10,2,50.48604743083006,3.358143289677191,0.5215573044622754,-0.09970486392050318,0.20610091875,32.13488557378908
7,10,3,50.48604743083006,3.358143289677191,0.47599716679342274,-0.03868413716821316,0.18902603808593751,31.062334930742203
7,10,4,50.48604743083006,3.358143289677191,0.5646045750529389,-0.12864409377851851,0.19635357636718753,31.210404625273455
7,10,5,50.48604743083006,3.358143289677191,0.6140610970897418,-0.16819115959674275,0.1755519521484375,29.956298373007833
7,10,6,50.48604743083006,3.358143289677191,0.5371755777539375,-0.12052833731144302,0.200246669921875,30.527862080703144
7,10,7,50.48604743083006,3.358143289677191,0.5818124504825841,-0.20176328311903968,0.198091776171875,29.951478430742206
7,10,8,50.48604743083006,3.358143289677191,0.5672014567798587,-0.18521596435459986,0.203057801953125,30.265268688710954
7,10,9,50.48604743083006,3.358143289677191,0.4105620045661261,-0.04464968376181936,0.188088356640625,33.003790318203144
7,10,10,50.48604743083006,3.358143289677191,0.4680835441718465,-0.015112353753835947,0.1804244701171875,30.811617823085957
7,10,11,50.48604743083006,3.358143289677191,0.5452329936647975,-0.04299236817135173,0.1731228642578125,32.4715672196094
7,10,12,50.48604743083006,3.358143289677191,0.4901661469980816,-0.03077587480196271,0.15691501503906252,33.11641808269533
7,10,13,50.48604743083006,3.358143289677191,0.6168593166213432,-0.16604791996302323,0.17696172871093752,30.76525425101564
7,11,0,50.48604743083006,3.358143289677191,0.5506208843484122,-0.14504341737934845,0.20103394238281252,30.468500686484397
7,11,1,50.48604743083006,3.358143289677191,0.5099675223820239,-0.07465490302916804,0.1978094779296875,30.522668292500022
7,11,2,50.48604743083006,3.358143289677191,0.633622472259123,-0.21412031433085574,0.20357312968750002,32.27984433605471
7,11,3,50.48604743083006,3.358143289677191,0.5997369230057852,-0.17601341569373663,0.20525707851562502,31.89484977863283
7,11,4,50.48604743083006,3.358143289677191,0.5377848816734672,-0.1202762214928568,0.1877578322265625,32.653296400156265
7,11,5,50.48604743083006,3.358143289677191,0.5478660745212336,-0.11183183586279209,0.18924907265625002,31.484053175703142
7,11,6,50.48604743083006,3.358143289677191,0.5268169860967378,-0.08003854574056464,0.1895663849609375,31.35352753695314
7,11,7,50.48604743083006,3.358143289677191,0.6370903384362183,-0.25074556513010593,0.19043433574218752,28.531017412109392
7,11,8,50.48604743083006,3.358143289677191,0.565081826908986,-0.14609868889689642,0.19321396035156252,29.996773871562517
7,11,9,50.48604743083006,3.358143289677191,0.4537938847437177,-0.019284353547992163,0.17995602558593754,32.25590484441408
7,11,10,50.48604743083006,3.358143289677191,0.5190096796160519,-0.0604933731052586,0.183564399609375,31.687265146015644
7,11,11,50.48604743083006,3.358143289677191,0.5661597661758735,-0.08554892875189232,0.17454013476562502,32.02653033429689
7,11,12,50.48604743083006,3.358143289677191,0.549354978245778,-0.10213007946036337,0.1765766751953125,31.482324138242205
7,11,13,50.48604743083006,3.358143289677191,0.5762520561559377,-0.12406577331781304,0.16187194980468753,31.187573319804706
7,12,0,50.48604743083006,3.358143289677191,0.6390599818029686,-0.22649499915155916,0.192642541796875,30.05279067980471
7,12,1,50.48604743083006,3.358143289677191,0.5773649510153107,-0.15627082726258792,0.19081800722656253,31.62094087121096
7,12,2,50.48604743083006,3.358143289677191,0.5693828938245653,-0.16700126924417208,0.18606604394531254,31.562247059023456
7,12,3,50.48604743083006,3.358143289677191,0.532106430492649,-0.15404912083499708,0.2036560328125,32.55690423066409
7,12,4,50.48604743083006,3.358143289677191,0.5976591605109071,-0.1539089682766736,0.19222648515625002,32.47159392289065
7,12,5,50.48604743083006,3.358143289677191,0.6238063217936032,-0.17247347669471724,0.17477444375,31.178220495546892
7,12,6,50.48604743083006,3.358143289677191,0.6945683733241104,-0.24830486745397023,0.1847512611328125,30.06508754082033
7,12,7,50.48604743083006,3.358143289677191,0.6802462486509384,-0.267250926079873,0.18127252128906252,30.53092628222658
7,12,8,50.48604743083006,3.358143289677191,0.5922926575614942,-0.14124565785066193,0.1791433765625,31.40756162656252
7,12,9,50.48604743083006,3.358143289677191,0.4552603359153421,-0.04989360845180813,0.193735073046875,33.012422153867206
7,12,10,50.48604743083006,3.358143289677191,0.6974391718282649,-0.30153503264269965,0.1955214576171875,30.189578238007833
7,12,11,50.48604743083006,3.358143289677191,0.5693021402540744,-0.0888534043144131,0.1803375064453125,32.46595285472658
7,12,12,50.48604743083006,3.358143289677191,0.5678559060084913,-0.1255896443380924,0.1829047228515625,31.67420056566408
7,12,13,50.48604743083006,3.358143289677191,0.5658106206771392,-0.09597144795534478,0.16632863769531253,31.166337535390646
7,13,0,50.48604743083006,3.358143289677191,0.6303947924708593,-0.23405121362718836,0.19300126464843748,30.465890440742207
7,13,1,50.48604743083006,3.358143289677191,0.6557627437714216,-0.229892988082737,0.19264181699218752,30.85716694507814
7,13,2,50.48604743083006,3.358143289677191,0.5059893479718323,-0.06022319739279558,0.1914349857421875,33.2908772949219
7,13,3,50.48604743083006,3.358143289677191,0.619967457213368,-0.22730202437307542,0.192846660546875,31.77429781542971
7,13,4,50.48604743083006,3.358143289677191,0.5903431005896975,-0.17154356095196377,0.193967687109375,32.338050813359395
7,13,5,50.48604743083006,3.358143289677191,0.6317869003997717,-0.20275434017699848,0.17294600605468752,31.56227376230471
7,13,6,50.48604743083006,3.358143289677191,0.7157314191035369,-0.2842365476853646,0.17064605507812503,30.001807440078142
7,13,7,50.48604743083006,3.358143289677191,0.5850905688058541,-0.13146195408292796,0.1741867826171875,31.933622943007837
7,13,8,50.48604743083006,3.358143289677191,0.640767468584352,-0.21317132074387493,0.18578730468750002,31.717760293203142
7,13,9,50.48604743083006,3.358143289677191,0.6149645350667035,-0.20279530761716605,0.1825765041015625,30.535926471640643
7,13,10,50.48604743083006,3.358143289677191,0.4666854138350871,-0.1051958323955201,0.19524531562500003,31.14783216148439
7,13,11,50.48604743083006,3.358143289677191,0.4704690560782096,-0.05817605511903807,0.19427180390625,30.00174068187502
7,13,12,50.48604743083006,3.358143289677191,0.7162947058473864,-0.30282098163827403,0.1971047001953125,30.704257280820336
7,13,13,50.48604743083006,3.358143289677191,0.6848328433909208,-0.2684903996391236,0.18069225156250002,30.488087543281267
8,0,0,50.06348185411428,4.771261352433166,0.7409214258706024,-0.27030897772859536,0.14186822591093118,29.79626304897235
8,0,1,50.06348185411428,4.771261352433166,0.4427912605379558,0.002115780909893053,0.14109084906542058,32.786733329841915
8,0,2,50.06348185411428,4.771261352433166,0.5253571980414674,-0.10771967510790856,0.1538131518072289,29.43952979843752
8,0,3,50.06348185411428,4.771261352433166,0.6030733018982515,-0.12023260010185637,0.14323940080645162,28.285801180390646
8,0,4,50.06348185411428,4.771261352433166,0.7821612630838215,-0.3310037731176091,0.1217836128968254,24.49913627449395
8,0,5,50.06348185411428,4.771261352433166,0.8854790986030876,-0.41877328777627787,0.1558361529296875,23.803448472148457
8,0,6,50.06348185411428,4.771261352433166,0.8843722969399244,-0.41914311295636375,0.1531051689453125,23.596578152304705
8,0,7,50.06348185411428,4.771261352433166,0.8908976904844162,-0.41117948835421714,0.1598060478515625,24.354577493867207
8,0,8,50.06348185411428,4.771261352433166,0.6639514592775664,-0.2102023000354773,0.1175431267578125,30.62984458212502
8,0,9,50.06348185411428,4.771261352433166,0.24952530196202405,0.13282255688823616,0.117943753515625,41.56888780660158
8,0,10,50.06348185411428,4.771261352433166,0.4926255701482408,0.013457731307530764,0.13034966210937501,37.18802091875002
8,0,11,50.06348185411428,4.771261352433166,0.6339803664819117,-0.1281509692089726,0.1399565146484375,33.83032862439026
8,0,12,50.06348185411428,4.771261352433166,0.8275620920843716,-0.3699649062001057,0.12969397382812503,25.170108023658557
8,0,13,50.06348185411428,4.771261352433166,0.7777125878954534,-0.26994019318841334,0.16535161796875,27.544110867851582
8,1,0,50.06348185411428,4.771261352433166,0.5399822319981071,-0.10211379497478923,0.12662127767857143,32.643477656000016
8,1,1,50.06348185411428,4.771261352433166,0.5768467150187478,-0.058254375376122616,0.16614930156250002,32.38176408476564
8,1,2,50.06348185411428,4.771261352433166,0.5168763654496491,0.009546040102881159,0.1717713720703125,31.36729307843752
8,1,3,50.06348185411428,4.771261352433166,0.7648573836370107,-0.23974906136165938,0.15097412363281254,26.240263078437522
8,1,4,50.06348185411428,4.771261352433166,0.881983090592297,-0.3947596039353734,0.153916231640625,24.118086559296895
8,1,5,50.06348185411428,4.771261352433166,0.8775789134195217,-0.3945671315032603,0.15672733730468752,24.083465755156272
8,1,6,50.06348185411428,4.771261352433166,0.8784538183988118,-0.4094001678335958,0.16877137734375003,24.241482421953144
8,1,7,50.06348185411428,4.771261352433166,0.8662635099360481,-0.3769896477216555,0.16908810273437502,25.264264824570333
8,1,8,50.06348185411428,4.771261352433166,0.7633799138729341,-0.30052563081520756,0.12153270371093751,26.297910122000015
8,1,9,50.06348185411428,4.771261352433166,0.4624189616651282,0.008904672168167071,0.11133865436507936,33.0475363618182
8,1,10,50.06348185411428,4.771261352433166,0.49374107717518817,-0.03340885969782084,0.12250335217391303,34.1012371745492
8,1,11,50.06348185411428,4.771261352433166,0.7363560104720341,-0.29808023327645083,0.11364198051181104,27.18930630802421
8,1,12,50.06348185411428,4.771261352433166,0.8971652760635718,-0.4379957155123283,0.15592212031250002,24.03662819984377
8,1,13,50.06348185411428,4.771261352433166,0.9114223721036554,-0.46690007750159757,0.18497494394531253,23.720841871601582
8,2,0,50.06348185411428,4.771261352433166,0.5157553295651018,-0.07164242758738754,0.10213509238281251,33.97040236871096
8,2,1,50.06348185411428,4.771261352433166,0.5455862839867593,-0.013480925901359289,0.15559731796875,33.63054970824221
8,2,2,50.06348185411428,4.771261352433166,0.6838370099963735,-0.15189416847496506,0.16098676445312504,28.767641863085956
8,2,3,50.06348185411428,4.771261352433166,0.8708531995795656,-0.36650845664264153,0.15690085546875,25.14215071941408
8,2,4,50.06348185411428,4.771261352433166,0.8722573644639372,-0.3822881067575645,0.16284601308593752,25.150562253007834
8,2,5,50.06348185411428,4.771261352433166,0.86737491194998,-0.38324388396702425,0.1501881560546875,25.214523287421894
8,2,6,50.06348185411428,4.771261352433166,0.7504574853505938,-0.22415308440231177,0.1390825767578125,27.278593466562523
8,2,7,50.06348185411428,4.771261352433166,0.7587126412485402,-0.250041962466094,0.143131173046875,27.652118964687517
8,2,8,50.06348185411428,4.771261352433166,0.8864297120663029,-0.40698791456182065,0.1540120771484375,24.529083436835954
8,2,9,50.06348185411428,4.771261352433166,0.8749530303372262,-0.40595358466670434,0.130997184765625,23.96095777660158
8,2,10,50.06348185411428,4.771261352433166,0.9008484303421627,-0.43626440380512954,0.15088967812499998,23.757538855859394
8,2,11,50.06348185411428,4.771261352433166,0.9096214659466921,-0.4604480805612916,0.16168081113281252,23.275164107539076
8,2,12,50.06348185411428,4.771261352433166,0.9061218961884782,-0.46388933731236526,0.1735237291015625,23.513424134492205
8,2,13,50.06348185411428,4.771261352433166,0.9107524621540635,-0.4589442673608155,0.18604897089843753,24.08673023128908
8,3,0,50.06348185411428,4.771261352433166,0.5837739090831122,-0.11144325375487787,0.11355724960937502,31.39365589285158
8,3,1,50.06348185411428,4.771261352433166,0.5247895158720273,0.0010609008857188351,0.1564375251953125,34.32568952574221
8,3,2,50.06348185411428,4.771261352433166,0.743993745325191,-0.2166893278204962,0.16366850175781253,28.213762403398455
8,3,3,50.06348185411428,4.771261352433166,0.8788604898880834,-0.38686848317102024,0.16021625625000002,24.47774637863283
8,3,4,50.06348185411428,4.771261352433166,0.8726129001980358,-0.3814003159411448,0.15967487070312503,24.861786293750015
8,3,5,50.06348185411428,4.771261352433166,0.834291750070198,-0.3334611614780717,0.152988723828125,26.58593037839846
8,3,6,50.06348185411428,4.771261352433166,0.5783592102777253,-0.09762793875431308,0.17657646035156252,33.294221880898455
8,3,7,50.06348185411428,4.771261352433166,0.6940933056027483,-0.23706803782995778,0.10815746835937501,27.761595741992206
8,3,8,50.06348185411428,4.771261352433166,0.8107698108418122,-0.347097667366114,0.10287916855468751,24.526199482460953
8,3,9,50.06348185411428,4.771261352433166,0.8381852247603769,-0.3847272977121843,0.128160703515625,24.55454501550783
8,3,10,50.06348185411428,4.771261352433166,0.8972366066191871,-0.4404985957371566,0.15193971328125,23.576443878242205
8,3,11,50.06348185411428,4.771261352433166,0.9018022117353481,-0.4465221853769952,0.17230725195312502,23.852649267851582
8,3,12,50.06348185411428,4.771261352433166,0.8980181253355058,-0.43554776606072954,0.1752086787109375,24.11657782390627
8,3,13,50.06348185411428,4.771261352433166,0.869708146007999,-0.38042483457536463,0.16778055117187501,25.262035100585955
8,4,0,50.06348185411428,4.771261352433166,0.656159333080843,-0.1404827948298933,0.126852869921875,30.96926064394533
8,4,1,50.06348185411428,4.771261352433166,0.5719755213036811,-0.06422316820383135,0.148086020703125,33.39846481507814
8,4,2,50.06348185411428,4.771261352433166,0.838718883838384,-0.3445008894240309,0.15861780722656252,26.138243192421893
8,4,3,50.06348185411428,4.771261352433166,0.8921587324097148,-0.4311469228901501,0.15804855996093753,24.220867488828148
8,4,4,50.06348185411428,4.771261352433166,0.8904205807530443,-0.4219258987374275,0.15974769140625003,24.374912042539084
8,4,5,50.06348185411428,4.771261352433166,0.8689245925529332,-0.4053182570053893,0.12916719375000002,24.334443219804704
8,4,6,50.06348185411428,4.771261352433166,0.658651559647871,-0.17089007942208592,0.12960239511718752,28.873006335078145
8,4,7,50.06348185411428,4.771261352433166,0.8201252446370376,-0.3794224097864005,0.08768674042968749,24.60559501343752
8,4,8,50.06348185411428,4.771261352433166,0.7769724474856132,-0.31523141582876213,0.10820684453125001,26.147736208906267
8,4,9,50.06348185411428,4.771261352433166,0.8454524086128288,-0.39949070380336005,0.12011320273437501,25.131663005703146
8,4,10,50.06348185411428,4.771261352433166,0.879136427103085,-0.4371119040380067,0.144693627734375,24.198650358828143
8,4,11,50.06348185411428,4.771261352433166,0.8854937740702481,-0.4382968799380193,0.15408263203125,24.44099598781252
8,4,12,50.06348185411428,4.771261352433166,0.9017646446481455,-0.43077128664280634,0.17293111562500002,24.717394976210958
8,4,13,50.06348185411428,4.771261352433166,0.8888335594373054,-0.4052602034556614,0.158863203515625,24.80763871519533
8,5,0,50.06348185411428,4.771261352433166,0.632388917210724,-0.13067195431254588,0.12487111425781251,30.505713746506043
8,5,1,50.06348185411428,4.771261352433166,0.6581182075571734,-0.11733927486858516,0.1504270140625,30.423685904726582
8,5,2,50.06348185411428,4.771261352433166,0.8123492274359321,-0.3103829293406058,0.156684300390625,26.742131222070334
8,5,3,50.06348185411428,4.771261352433166,0.896597409047814,-0.43657656148125323,0.16792095527343753,24.451817492539078
8,5,4,50.06348185411428,4.771261352433166,0.8819645051355508,-0.40616755741803867,0.155771407421875,24.37186119265627
8,5,5,50.06348185411428,4.771261352433166,0.8474501352696823,-0.3710026676546433,0.1490336435546875,24.883182297851583
8,5,6,50.06348185411428,4.771261352433166,0.8556229474276565,-0.3879485728094245,0.16058039121093753,25.01424200222658
8,5,7,50.06348185411428,4.771261352433166,0.7957413012033265,-0.3226743208050634,0.14323287773437499,26.966151724296896
8,5,8,50.06348185411428,4.771261352433166,0.8090952726192354,-0.3528589657520846,0.10772694394531251,25.721638625820336
8,5,9,50.06348185411428,4.771261352433166,0.8204928102102762,-0.3752002312803114,0.10558622207031251,25.798030037656268
8,5,10,50.06348185411428,4.771261352433166,0.8936707096758979,-0.43254502659543065,0.1554125470703125,24.189831600195333
8,5,11,50.06348185411428,4.771261352433166,0.8682915104642974,-0.41363759657213384,0.13435303691406253,24.043324047617208
8,5,12,50.06348185411428,4.771261352433166,0.8984591724704474,-0.46214000888306717,0.152462520703125,24.30545013218752
8,5,13,50.06348185411428,4.771261352433166,0.9040228179941306,-0.4316737256166133,0.1685879216796875,24.68566480226564
8,6,0,50.06348185411428,4.771261352433166,0.7959398385761328,-0.2819395971687606,0.14758989121093752,27.148655300000016
8,6,1,50.06348185411428,4.771261352433166,0.7903458250628963,-0.2897428331213429,0.1427608734375,26.74135015109377
8,6,2,50.06348185411428,4.771261352433166,0.8735814129157858,-0.4195886799811064,0.1422766587890625,24.55598699269533
8,6,3,50.06348185411428,4.771261352433166,0.8785574639062719,-0.4087708180529607,0.14795498437500001,24.201260604570333
8,6,4,50.06348185411428,4.771261352433166,0.8817601402559491,-0.41500644253055824,0.16019994003906252,23.761831408320333
8,6,5,50.06348185411428,4.771261352433166,0.8993830628148284,-0.44471138124386334,0.16641073828125003,23.687823264335954
8,6,6,50.06348185411428,4.771261352433166,0.8887549672328997,-0.41977545139261097,0.1663039498046875,24.04511984328127
8,6,7,50.06348185411428,4.771261352433166,0.8793821407715342,-0.4433328928250315,0.1395317640625,24.94345160363283
8,6,8,50.06348185411428,4.771261352433166,0.8238860581666563,-0.37550473033362336,0.09123964003906251,24.743444027070332
8,6,9,50.06348185411428,4.771261352433166,0.829202783777335,-0.4003930346138742,0.09617951328125002,24.754025202265645
8,6,10,50.06348185411428,4.771261352433166,0.8842649464710626,-0.43710383507033823,0.13795381718750002,23.691288015078143
8,6,11,50.06348185411428,4.771261352433166,0.9062034422529538,-0.4531740480503923,0.16683673222656253,23.876468594726582
8,6,12,50.06348185411428,4.771261352433166,0.8976331805177449,-0.4767112749867129,0.14499537910156252,24.532601594140644
8,6,13,50.06348185411428,4.771261352433166,0.9033088752429613,-0.4431771859482716,0.15475576933593752,24.674149012226582
8,7,0,50.06348185411428,4.771261352433166,0.7649747513754152,-0.2665120339774564,0.12939535136718752,27.596182266289084
8,7,1,50.06348185411428,4.771261352433166,0.8504525121629813,-0.37572827574171164,0.128806521875,25.274432098906267
8,7,2,50.06348185411428,4.771261352433166,0.8904600740503145,-0.43851444367746795,0.14386995234375,23.465538475390645
8,7,3,50.06348185411428,4.771261352433166,0.9020575034303845,-0.45699127953631713,0.16496470625000004,23.58257228128908
8,7,4,50.06348185411428,4.771261352433166,0.8997404184463863,-0.4499618938211478,0.16996154921875,23.472354487929707
8,7,5,50.06348185411428,4.771261352433166,0.8983959997718975,-0.4496695785115791,0.16243162187500002,23.44776076589845
8,7,6,50.06348185411428,4.771261352433166,0.902404586793828,-0.4502724922219869,0.168326240625,23.228853942031268
8,7,7,50.06348185411428,4.771261352433166,0.8928425165188474,-0.4274691236456812,0.155733572265625,23.652942103203145
8,7,8,50.06348185411428,4.771261352433166,0.8187891875655384,-0.3774179170485654,0.09734621308593752,24.871713238554708
8,7,9,50.06348185411428,4.771261352433166,0.8341770347321025,-0.40860795094666735,0.09171026816406251,24.207702771171896
8,7,10,50.06348185411428,4.771261352433166,0.8693045831566425,-0.45461259472747295,0.10880917949218752,24.039038170976582
8,7,11,50.06348185411428,4.771261352433166,0.9123433656185883,-0.4681289591520859,0.178500246484375,24.15987051863283
8,7,12,50.06348185411428,4.771261352433166,0.9085533226103368,-0.485402796416179,0.16293691640625,24.395900821601582
8,7,13,50.06348185411428,4.771261352433166,0.9104796467577356,-0.44095338531940176,0.1733806857421875,24.919452029609396
8,8,0,50.06348185411428,4.771261352433166,0.656385978146691,-0.1106778726476614,0.1542252958984375,30.189932056484395
8,8,1,50.06348185411428,4.771261352433166,0.878295252299052,-0.4100792328458218,0.14303765820312503,25.288524755585957
8,8,2,50.06348185411428,4.771261352433166,0.8920350897569624,-0.4354854546286674,0.14652749648437502,23.642441037851583
8,8,3,50.06348185411428,4.771261352433166,0.9002133666934663,-0.4499829808734467,0.15529314667968752,22.819592777773455
8,8,4,50.06348185411428,4.771261352433166,0.8971294606500855,-0.44407930813722263,0.1580402755859375,22.908374512109393
8,8,5,50.06348185411428,4.771261352433166,0.9017529497338126,-0.4571241159132343,0.15902671757812503,22.771253162890645
8,8,6,50.06348185411428,4.771261352433166,0.8971383400214267,-0.4396229993682026,0.1632889515625,23.283295256679704
8,8,7,50.06348185411428,4.771261352433166,0.8851169297756838,-0.4243029781139851,0.1705404177734375,24.19539923433596
8,8,8,50.06348185411428,4.771261352433166,0.7788141778049813,-0.29368963784773344,0.136135826953125,26.86590760648439
8,8,9,50.06348185411428,4.771261352433166,0.8351990700657692,-0.3972064854579628,0.09686147109375001,24.167647849296895
8,8,10,50.06348185411428,4.771261352433166,0.828013984415974,-0.3829078936982496,0.08582931328125001,24.564271685703144
8,8,11,50.06348185411428,4.771261352433166,0.8908930534458439,-0.44264777860238413,0.1470535162109375,23.84656091972658
8,8,12,50.06348185411428,4.771261352433166,0.9030761607081812,-0.44535133603682064,0.1423621298828125,23.481974345000015
8,8,13,50.06348185411428,4.771261352433166,0.89616894673893,-0.4156408533523419,0.1634882408203125,25.298264777421892
8,9,0,50.06348185411428,4.771261352433166,0.8204797816903091,-0.3325366599413047,0.15484536347656253,26.84888426468752
8,9,1,50.06348185411428,4.771261352433166,0.8990734223000642,-0.4420833593114881,0.163314694140625,24.097638521679706
8,9,2,50.06348185411428,4.771261352433166,0.8938802795297971,-0.43166236985218465,0.15881642792968753,23.85627423828127
8,9,3,50.06348185411428,4.771261352433166,0.9026640550589292,-0.455604901444925,0.17172332617187502,23.258674831367205
8,9,4,50.06348185411428,4.771261352433166,0.9071835591893314,-0.4556502909407104,0.1880774384765625,23.07641158519533
8,9,5,50.06348185411428,4.771261352433166,0.9079133785290002,-0.4596056795984732,0.17908057109375003,22.86347962050783
8,9,6,50.06348185411428,4.771261352433166,0.8913297144699024,-0.4404632048566254,0.16066788886718752,22.867411678671893
8,9,7,50.06348185411428,4.771261352433166,0.8986882277357077,-0.4429010892182574,0.1639555341796875,23.227819189882833
8,9,8,50.06348185411428,4.771261352433166,0.8793346698022777,-0.40536867057590853,0.1529677107421875,24.526880416132833
8,9,9,50.06348185411428,4.771261352433166,0.8226535946874172,-0.3568982420046236,0.11992234746093751,24.89391701691408
8,9,10,50.06348185411428,4.771261352433166,0.874112828248756,-0.444972640341997,0.10389867812500002,22.858158991718767
8,9,11,50.06348185411428,4.771261352433166,0.8946194745064942,-0.42339197989848726,0.15934139765625,23.97966342511721
8,9,12,50.06348185411428,4.771261352433166,0.8720981241012061,-0.3835752810377237,0.16421331386718752,24.892414957343767
8,9,13,50.06348185411428,4.771261352433166,0.8802534953518734,-0.3863174196650256,0.173275873046875,25.77844318085939
8,10,0,50.06348185411428,4.771261352433166,0.8486671443936733,-0.3767557986425009,0.14955542656249998,25.929089742031266
8,10,1,50.06348185411428,4.771261352433166,0.9011850353505255,-0.4592317185010092,0.17489938828125004,24.60968061546877
8,10,2,50.06348185411428,4.771261352433166,0.8945333426729287,-0.4541405474338782,0.1581619796875,23.584234560546896
8,10,3,50.06348185411428,4.771261352433166,0.8952737195589503,-0.45919254858767655,0.12698999843749997,22.78749543371095
8,10,4,50.06348185411428,4.771261352433166,0.8917928790778877,-0.4427227749610603,0.12980381328125,22.668452205898458
8,10,5,50.06348185411428,4.771261352433166,0.8894545751469791,-0.45513715955831846,0.13855714609375003,22.597020928554702
8,10,6,50.06348185411428,4.771261352433166,0.8972985324525973,-0.4430726781272665,0.16716910390625,22.72125126875002
8,10,7,50.06348185411428,4.771261352433166,0.9064322446430574,-0.4464780532849695,0.17645795742187503,23.240703523085955
8,10,8,50.06348185411428,4.771261352433166,0.8970268420450218,-0.42655877576590523,0.17289413281250002,23.972987604804704
8,10,9,50.06348185411428,4.771261352433166,0.8780898680914665,-0.41332386652013386,0.174032146484375,24.534210466835958
8,10,10,50.06348185411428,4.771261352433166,0.8792504528150304,-0.39771988077314074,0.16165784062500002,24.325657840273458
8,10,11,50.06348185411428,4.771261352433166,0.8948221261387732,-0.41828881452296673,0.1666445380859375,23.92098296457033
8,10,12,50.06348185411428,4.771261352433166,0.867606709108214,-0.3745495577511261,0.16412597773437498,24.725879943828144
8,10,13,50.06348185411428,4.771261352433166,0.8430737459768438,-0.32516885114716376,0.16270622460937503,25.580818872148456
8,11,0,50.06348185411428,4.771261352433166,0.7680536347230598,-0.3495238244764399,0.13151198789062502,24.883923313906266
8,11,1,50.06348185411428,4.771261352433166,0.8983796586682575,-0.43500241462677824,0.160749214453125,24.033824355312518
8,11,2,50.06348185411428,4.771261352433166,0.8880269985443614,-0.4202313631133293,0.15253816816406252,23.632540796328144
8,11,3,50.06348185411428,4.771261352433166,0.8782846832492719,-0.4318227971359163,0.13284886875000002,23.768106679414082
8,11,4,50.06348185411428,4.771261352433166,0.872314528217667,-0.4047696429374953,0.15773040800781252,24.736988508828144
8,11,5,50.06348185411428,4.771261352433166,0.8844805232386352,-0.4480710224216443,0.15601564101562504,23.961919094726582
8,11,6,50.06348185411428,4.771261352433166,0.8986287329641112,-0.43574738794524837,0.177778587890625,23.044421054257832
8,11,7,50.06348185411428,4.771261352433166,0.8742581160182212,-0.38750065714123405,0.19225703164062502,25.956907885273456
8,11,8,50.06348185411428,4.771261352433166,0.8306749899544535,-0.31005876219742945,0.16706703828125002,26.518931845742202
8,11,9,50.06348185411428,4.771261352433166,0.879950976828223,-0.39606358651296975,0.16907847265625,25.147284425234393
8,11,10,50.06348185411428,4.771261352433166,0.8656639752592452,-0.37928797379778545,0.149093640234375,24.263666172851583
8,11,11,50.06348185411428,4.771261352433166,0.9036325709919428,-0.4311735303938921,0.17891586035156254,23.958694673515645
8,11,12,50.06348185411428,4.771261352433166,0.8888785357654871,-0.41755186376231523,0.16481941523437502,24.129789272304706
8,11,13,50.06348185411428,4.771261352433166,0.8949389726413166,-0.42211466514989354,0.1692935357421875,23.943480479023457
8,12,0,50.06348185411428,4.771261352433166,0.679449281592267,-0.22482544428686185,0.1299947962890625,27.562642945039084
8,12,1,50.06348185411428,4.771261352433166,0.8858520695222201,-0.3994909315978976,0.1524728740234375,24.33531107644533
8,12,2,50.06348185411428,4.771261352433166,0.8294156187637933,-0.30598006155440216,0.1603655720703125,26.25966301226564
8,12,3,50.06348185411428,4.771261352433166,0.8711418774653654,-0.3964011891613086,0.158825877734375,25.47805129425783
8,12,4,50.06348185411428,4.771261352433166,0.8353979702495548,-0.31670723412933177,0.17812944238281253,26.553399106015643
8,12,5,50.06348185411428,4.771261352433166,0.8573475511960189,-0.3535388728291664,0.1745919697265625,25.06405029757814
8,12,6,50.06348185411428,4.771261352433166,0.9045362366501873,-0.4337950210274338,0.18456532988281252,24.079780702343765
8,12,7,50.06348185411428,4.771261352433166,0.8616600390632619,-0.3584306458684837,0.1730722458984375,25.77995191625002
8,12,8,50.06348185411428,4.771261352433166,0.859265909497717,-0.354058013968436,0.165970365625,26.182537260195332
8,12,9,50.06348185411428,4.771261352433166,0.87954403839966,-0.3936566238242993,0.16269734804687502,25.000950443984394
8,12,10,50.06348185411428,4.771261352433166,0.8959736542501848,-0.42938220216472345,0.1681748150390625,23.629102748867208
8,12,11,50.06348185411428,4.771261352433166,0.9005611647659602,-0.4372866643073359,0.172217838671875,23.59023612300783
8,12,12,50.06348185411428,4.771261352433166,0.8938810428900054,-0.42516456144274695,0.176641716015625,24.26430037578127
8,12,13,50.06348185411428,4.771261352433166,0.9038093625709391,-0.4330430353490416,0.184942089453125,24.232823883007832
8,13,0,50.06348185411428,4.771261352433166,0.667696472923734,-0.22245101513689078,0.13724379609375004,27.760921484140646
8,13,1,50.06348185411428,4.771261352433166,0.8689250248834818,-0.3764975507844884,0.16185088652343751,25.310114358476582
8,13,2,50.06348185411428,4.771261352433166,0.8526761445389531,-0.3419336086486085,0.1707264177734375,25.661589622109396
8,13,3,50.06348185411428,4.771261352433166,0.8980224261971561,-0.4253559112227742,0.16982122031250002,24.542909060703145
8,13,4,50.06348185411428,4.771261352433166,0.8959162537022116,-0.42213002561233376,0.15952294570312503,24.354163593007833
8,13,5,50.06348185411428,4.771261352433166,0.8969029358537551,-0.4244158810234854,0.16959024609375,24.32210630386721
8,13,6,50.06348185411428,4.771261352433166,0.9013900993526175,-0.42902589820957016,0.1713820791015625,24.568163688945333
8,13,7,50.06348185411428,4.771261352433166,0.8770807442519933,-0.3799893235923717,0.169781375,26.100397967070336
8,13,8,50.06348185411428,4.771261352433166,0.9024212308775222,-0.42842554365547747,0.1637996623046875,24.332079979414083
8,13,9,50.06348185411428,4.771261352433166,0.8879180946965959,-0.419579788864324,0.17062113750000002,24.550078891718766
8,13,10,50.06348185411428,4.771261352433166,0.8996032688734783,-0.44124491201490745,0.17557278085937503,24.288346680546894
8,13,11,50.06348185411428,4.771261352433166,0.9021905375134356,-0.44101487720208754,0.17198521269531253,24.005772558359396
8,13,12,50.06348185411428,4.771261352433166,0.8994772080504853,-0.42577165123978844,0.17808607207031252,24.824047881523455
8,13,13,50.06348185411428,4.771261352433166,0.8864846597903497,-0.4033765527553444,0.1738957240234375,24.940300616445334
9,0,0,50.60678045274886,5.336508577535557,0.5038753781562085,-0.17834648246688536,0.21654425625,27.955127772851583
9,0,1,50.60678045274886,5.336508577535557,0.44958463844819807,-0.1308304775105123,0.20623101542968753,29.067599821367203
9,0,2,50.60678045274886,5.336508577535557,0.46683588133167836,-0.12262748268182869,0.2272110755859375,30.37230211578127
9,0,3,50.60678045274886,5.336508577535557,0.6294476086630052,-0.29065825745069424,0.20608355566406253,28.748175171054704
9,0,4,50.60678045274886,5.336508577535557,0.6357903657148194,-0.22095401835677858,0.17903852167968753,29.962019551015644
9,0,5,50.60678045274886,5.336508577535557,0.5284292949605115,-0.12247710009613921,0.186727781640625,29.118215890976582
9,0,6,50.60678045274886,5.336508577535557,0.40132586691282945,-0.06575690621579329,0.2117575505859375,29.79920964523439
9,0,7,50.60678045274886,5.336508577535557,0.5157126987378999,-0.1448671874855072,0.2081882390625,30.954487053593773
9,0,8,50.60678045274886,5.336508577535557,0.5438534353108251,-0.2035262775671317,0.18754279980468752,30.14224667199221
9,0,9,50.60678045274886,5.336508577535557,0.35163963778125684,-0.033414957627610986,0.20064978906250003,32.70029417515627
9,0,10,50.60678045274886,5.336508577535557,0.4141906126561183,-0.057656482540726056,0.18805887578125002,32.93778648277346
9,0,11,50.60678045274886,5.336508577535557,0.5419959546078343,-0.1656012425238401,0.20683092363281252,31.45588788980471
9,0,12,50.60678045274886,5.336508577535557,0.47756755398361966,-0.07558835964536098,0.1809249306640625,32.58727253726565
9,0,13,50.60678045274886,5.336508577535557,0.5842272612176532,-0.1730193714496236,0.18041004472656252,31.769190812890642
9,1,0,50.60678045274886,5.336508577535557,0.41030994324336245,-0.09428263705149512,0.2093042236328125,29.963948863085957
9,1,1,50.60678045274886,5.336508577535557,0.34104827936782567,-0.010758497470031242,0.2123150826171875,30.588718858671896
9,1,2,50.60678045274886,5.336508577535557,0.27344522639354363,0.005630048754487943,0.232729679296875,29.29431067917971
9,1,3,50.60678045274886,5.336508577535557,0.559184841299962,-0.23713212093748862,0.21435811523437498,29.025068170156267
9,1,4,50.60678045274886,5.336508577535557,0.38766498798816595,-0.03622132450102621,0.19716352343750002,32.30402415722658
9,1,5,50.60678045274886,5.336508577535557,0.6102237460412288,-0.13521751594734746,0.1732038646484375,30.657433077148454
9,1,6,50.60678045274886,5.336508577535557,0.44998943619513015,-0.06867365560753544,0.20316828398437503,30.99187164734377
9,1,7,50.60678045274886,5.336508577535557,0.49217830867564577,-0.18485787960161937,0.206109343359375,30.739171821054704
9,1,8,50.60678045274886,5.336508577535557,0.3253883640142722,-0.059565881158271494,0.198644935546875,32.764508890742206
9,1,9,50.60678045274886,5.336508577535557,0.29839689770840455,0.002238881421294976,0.19347725039062502,34.68255217636721
9,1,10,50.60678045274886,5.336508577535557,0.4432949552347156,-0.1298271191256256,0.20250001796875,32.81694078347658
9,1,11,50.60678045274886,5.336508577535557,0.3867955045795324,-0.06689717768303345,0.215402778515625,32.3724446396094
9,1,12,50.60678045274886,5.336508577535557,0.5304920828770108,-0.10003868668979232,0.16618181328125003,31.568722604726585
9,1,13,50.60678045274886,5.336508577535557,0.5245647263870566,-0.11075559014393802,0.17857870585937502,32.69473321683596
9,2,0,50.60678045274886,5.336508577535557,0.5217921461303513,-0.17540616903576864,0.202699930078125,29.938307037265645
9,2,1,50.60678045274886,5.336508577535557,0.33555777589579205,0.03400841282844705,0.2047375810546875,32.43598509734377
9,2,2,50.60678045274886,5.336508577535557,0.45040044743216917,-0.1089081729559485,0.20886182734375,29.443274933632836
9,2,3,50.60678045274886,5.336508577535557,0.4318835488864774,-0.11413847480655248,0.1970859845703125,29.673964580351583
9,2,4,50.60678045274886,5.336508577535557,0.5175125915494037,-0.17029429755515946,0.19102629101562502,30.565260026093767
9,2,5,50.60678045274886,5.336508577535557,0.5370449412902694,-0.14307327242157253,0.18380267792968752,31.254658638125022
9,2,6,50.60678045274886,5.336508577535557,0.5755236989911592,-0.1673208538514468,0.2012983330078125,31.776674407460952
9,2,7,50.60678045274886,5.336508577535557,0.2811663080845248,-0.0011226130385979024,0.20550839003906252,34.732460609023455
9,2,8,50.60678045274886,5.336508577535557,0.2840805132876322,-0.0153136542360355,0.20779336953125002,34.55713354015627
9,2,9,50.60678045274886,5.336508577535557,0.545813417221835,-0.20888734153940738,0.21256688261718754,32.27444359742189
9,2,10,50.60678045274886,5.336508577535557,0.7724120861344197,-0.43171733647896693,0.22040058691406253,29.814403812265645
9,2,11,50.60678045274886,5.336508577535557,0.5760023058526672,-0.21785034456582839,0.20943969218750003,31.631061414804705
9,2,12,50.60678045274886,5.336508577535557,0.6321840725140369,-0.2441991048358213,0.18984131171875002,30.464154727460958
9,2,13,50.60678045274886,5.336508577535557,0.5150931207827862,-0.08027217324852294,0.1744024123046875,32.45074533605471
9,3,0,50.60678045274886,5.336508577535557,0.7050897345789181,-0.31693925470438467,0.20024867421875,28.96653457765627
9,3,1,50.60678045274886,5.336508577535557,0.5805088041864216,-0.14792009482324192,0.17502390390625,30.68105212941408
9,3,2,50.60678045274886,5.336508577535557,0.6850131369867661,-0.2865545805136923,0.1910765044921875,29.447847870546894
9,3,3,50.60678045274886,5.336508577535557,0.5301304080907345,-0.17719244349365781,0.20125722050781253,31.99731026878908
9,3,4,50.60678045274886,5.336508577535557,0.5650215211023721,-0.21493853732357543,0.20568877890625,31.215478248710955
9,3,5,50.60678045274886,5.336508577535557,0.6397132183553631,-0.24932886289044953,0.17268637519531252,29.834344487539084
9,3,6,50.60678045274886,5.336508577535557,0.6353630984236496,-0.22105535850953933,0.1797837943359375,30.279708488046897
9,3,7,50.60678045274886,5.336508577535557,0.49877785822816645,-0.1372909499857215,0.20261899140625,31.97724942875002
9,3,8,50.60678045274886,5.336508577535557,0.32215127439285773,-0.028231256451866082,0.21879860429687503,33.648587774726586
9,3,9,50.60678045274886,5.336508577535557,0.36003063346989866,-0.025063778590092997,0.19111324707031252,32.14196861914064
9,3,10,50.60678045274886,5.336508577535557,0.556293915482466,-0.13271720225347594,0.18849891484375,31.227674972421894
9,3,11,50.60678045274886,5.336508577535557,0.6061494122735342,-0.19721226317566581,0.18386187285156252,31.72804105648439
9,3,12,50.60678045274886,5.336508577535557,0.6364052391229649,-0.22705712009281082,0.192394256640625,29.068193969375017
9,3,13,50.60678045274886,5.336508577535557,0.5064632280593881,-0.06486346235231961,0.1825896517578125,31.725717871015647
9,4,0,50.60678045274886,5.336508577535557,0.6665484768892077,-0.2666109584229626,0.19386157050781255,30.029472039453143
9,4,1,50.60678045274886,5.336508577535557,0.6028601056811914,-0.14668010572928708,0.17566641425781254,31.035464753984392
9,4,2,50.60678045274886,5.336508577535557,0.5500773242919758,-0.18896943426453644,0.19131124746093753,31.485628669296894
9,4,3,50.60678045274886,5.336508577535557,0.47880504524167256,-0.12355086337576343,0.19174412246093753,32.786605855976575
9,4,4,50.60678045274886,5.336508577535557,0.6228688454183577,-0.2571392294969629,0.19038373496093752,30.330992139687517
9,4,5,50.60678045274886,5.336508577535557,0.4815561746218462,-0.16268902227572302,0.1875498580078125,32.42183235828127
9,4,6,50.60678045274886,5.336508577535557,0.5480765496983111,-0.19435001702887017,0.19952651738281252,30.71469158796877
9,4,7,50.60678045274886,5.336508577535557,0.4624513777046518,-0.132508305453947,0.21259334316406253,30.272825717304706
9,4,8,50.60678045274886,5.336508577535557,0.5620128616648634,-0.2226767633854297,0.20354591269531253,29.18740409269533
9,4,9,50.60678045274886,5.336508577535557,0.47795462804338507,-0.12102958768751568,0.1968092802734375,30.038931676835958
9,4,10,50.60678045274886,5.336508577535557,0.6296020383748941,-0.21371774385427839,0.18786079570312503,30.179898298554704
9,4,11,50.60678045274886,5.336508577535557,0.6351090048707628,-0.17599224691813184,0.17515463398437503,30.587023200312515
9,4,12,50.60678045274886,5.336508577535557,0.45217240300829126,-0.11444733635588962,0.19241985234375003,30.86682018125002
9,4,13,50.60678045274886,5.336508577535557,0.3813950394999236,0.043335944894188516,0.19549132832031252,33.573070895351584
9,5,0,50.60678045274886,5.336508577535557,0.5724918505368786,-0.22423093641298375,0.20277985976562501,30.063765728398458
9,5,1,50.60678045274886,5.336508577535557,0.590982290681259,-0.18792934700983752,0.19599316171875003,31.540236879453143
9,5,2,50.60678045274886,5.336508577535557,0.57499805803065,-0.15909033438122788,0.1717558611328125,31.30476066957033
9,5,3,50.60678045274886,5.336508577535557,0.6160177320792817,-0.1879323769778727,0.16858784843750002,31.522672796210955
9,5,4,50.60678045274886,5.336508577535557,0.5675551703374192,-0.1544192321225789,0.18125194609375,30.638734104453142
9,5,5,50.60678045274886,5.336508577535557,0.560596398730693,-0.2108743331058538,0.20888046777343752,31.309967809414083
9,5,6,50.60678045274886,5.336508577535557,0.5148641228133564,-0.1756919316621645,0.19327906425781252,31.11073462800783
9,5,7,50.60678045274886,5.336508577535557,0.430327873536799,-0.12187642417010032,0.209858062890625,29.458015144882832
9,5,8,50.60678045274886,5.336508577535557,0.40670955467450387,-0.06309036878848573,0.21338540625000002,28.99578134644533
9,5,9,50.60678045274886,5.336508577535557,0.5877842740723487,-0.1628112383553332,0.186091368359375,30.057964440546897
9,5,10,50.60678045274886,5.336508577535557,0.5382629419226689,-0.13379581860033463,0.195251244921875,30.04740996863283
9,5,11,50.60678045274886,5.336508577535557,0.657933724264802,-0.2543507764207712,0.1721207841796875,29.717851423085953
9,5,12,50.60678045274886,5.336508577535557,0.5656036323454496,-0.1642936228918268,0.16989194375,31.56054472484377
9,5,13,50.60678045274886,5.336508577535557,0.4991723026715156,-0.0745366527759165,0.176417344921875,30.63683149566408
9,6,0,50.60678045274886,5.336508577535557,0.5321143824978628,-0.15858711527751782,0.20301101074218753,31.88251286269533
9,6,1,50.60678045274886,5.336508577535557,0.5739373267941379,-0.1925896598013333,0.1973126728515625,31.169481846757833
9,6,2,50.60678045274886,5.336508577535557,0.6284414288969683,-0.1891222495314501,0.18730397480468752,31.55809469878908
9,6,3,50.60678045274886,5.336508577535557,0.5987716450094969,-0.14766439068875814,0.16424022167968752,32.34009361437502
9,6,4,50.60678045274886,5.336508577535557,0.5814482087035593,-0.143663966353488,0.16370506113281252,32.54042830613284
9,6,5,50.60678045274886,5.336508577535557,0.6757884554398466,-0.25321352524469404,0.18813884062500003,31.739016105078147
9,6,6,50.60678045274886,5.336508577535557,0.491249945434501,-0.11416822369944796,0.1800503814453125,31.413396293515643
9,6,7,50.60678045274886,5.336508577535557,0.5667584989241741,-0.21315246665332566,0.19519876113281254,29.379494146367204
9,6,8,50.60678045274886,5.336508577535557,0.5160635828143345,-0.17493883752648695,0.208409819140625,30.262070970781267
9,6,9,50.60678045274886,5.336508577535557,0.6588394400059117,-0.2404409518864746,0.16657769023437502,29.87701633097658
9,6,10,50.60678045274886,5.336508577535557,0.584598850221205,-0.20491578904011604,0.18165037109375004,29.93085014597658
9,6,11,50.60678045274886,5.336508577535557,0.619514989516476,-0.22138156382492769,0.188965683203125,30.62520889250002
9,6,12,50.60678045274886,5.336508577535557,0.5685361341922981,-0.16035792111122424,0.1911286818359375,32.366716785781264
9,6,13,50.60678045274886,5.336508577535557,0.696265080037948,-0.20885098058399137,0.1661113361328125,29.381630408867206
9,7,0,50.60678045274886,5.336508577535557,0.334621706040775,-0.0335426056846028,0.21157751796875002,34.16802667742189
9,7,1,50.60678045274886,5.336508577535557,0.57878925215431,-0.30751594615115796,0.21395457500000004,31.76268856390627
9,7,2,50.60678045274886,5.336508577535557,0.6919217929008736,-0.3554018726935247,0.2063361150390625,30.644088112343766
9,7,3,50.60678045274886,5.336508577535557,0.6342814865134392,-0.1605104888852666,0.18252032207031252,31.762434882734397
9,7,4,50.60678045274886,5.336508577535557,0.5634198962658823,-0.11567305237968914,0.17256266171875,32.31606733707033
9,7,5,50.60678045274886,5.336508577535557,0.5120802442202319,-0.07909940579391775,0.1829824921875,33.56777696984377
9,7,6,50.60678045274886,5.336508577535557,0.42714693696851386,-0.03199692640728122,0.1877998884765625,34.31749829421877
9,7,7,50.60678045274886,5.336508577535557,0.3730771187219628,-0.04869468855452647,0.16852524160156251,35.10530517347658
9,7,8,50.60678045274886,5.336508577535557,0.4610041351870615,-0.09214861396510617,0.16076629218750002,33.622745674296894
9,7,9,50.60678045274886,5.336508577535557,0.5988084067729622,-0.13810697955235873,0.178385702734375,29.817321145742206
9,7,10,50.60678045274886,5.336508577535557,0.5754335915859774,-0.14431786110151257,0.17666208457031252,31.914977376875015
9,7,11,50.60678045274886,5.336508577535557,0.5583976542943241,-0.10968708679063813,0.18039293378906252,33.29651836308595
9,7,12,50.60678045274886,5.336508577535557,0.47811035162303334,-0.09704164635785978,0.19858601894531253,32.89590238613283
9,7,13,50.60678045274886,5.336508577535557,0.6284205350420171,-0.15164083245664117,0.16203571875000003,30.810369444687524
9,8,0,50.60678045274886,5.336508577535557,0.413231688893435,-0.10987535025114037,0.208573216015625,34.02680637453127
9,8,1,50.60678045274886,5.336508577535557,0.6677771623546626,-0.3318077491650021,0.217793256640625,31.206999956914082
9,8,2,50.60678045274886,5.336508577535557,0.3871466178406444,-0.040118731229516855,0.208038987890625,34.43268289789064
9,8,3,50.60678045274886,5.336508577535557,0.6193621763423387,-0.16649576554827522,0.176712553515625,31.506724261484393
9,8,4,50.60678045274886,5.336508577535557,0.6199359388580992,-0.18752307665622342,0.1694148275390625,31.957455621523458
9,8,5,50.60678045274886,5.336508577535557,0.510331744572595,-0.18223540006892203,0.18209475742187503,32.925850116054704
9,8,6,50.60678045274886,5.336508577535557,0.5366809680986374,-0.13656377130941205,0.1774752125,30.18813626082033
9,8,7,50.60678045274886,5.336508577535557,0.4636987138467928,-0.10639170767212308,0.19110673417968754,31.758409363085956
9,8,8,50.60678045274886,5.336508577535557,0.46218827154454495,-0.05892913094154794,0.17445167128906253,32.53803836246095
9,8,9,50.60678045274886,5.336508577535557,0.5794188366750974,-0.12701958853600107,0.17247820234375,31.38284106394533
9,8,10,50.60678045274886,5.336508577535557,0.5667773207857876,-0.10144953786804078,0.16164036152343753,33.22783752371096
9,8,11,50.60678045274886,5.336508577535557,0.5858446847859384,-0.11463448965424315,0.16684066406250003,32.48949179714846
9,8,12,50.60678045274886,5.336508577535557,0.5934517754515407,-0.17220539530525142,0.16936671328125003,32.05046982593752
9,8,13,50.60678045274886,5.336508577535557,0.6084221263785872,-0.13530072977102697,0.17002651933593751,30.838514703125018
9,9,0,50.60678045274886,5.336508577535557,0.3415698016454647,-0.013311678337121106,0.20416420117187503,34.2902742989844
9,9,1,50.60678045274886,5.336508577535557,0.3093386149335364,-0.01783755732111725,0.19775019472656252,36.257064424531265
9,9,2,50.60678045274886,5.336508577535557,0.46820985962653816,-0.09220499575070672,0.1899601169921875,33.47835435675783
9,9,3,50.60678045274886,5.336508577535557,0.5867697116146048,-0.14867923807322442,0.1844406548828125,32.41257299550783
9,9,4,50.60678045274886,5.336508577535557,0.5168219506023859,-0.14361490213084643,0.19287682949218748,32.89497444710939
9,9,5,50.60678045274886,5.336508577535557,0.484214314167268,-0.14328815876648585,0.1849210771484375,33.399739896757836
9,9,6,50.60678045274886,5.336508577535557,0.4996315554681418,-0.13235132133385588,0.1880199134765625,31.028241516406272
9,9,7,50.60678045274886,5.336508577535557,0.5689427462205798,-0.20991573621920084,0.19747586269531253,29.46310879578127
9,9,8,50.60678045274886,5.336508577535557,0.5509443521461682,-0.1615299210341147,0.1912136052734375,29.310846686093768
9,9,9,50.60678045274886,5.336508577535557,0.6054999964033871,-0.18789546313392114,0.188284462109375,31.762488289296897
9,9,10,50.60678045274886,5.336508577535557,0.651599140139357,-0.1882510414705858,0.1691424125,31.06877709734377
9,9,11,50.60678045274886,5.336508577535557,0.6731775279536699,-0.19231393921300025,0.1881832166015625,30.67933644359377
9,9,12,50.60678045274886,5.336508577535557,0.5196000754466457,-0.17839378351788532,0.194339942578125,32.00490735230471
9,9,13,50.60678045274886,5.336508577535557,0.592993898540422,-0.12754692410813784,0.187784565234375,31.424938786835956
9,10,0,50.60678045274886,5.336508577535557,0.4466320539095768,-0.10932383910784829,0.1996371037109375,33.81043636238283
9,10,1,50.60678045274886,5.336508577535557,0.4071366002541433,-0.044276340071703404,0.18216312441406252,34.659760925820336
9,10,2,50.60678045274886,5.336508577535557,0.39249624128765814,-0.059216374702727614,0.18645532929687503,34.410999833515646
9,10,3,50.60678045274886,5.336508577535557,0.5269547116733573,-0.12425214064945361,0.18272160468750004,34.001952295507834
9,10,4,50.60678045274886,5.336508577535557,0.45983493947807086,-0.09981203928491637,0.19857688828125003,33.718236608046894
9,10,5,50.60678045274886,5.336508577535557,0.44812636989089566,-0.09681911146458935,0.1978935171875,34.29526113675784
9,10,6,50.60678045274886,5.336508577535557,0.560493048251193,-0.2538044103467272,0.1941452048828125,30.50296127093752
9,10,7,50.60678045274886,5.336508577535557,0.6260766620470851,-0.2185811318902862,0.180214870703125,30.803473322304704
9,10,8,50.60678045274886,5.336508577535557,0.5645467441579732,-0.15648836414369144,0.1708592908203125,30.682661002109395
9,10,9,50.60678045274886,5.336508577535557,0.6173871896111579,-0.20135393074107555,0.1883867595703125,30.915299988359394
9,10,10,50.60678045274886,5.336508577535557,0.6418019352224287,-0.20132927267128403,0.171092445703125,30.19849045812502
9,10,11,50.60678045274886,5.336508577535557,0.5957963862259388,-0.16944351703749652,0.170857886328125,30.607998627734396
9,10,12,50.60678045274886,5.336508577535557,0.7095046015054252,-0.2520605942799712,0.17876756640625002,28.748996296953145
9,10,13,50.60678045274886,5.336508577535557,0.5569938837506583,-0.13426648058188795,0.1771417640625,30.875084846796895
9,11,0,50.60678045274886,5.336508577535557,0.4930963712383186,-0.09775523972756225,0.1964380626953125,34.33828012285158
9,11,1,50.60678045274886,5.336508577535557,0.3728813267407525,-0.042262502541076566,0.21937674335937501,36.11807384562502
9,11,2,50.60678045274886,5.336508577535557,0.5360477065289784,-0.16000961955680482,0.192708909765625,32.8907085979297
9,11,3,50.60678045274886,5.336508577535557,0.48617132953115305,-0.062429438907780174,0.18547933730468752,33.57814451878908
9,11,4,50.60678045274886,5.336508577535557,0.42228264150862777,-0.041335990712383405,0.18341450859375003,34.11400593945314
9,11,5,50.60678045274886,5.336508577535557,0.49338615343531456,-0.1776457947171418,0.1964286037109375,32.520400845195326
9,11,6,50.60678045274886,5.336508577535557,0.3558670207421234,-0.07744497729609397,0.2031063966796875,34.83096233773439
9,11,7,50.60678045274886,5.336508577535557,0.5935729495285558,-0.19670768546274048,0.1791162703125,30.970876192460956
9,11,8,50.60678045274886,5.336508577535557,0.5688792429686422,-0.21937436346931388,0.20654043671875,31.171951900273456
9,11,9,50.60678045274886,5.336508577535557,0.646537710750754,-0.22626608503099022,0.16716283671875,31.00735955046877
9,11,10,50.60678045274886,5.336508577535557,0.6134497034102966,-0.21211827530768745,0.156778944921875,31.795960852343768
9,11,11,50.60678045274886,5.336508577535557,0.601637309588301,-0.15314539382055656,0.1569222912109375,30.901661287460957
9,11,12,50.60678045274886,5.336508577535557,0.7019428156357335,-0.21277340704775538,0.16102698222656253,28.589417488203143
9,11,13,50.60678045274886,5.336508577535557,0.7061106428537949,-0.18771865263899576,0.18607760546875,29.66911793480471
9,12,0,50.60678045274886,5.336508577535557,0.35875576077686644,-0.0028804839449734707,0.19120063886718752,36.07839276968752
9,12,1,50.60678045274886,5.336508577535557,0.46447395497328614,-0.07979430174601174,0.19392295898437503,33.65395513425783
9,12,2,50.60678045274886,5.336508577535557,0.5574968764858124,-0.10191341525458034,0.1775058904296875,32.82620014625002
9,12,3,50.60678045274886,5.336508577535557,0.3071674417641406,0.0162003170259262,0.21581095585937501,34.529488968242205
9,12,4,50.60678045274886,5.336508577535557,0.6462216218951088,-0.26720649697870197,0.19909132792968753,29.68851119281252
9,12,5,50.60678045274886,5.336508577535557,0.7309308759907054,-0.31085486047965893,0.1949154603515625,28.24403057269533
9,12,6,50.60678045274886,5.336508577535557,0.4869652299647501,-0.16011920675304755,0.219585691796875,32.47719493613283
9,12,7,50.60678045274886,5.336508577535557,0.3820543413026377,-0.03398131739966661,0.20426040234375004,33.09893410929689
9,12,8,50.60678045274886,5.336508577535557,0.5035513387381805,-0.15304287917029663,0.2102055875,31.843265715078147
9,12,9,50.60678045274886,5.336508577535557,0.5238754195900399,-0.11578367781518822,0.1766865232421875,31.672144413007832
9,12,10,50.60678045274886,5.336508577535557,0.5683865439021458,-0.14172237582603464,0.14885805644531253,31.79365101851564
9,12,11,50.60678045274886,5.336508577535557,0.8002981932907097,-0.338520234377013,0.16188134140625002,26.78772039898439
9,12,12,50.60678045274886,5.336508577535557,0.8114035482383591,-0.3428834614366914,0.1669451080078125,26.133049404218767
9,12,13,50.60678045274886,5.336508577535557,0.7100376981471065,-0.18817115417025027,0.1784677935546875,29.56827299316408
9,13,0,50.60678045274886,5.336508577535557,0.6816910770982455,-0.26418224116700095,0.17621244023437505,29.896936978789086
9,13,1,50.60678045274886,5.336508577535557,0.5444167686689099,-0.1867347637361783,0.195535694921875,32.37497477550783
9,13,2,50.60678045274886,5.336508577535557,0.6128268364372101,-0.18313341961323956,0.18485793300781253,30.757083046953145
9,13,3,50.60678045274886,5.336508577535557,0.5228161719555349,-0.09364557595926587,0.17922376777343751,31.940932966250017
9,13,4,50.60678045274886,5.336508577535557,0.7495997152751497,-0.29726996429150426,0.16046159580000002,27.097057884804705
9,13,5,50.60678045274886,5.336508577535557,0.659467494219294,-0.2276623367277577,0.16897445119047622,29.425630740546893
9,13,6,50.60678045274886,5.336508577535557,0.6528775612523882,-0.22722400189713304,0.1998090048828125,30.28535623203127
9,13,7,50.60678045274886,5.336508577535557,0.4004377789925121,-0.04706900173784492,0.2021510107421875,34.195524381289076
9,13,8,50.60678045274886,5.336508577535557,0.658000301606364,-0.2336473940646191,0.17561479785156253,29.48507224460939
9,13,9,50.60678045274886,5.336508577535557,0.5938666375079673,-0.17325006408888738,0.16774935917968753,30.540118886796897
9,13,10,50.60678045274886,5.336508577535557,0.6007032988566685,-0.16756527178543365,0.1639984595703125,30.35318924222658
9,13,11,50.60678045274886,5.336508577535557,0.6444115449313059,-0.1986368548357895,0.1580345220703125,30.300143174023454
9,13,12,50.60678045274886,5.336508577535557,0.760695259027774,-0.30070506329926006,0.1672156837890625,26.927592186171893
9,13,13,50.60678045274886,5.336508577535557,0.5407165554103953,-0.14526696896104946,0.18542229882812503,29.11752160566408
10,0,0,50.06348185411428,4.300221998181175,0.8926999711237484,-0.41877398336138766,0.17206823203125,25.794718830781267
10,0,1,50.06348185411428,4.300221998181175,0.8920083388380905,-0.42163759092494063,0.173458251953125,24.881319743984392
10,0,2,50.06348185411428,4.300221998181175,0.8993400180449781,-0.42917848670116826,0.1771868240234375,25.922968014804706
10,0,3,50.06348185411428,4.300221998181175,0.8886196620636786,-0.4224451243752517,0.17653871328125,25.26359056671877
10,0,4,50.06348185411428,4.300221998181175,0.896089929186354,-0.42712019280182373,0.16894075371093753,26.089349484453145
10,0,5,50.06348185411428,4.300221998181175,0.8014120388044201,-0.37778523722914314,0.15344971210937502,27.172941934296894
10,0,6,50.06348185411428,4.300221998181175,0.87366473264322,-0.3937141724529989,0.1663018646484375,26.79089141363283
10,0,7,50.06348185411428,4.300221998181175,0.8907932386502746,-0.41218258096926985,0.172137345703125,26.268428364335957
10,0,8,50.06348185411428,4.300221998181175,0.8950558982199309,-0.42512766728479034,0.17679824921875004,26.637093865273457
10,0,9,50.06348185411428,4.300221998181175,0.8869213066631176,-0.4193970482535539,0.1604173642578125,26.86496631582033
10,0,10,50.06348185411428,4.300221998181175,0.7947075011175042,-0.2749321605229699,0.17593199179687502,30.42397296500002
10,0,11,50.06348185411428,4.300221998181175,0.7037194591127782,-0.12919756838697039,0.17208488808593753,33.80904111593752
10,0,12,50.06348185411428,4.300221998181175,0.7927720016372822,-0.27697295772662156,0.16196737890625001,31.159601632695328
10,0,13,50.06348185411428,4.300221998181175,0.7649491710840054,-0.23526098266230805,0.16458797246093748,30.863435540351578
10,1,0,50.06348185411428,4.300221998181175,0.897666557588615,-0.4332464467574115,0.1749407056640625,25.466014790234393
10,1,1,50.06348185411428,4.300221998181175,0.8941669666168549,-0.42507555842782724,0.1718818326171875,24.742088835546895
10,1,2,50.06348185411428,4.300221998181175,0.8961905777774422,-0.4261580044287957,0.1730144609375,24.72645406437502
10,1,3,50.06348185411428,4.300221998181175,0.8953415769952998,-0.42836635174191323,0.17448130449218752,25.43543953320314
10,1,4,50.06348185411428,4.300221998181175,0.9013167492872574,-0.4336043303553041,0.1743980419921875,25.181504680156273
10,1,5,50.06348185411428,4.300221998181175,0.8852422430580933,-0.4168392732747639,0.16932408339843752,26.235723520625022
10,1,6,50.06348185411428,4.300221998181175,0.8279927462785113,-0.40150131821058327,0.15160182753906254,26.12936911589213
10,1,7,50.06348185411428,4.300221998181175,0.9060275671307108,-0.43431500301241954,0.175059090234375,26.64687394203127
10,1,8,50.06348185411428,4.300221998181175,0.9032993337323769,-0.4367111629868733,0.1765067193359375,27.042950361171897
10,1,9,50.06348185411428,4.300221998181175,0.8994242328486539,-0.4546237818399124,0.16193819042968752,26.75978209097658
10,1,10,50.06348185411428,4.300221998181175,0.8877797937677033,-0.44558573686199626,0.152522554296875,27.02288284531252
10,1,11,50.06348185411428,4.300221998181175,0.8228286193993279,-0.3204372127366272,0.1716670841796875,29.37576236281252
10,1,12,50.06348185411428,4.300221998181175,0.8119108295635424,-0.27823034741180425,0.17838521777343752,32.18580873113283
10,1,13,50.06348185411428,4.300221998181175,0.7602678824483295,-0.20685603746129202,0.167703690234375,32.5559028576172
10,2,0,50.06348185411428,4.300221998181175,0.8938363509433644,-0.42466409501739244,0.18166218359375003,26.741316771992203
10,2,1,50.06348185411428,4.300221998181175,0.897965796692888,-0.4327429419100112,0.18155483027343752,26.614936817656268
10,2,2,50.06348185411428,4.300221998181175,0.8967346788492024,-0.42722945885592845,0.180197241015625,26.372771435820333
10,2,3,50.06348185411428,4.300221998181175,0.891840377592716,-0.4253319224406782,0.179922409375,26.38014154144533
10,2,4,50.06348185411428,4.300221998181175,0.8999473651318662,-0.4304118420835631,0.18108936953125002,26.09372214675783
10,2,5,50.06348185411428,4.300221998181175,0.8830019225876309,-0.41851643877340783,0.1741018732421875,27.077811494843772
10,2,6,50.06348185411428,4.300221998181175,0.9014585791595698,-0.4295780284572725,0.18052819433593753,27.286571071835958
10,2,7,50.06348185411428,4.300221998181175,0.8797441437011161,-0.39209893499139237,0.18062743554687502,28.339020819921892
10,2,8,50.06348185411428,4.300221998181175,0.9060499900785873,-0.4376897528777143,0.1850794349609375,27.03645478800783
10,2,9,50.06348185411428,4.300221998181175,0.9023533910360009,-0.44051963036683806,0.1794765029296875,27.249513593281268
10,2,10,50.06348185411428,4.300221998181175,0.9023837803200829,-0.44432839248913636,0.17110136640625,27.945654783828143
10,2,11,50.06348185411428,4.300221998181175,0.8977806830385484,-0.4421448156809701,0.170036157421875,27.66245981035158
10,2,12,50.06348185411428,4.300221998181175,0.7973833153089736,-0.28265068777837,0.18180681621093753,30.993961179101582
10,2,13,50.06348185411428,4.300221998181175,0.8488181750437616,-0.3627732754847157,0.1726313904296875,29.019326964687522
10,3,0,50.06348185411428,4.300221998181175,0.8303346713966491,-0.328013084721409,0.17762449765625002,29.746417258203145
10,3,1,50.06348185411428,4.300221998181175,0.8245182883322204,-0.31318942726858423,0.19321412402343752,29.96675938343752
10,3,2,50.06348185411428,4.300221998181175,0.8036347626279114,-0.2802921146523941,0.1908561017578125,30.92850476093752
10,3,3,50.06348185411428,4.300221998181175,0.8433570335245908,-0.35262279810945585,0.17624771328125,29.04060947984377
10,3,4,50.06348185411428,4.300221998181175,0.7539122246391367,-0.22667593177398393,0.17984916640624998,31.84686398222658
10,3,5,50.06348185411428,4.300221998181175,0.8064380534358732,-0.29334906203003014,0.1862918185546875,31.64019393699221
10,3,6,50.06348185411428,4.300221998181175,0.8260941356683652,-0.3229018362023658,0.17733116875000002,31.014082101523453
10,3,7,50.06348185411428,4.300221998181175,0.8773542013105962,-0.38550415755683987,0.17855762519531254,29.313363470351582
10,3,8,50.06348185411428,4.300221998181175,0.8883525323589125,-0.4059035086521843,0.17918719003906253,27.89551269746096
10,3,9,50.06348185411428,4.300221998181175,0.898830019173283,-0.4341087052312009,0.17054722812500003,27.363309626328146
10,3,10,50.06348185411428,4.300221998181175,0.9045558110008065,-0.44036257549141233,0.1715491095703125,27.98657756234377
10,3,11,50.06348185411428,4.300221998181175,0.8930805383029633,-0.431798085674038,0.16418208378906252,27.940634566953147
10,3,12,50.06348185411428,4.300221998181175,0.8603855303987205,-0.37421606707476684,0.165641569921875,28.31605599804689
10,3,13,50.06348185411428,4.300221998181175,0.8840276422239172,-0.4102128458392531,0.1606229125,26.337923653789083
10,4,0,50.06348185411428,4.300221998181175,0.7364950474857082,-0.2076862173320823,0.17806668085937502,31.716431804960955
10,4,1,50.06348185411428,4.300221998181175,0.7347755145404105,-0.19380951543581648,0.17718241582031252,32.789022502929704
10,4,2,50.06348185411428,4.300221998181175,0.6645175139386352,-0.11977382221362984,0.1702648642578125,35.013979951601584
10,4,3,50.06348185411428,4.300221998181175,0.7276262412137009,-0.2236073468654195,0.15229706308593752,32.71715729726564
10,4,4,50.06348185411428,4.300221998181175,0.6345033254173622,-0.07083820791150158,0.17072339550781251,36.10721228597659
10,4,5,50.06348185411428,4.300221998181175,0.6517658052302003,-0.09654826451118467,0.16387812207031252,35.34160918507814
10,4,6,50.06348185411428,4.300221998181175,0.6753295293382432,-0.10627073568768715,0.1700432384765625,35.440110913789084
10,4,7,50.06348185411428,4.300221998181175,0.7506283361136996,-0.1823086638712471,0.168928024609375,33.525739329335956
10,4,8,50.06348185411428,4.300221998181175,0.829168904155792,-0.31201416613313715,0.171039164453125,30.628266418203143
10,4,9,50.06348185411428,4.300221998181175,0.8629367252583026,-0.38240672014291605,0.1701944169921875,29.35707006593752
10,4,10,50.06348185411428,4.300221998181175,0.8530558313613481,-0.3556117634758056,0.170338093359375,29.53807158207033
10,4,11,50.06348185411428,4.300221998181175,0.8744183331757917,-0.3987409106104292,0.16702651621093753,27.461711217734393
10,4,12,50.06348185411428,4.300221998181175,0.7907045414630421,-0.42857250845584777,0.15079375664062503,26.680693647734394
10,4,13,50.06348185411428,4.300221998181175,0.46394399717194096,-0.4805868922058065,0.07525167929687501,25.778202851328142
10,5,0,50.06348185411428,4.300221998181175,0.7603339439010639,-0.2521824006480067,0.16973357578125,32.097701254648456
10,5,1,50.06348185411428,4.300221998181175,0.724410540581255,-0.20732677222539259,0.169311708984375,31.699261595117207
10,5,2,50.06348185411428,4.300221998181175,0.7210835678955928,-0.19212046256423743,0.1695936951171875,32.62792160714845
10,5,3,50.06348185411428,4.300221998181175,0.6979243522729371,-0.17529211847512255,0.1679182130859375,33.90307004503908
10,5,4,50.06348185411428,4.300221998181175,0.6946652207194768,-0.16498026169985044,0.16550287363281252,35.19645014820314
10,5,5,50.06348185411428,4.300221998181175,0.6035333714964874,-0.051766409042861436,0.1627719744140625,35.7868863999219
10,5,6,50.06348185411428,4.300221998181175,0.7175974289311704,-0.1980806997878766,0.16624818027343752,32.918640230117205
10,5,7,50.06348185411428,4.300221998181175,0.7655382878548079,-0.20410298389204456,0.1605597265625,32.6756336949219
10,5,8,50.06348185411428,4.300221998181175,0.7665168948846959,-0.22705725582355346,0.16779825371093754,32.807033866132834
10,5,9,50.06348185411428,4.300221998181175,0.7085718413631379,-0.14624924606073864,0.172432603125,34.880430166250015
10,5,10,50.06348185411428,4.300221998181175,0.7274642874687174,-0.15702661786903974,0.1756430279296875,34.66945421691408
10,5,11,50.06348185411428,4.300221998181175,0.7746278246522869,-0.2750791982646603,0.16792463183593753,31.229157004531267
10,5,12,50.06348185411428,4.300221998181175,0.6474612616014346,-0.43061440868136386,0.1218152689453125,27.428365495273457
10,5,13,50.06348185411428,4.300221998181175,0.5443066755598693,-0.29730709228035257,0.11113577402343752,30.87680053261721
10,6,0,50.06348185411428,4.300221998181175,0.6183338081436114,-0.16759122449630498,0.18885484980468753,33.66414243605471
10,6,1,50.06348185411428,4.300221998181175,0.506105880085071,-0.08290974345514213,0.1874422615234375,34.332018203398455
10,6,2,50.06348185411428,4.300221998181175,0.5500241195360955,-0.14993536365969612,0.193407571484375,34.68199808328127
10,6,3,50.06348185411428,4.300221998181175,0.720586589207641,-0.2986577370106295,0.21563205253906254,33.63538967796877
10,6,4,50.06348185411428,4.300221998181175,0.5864396997124508,-0.07243855711012762,0.1856864021484375,35.498938242382835
10,6,5,50.06348185411428,4.300221998181175,0.6536601636469558,-0.12020533911287318,0.17883815488281252,35.83513922914064
10,6,6,50.06348185411428,4.300221998181175,0.7402227027930095,-0.20566014717172681,0.16874389414062502,33.90941207433596
10,6,7,50.06348185411428,4.300221998181175,0.8249472929503932,-0.32799522345287657,0.1610130310546875,30.18190772046877
10,6,8,50.06348185411428,4.300221998181175,0.8305153501470787,-0.3145630479974829,0.17086991660156253,31.287196586328143
10,6,9,50.06348185411428,4.300221998181175,0.7767456249527893,-0.24325319586358934,0.1757066642578125,33.78092923660158
10,6,10,50.06348185411428,4.300221998181175,0.7220570063686851,-0.17643476431701022,0.1813616916015625,34.04764160972658
10,6,11,50.06348185411428,4.300221998181175,0.654815214476161,-0.14902445345074744,0.1578145443359375,35.3361950948047
10,6,12,50.06348185411428,4.300221998181175,0.691301365910236,-0.1710371295856843,0.170362673828125,34.32431430675783
10,6,13,50.06348185411428,4.300221998181175,0.730331474522135,-0.2055225509377437,0.1725798478515625,32.579281580351584
10,7,0,50.06348185411428,4.300221998181175,0.7679799410944312,-0.3081457159755593,0.18458192500000004,31.145115102617208
10,7,1,50.06348185411428,4.300221998181175,0.6454270833289619,-0.18614168908798015,0.18503745859375,31.860923259804707
10,7,2,50.06348185411428,4.300221998181175,0.6851410464559148,-0.2619623345026336,0.189831698828125,30.662179585390643
10,7,3,50.06348185411428,4.300221998181175,0.5186599790341985,-0.11847709538164489,0.21149267265625002,33.95766490355471
10,7,4,50.06348185411428,4.300221998181175,0.5551936485588373,-0.07366613416955425,0.18816724394531253,34.70432202640627
10,7,5,50.06348185411428,4.300221998181175,0.7727621184166524,-0.3393737181954917,0.1974954203125,31.92680693046877
10,7,6,50.06348185411428,4.300221998181175,0.6381718306903227,-0.08215952423976501,0.1726542140625,36.56198251730471
10,7,7,50.06348185411428,4.300221998181175,0.745334527661203,-0.22802539970164992,0.1668223291015625,32.651146786015644
10,7,8,50.06348185411428,4.300221998181175,0.8175132800788784,-0.29889752955679516,0.167913807421875,30.714658208867206
10,7,9,50.06348185411428,4.300221998181175,0.7452840981867208,-0.20153531653183757,0.1685443326171875,32.42556414183595
10,7,10,50.06348185411428,4.300221998181175,0.7564619755636286,-0.22158529780935926,0.17198861035156252,32.782667121992205
10,7,11,50.06348185411428,4.300221998181175,0.7475743603646514,-0.2504344216228631,0.1533466876953125,31.59252857996096
10,7,12,50.06348185411428,4.300221998181175,0.6493107510946585,-0.1608048303883874,0.16551526464843752,34.03574529792971
10,7,13,50.06348185411428,4.300221998181175,0.7288369250352509,-0.19687774655519813,0.17625163144531253,34.02061788910159
10,8,0,50.06348185411428,4.300221998181175,0.630826848298287,-0.1036859771909883,0.1763157716796875,34.10771731671876
10,8,1,50.06348185411428,4.300221998181175,0.7342320779385283,-0.2217357508890319,0.18338515371093753,31.62449908343752
10,8,2,50.06348185411428,4.300221998181175,0.7745772288065522,-0.3092069336368245,0.19517752109375,30.49766066960939
10,8,3,50.06348185411428,4.300221998181175,0.5696044080474731,-0.12858349866076169,0.18646999140625,33.95359265316408
10,8,4,50.06348185411428,4.300221998181175,0.6206695219517284,-0.07328305989359711,0.18936555898437502,34.485982647265644
10,8,5,50.06348185411428,4.300221998181175,0.618009981845687,-0.13238470376089978,0.17694337109375002,33.181347111054706
10,8,6,50.06348185411428,4.300221998181175,0.6897332589198188,-0.1701610532299051,0.17343725488281253,34.14472806453127
10,8,7,50.06348185411428,4.300221998181175,0.5392296657934578,-0.03863983128959246,0.1744866416015625,36.16853637136721
10,8,8,50.06348185411428,4.300221998181175,0.7484476922114627,-0.2456613029836201,0.17070356621093752,30.910353205507832
10,8,9,50.06348185411428,4.300221998181175,0.8675658212556734,-0.36225079378538816,0.16750236035156252,28.402761552265645
10,8,10,50.06348185411428,4.300221998181175,0.8677651728058831,-0.36965853657743336,0.1727276923828125,28.759917938984394
10,8,11,50.06348185411428,4.300221998181175,0.7610696278806224,-0.24985585391884474,0.16433685703125,31.957776060898457
10,8,12,50.06348185411428,4.300221998181175,0.679212994453718,-0.13204365496568538,0.1809130181640625,35.51848504425783
10,8,13,50.06348185411428,4.300221998181175,0.6770967184115502,-0.1703077482303451,0.18210351777343753,35.56751226863283
10,9,0,50.06348185411428,4.300221998181175,0.6421780427776366,-0.062209340691134186,0.19413444199218752,34.10568786734377
10,9,1,50.06348185411428,4.300221998181175,0.7233014345430118,-0.25743577134678813,0.185353457421875,31.599017477304706
10,9,2,50.06348185411428,4.300221998181175,0.6950709317706715,-0.25310685533411154,0.19027322832031252,32.31402453605471
10,9,3,50.06348185411428,4.300221998181175,0.6518576006269252,-0.14838634284823637,0.18167828691406251,33.60978123125002
10,9,4,50.06348185411428,4.300221998181175,0.6735719133564907,-0.14125706063009427,0.18652906699218752,32.51976664226564
10,9,5,50.06348185411428,4.300221998181175,0.7546671787741269,-0.26313152878233204,0.183788685546875,31.54756025433596
10,9,6,50.06348185411428,4.300221998181175,0.7136374986432048,-0.21670405086784955,0.17368376171875,33.66898908160158
10,9,7,50.06348185411428,4.300221998181175,0.6218272435082913,-0.10375399070816398,0.1690024380859375,35.847843315195334
10,9,8,50.06348185411428,4.300221998181175,0.7516344570179815,-0.28666384515297716,0.167286609375,32.14054666941408
10,9,9,50.06348185411428,4.300221998181175,0.8473608699848232,-0.35216532149185514,0.17538367031250002,29.939915909960956
10,9,10,50.06348185411428,4.300221998181175,0.7551089559144606,-0.27471978504586164,0.1643007541015625,32.47066598386721
10,9,11,50.06348185411428,4.300221998181175,0.6568062864091893,-0.1454348956436019,0.16335177011718754,35.56364029285158
10,9,12,50.06348185411428,4.300221998181175,0.6611210556870375,-0.13172306965523467,0.17859552226562503,35.91526910035158
10,9,13,50.06348185411428,4.300221998181175,0.6789380579242341,-0.15115479087018524,0.18262845488281249,36.25033519765627
10,10,0,50.06348185411428,4.300221998181175,0.6512873841678871,-0.13787800040712725,0.195819594921875,33.077224341640644
10,10,1,50.06348185411428,4.300221998181175,0.5862608164076623,-0.12985833711555578,0.18735405546875,33.469822658398456
10,10,2,50.06348185411428,4.300221998181175,0.48094409295756413,-0.10603528797904438,0.1968458646484375,34.65650980132814
10,10,3,50.06348185411428,4.300221998181175,0.6765689608935209,-0.1712608522080269,0.18429929921875,34.16949535789064
10,10,4,50.06348185411428,4.300221998181175,0.6162104310376558,-0.1558231489351805,0.1730687423828125,34.142511692187526
10,10,5,50.06348185411428,4.300221998181175,0.704549695061778,-0.24717867908263166,0.18581347421875002,34.201512592109395
10,10,6,50.06348185411428,4.300221998181175,0.5971592110376533,-0.09148360040882211,0.1803357689453125,37.55860238011721
10,10,7,50.06348185411428,4.300221998181175,0.6295622929065052,-0.10132708202618283,0.16693133359375,36.53553291722658
10,10,8,50.06348185411428,4.300221998181175,0.6290876689187973,-0.17130091216484813,0.1419525298828125,34.63393217703127
10,10,9,50.06348185411428,4.300221998181175,0.49244194584765133,-0.06385163714126575,0.113476748627451,36.88748883992189
10,10,10,50.06348185411428,4.300221998181175,0.5742513760789144,-0.11571395429020517,0.1433298095703125,36.710339272109394
10,10,11,50.06348185411428,4.300221998181175,0.5442689955393436,-0.08217740116686992,0.17682719511718753,36.288307263593765
10,10,12,50.06348185411428,4.300221998181175,0.4670707947897274,-0.08511347331491172,0.18732990117187504,35.35056813593752
10,10,13,50.06348185411428,4.300221998181175,0.5389044406492975,-0.12273403249879206,0.18842767890625,35.03365359406252
10,11,0,50.06348185411428,4.300221998181175,0.6529163569794478,-0.19948519850774565,0.1819681125,32.44543805890626
10,11,1,50.06348185411428,4.300221998181175,0.6678373614128309,-0.12101562901465299,0.17549750546874998,34.70290007667971
10,11,2,50.06348185411428,4.300221998181175,0.40355694183173285,-0.05100332500005624,0.1938130056640625,36.17655403156252
10,11,3,50.06348185411428,4.300221998181175,0.6194366471901214,-0.13280961679925785,0.1707291322265625,35.82922445234377
10,11,4,50.06348185411428,4.300221998181175,0.6943126037018585,-0.17715607732296645,0.179794203515625,35.314585464453145
10,11,5,50.06348185411428,4.300221998181175,0.7090886740689184,-0.1615383762563196,0.17743316816406252,35.181469607421896
10,11,6,50.06348185411428,4.300221998181175,0.6491042713839642,-0.15077451848667317,0.16586489238281252,35.84841075992189
10,11,7,50.06348185411428,4.300221998181175,0.7202735834523731,-0.20413559247592822,0.163655428125,34.73863574281252
10,11,8,50.06348185411428,4.300221998181175,0.6216542011859583,-0.11176544325988076,0.1594815673828125,35.2804920501172
10,11,9,50.06348185411428,4.300221998181175,0.6373850806312835,-0.15716168303808442,0.1494893013671875,34.68443475769533
10,11,10,50.06348185411428,4.300221998181175,0.63896827897133,-0.14362392115695075,0.16146440996093753,34.5344557785547
10,11,11,50.06348185411428,4.300221998181175,0.4983698804995671,-0.06253403988707013,0.15664962871093752,36.37610097652346
10,11,12,50.06348185411428,4.300221998181175,0.6310864984837385,-0.19007989380987883,0.1745072287109375,34.12829887074221
10,11,13,50.06348185411428,4.300221998181175,0.5569400212190838,-0.1641760790719869,0.1900922126953125,34.284766747226584
10,12,0,50.06348185411428,4.300221998181175,0.5688994180371361,-0.167218591928718,0.18832312089843753,33.54180802882814
10,12,1,50.06348185411428,4.300221998181175,0.5910810499880127,-0.07067402000294039,0.17268399023437503,34.158607094960956
10,12,2,50.06348185411428,4.300221998181175,0.5908040388841151,-0.0964911774075878,0.17242836484375,34.674754818242214
10,12,3,50.06348185411428,4.300221998181175,0.6115770002754548,-0.08912531300874223,0.1741460404296875,35.044455071328144
10,12,4,50.06348185411428,4.300221998181175,0.6797310828857048,-0.16557242067931943,0.17741110703125001,34.45606162062502
10,12,5,50.06348185411428,4.300221998181175,0.6535964395105431,-0.11883656689032143,0.17571071484375,35.256719453984395
10,12,6,50.06348185411428,4.300221998181175,0.6351259774140703,-0.09438818495790186,0.17563115039062502,35.4440162686719
10,12,7,50.06348185411428,4.300221998181175,0.7277309825465158,-0.1972425667026902,0.1747502474609375,34.3598697257422
10,12,8,50.06348185411428,4.300221998181175,0.6775848671875457,-0.15000562403023907,0.1798936001953125,32.65936472082033
10,12,9,50.06348185411428,4.300221998181175,0.6639716783663989,-0.147837790820248,0.17175015878906252,34.2001774280469
10,12,10,50.06348185411428,4.300221998181175,0.6188866469030727,-0.09346500424898371,0.1797582611328125,35.95629201617189
10,12,11,50.06348185411428,4.300221998181175,0.5943525703920869,-0.09448726464952718,0.1759198669921875,32.72921382875002
10,12,12,50.06348185411428,4.300221998181175,0.7451532755370935,-0.3219403397839926,0.1726743001953125,30.14723350976564
10,12,13,50.06348185411428,4.300221998181175,0.6711907058896397,-0.2527942758342002,0.1824834646484375,32.37066219558596
10,13,0,50.06348185411428,4.300221998181175,0.42874996242885544,0.0011882276510423494,0.181929556640625,37.10644239453127
10,13,1,50.06348185411428,4.300221998181175,0.5808957644121648,-0.08073105194466712,0.15937431406250002,33.92254341289064
10,13,2,50.06348185411428,4.300221998181175,0.7092710725359628,-0.23885672371648375,0.1727405666015625,31.981268272578145
10,13,3,50.06348185411428,4.300221998181175,0.638751437272219,-0.13249427925344157,0.177258983203125,34.04021142171877
10,13,4,50.06348185411428,4.300221998181175,0.588920849226743,-0.054247761701026326,0.17503862851562502,35.13578029320315
10,13,5,50.06348185411428,4.300221998181175,0.6768166495301426,-0.15178819174528196,0.17651160703125002,34.52177839578127
10,13,6,50.06348185411428,4.300221998181175,0.6149956995450355,-0.06095010439399744,0.172617704296875,35.84512625632814
10,13,7,50.06348185411428,4.300221998181175,0.6368703002999923,-0.1244682425293632,0.1700169181640625,35.04265259984378
10,13,8,50.06348185411428,4.300221998181175,0.7381635490776066,-0.20725079067493496,0.17249799707031252,31.700970605117206
10,13,9,50.06348185411428,4.300221998181175,0.7325686845108632,-0.20168299298610498,0.1743207255859375,31.75951087343752
10,13,10,50.06348185411428,4.300221998181175,0.7146225656961298,-0.20358800304584232,0.1766080951171875,33.34609300472658
10,13,11,50.06348185411428,4.300221998181175,0.6400849524247575,-0.09956611510187137,0.17547227050781253,32.477241666875024
10,13,12,50.06348185411428,4.300221998181175,0.6838006686129542,-0.1683363661972921,0.1723835591796875,32.48464515160158
10,13,13,50.06348185411428,4.300221998181175,0.6701986216657743,-0.14984195342238077,0.17898908515625,34.66868649757815
11,0,0,50.184214876033074,4.771261352433166,0.8865361233081281,-0.4219454335107383,0.16512098476562503,25.90593799718752
11,0,1,50.184214876033074,4.771261352433166,0.8824548884133049,-0.41619116583354965,0.16121060957031252,25.09106066656252
11,0,2,50.184214876033074,4.771261352433166,0.8630608794267691,-0.4154620632178191,0.162795036328125,26.47581939816408
11,0,3,50.184214876033074,4.771261352433166,0.8501373320689368,-0.3825252546247207,0.161813872265625,26.375822285703144
11,0,4,50.184214876033074,4.771261352433166,0.8640400400935913,-0.3960480123413796,0.15249872050781252,25.20491010617189
11,0,5,50.184214876033074,4.771261352433166,0.8667447857207846,-0.4733422541433134,0.133057074609375,25.69084974253908
11,0,6,50.184214876033074,4.771261352433166,0.8325854854781226,-0.4052105258105963,0.14540223359375,27.14498359882814
11,0,7,50.184214876033074,4.771261352433166,0.6704060810196057,-0.23295260487793062,0.1718544609375,30.353062401640646
11,0,8,50.184214876033074,4.771261352433166,0.4794342927902421,-0.07389892213881519,0.18295152265625,33.49543778093752
11,0,9,50.184214876033074,4.771261352433166,0.6924169779763492,-0.222726966200668,0.17349849140625,30.181794231523458
11,0,10,50.184214876033074,4.771261352433166,0.42946662335060104,0.007163096229330538,0.19780066054687503,36.89432487992189
11,0,11,50.184214876033074,4.771261352433166,0.5130138270529867,-0.030392546167234566,0.18318681562500003,35.51598161164065
11,0,12,50.184214876033074,4.771261352433166,0.6836803755752436,-0.17674240011954,0.16014320019531253,31.879188304179706
11,0,13,50.184214876033074,4.771261352433166,0.7926626203403547,-0.30382154364045677,0.162274701953125,29.26345503769533
11,1,0,50.184214876033074,4.771261352433166,0.8842142241987685,-0.42050179287627953,0.16496027988281253,26.006822993750017
11,1,1,50.184214876033074,4.771261352433166,0.8672007966719206,-0.38533366696603744,0.16209260292968752,25.937688198593772
11,1,2,50.184214876033074,4.771261352433166,0.8838118652880255,-0.421707886732675,0.17166374511718752,25.707706188828148
11,1,3,50.184214876033074,4.771261352433166,0.889263961015275,-0.4180546475573746,0.170440538671875,24.771262170312518
11,1,4,50.184214876033074,4.771261352433166,0.8799615749959401,-0.41258326691540415,0.1702389296875,25.36864127515627
11,1,5,50.184214876033074,4.771261352433166,0.8085449192222229,-0.34864885370802423,0.16425003066406252,26.63665326113283
11,1,6,50.184214876033074,4.771261352433166,0.7460762195395205,-0.2818116923804429,0.15364449394531254,28.738468528320332
11,1,7,50.184214876033074,4.771261352433166,0.825536016252846,-0.34222452180315566,0.16435603828125,27.811170383632835
11,1,8,50.184214876033074,4.771261352433166,0.8780041666273124,-0.40037738413295054,0.1780000142578125,26.907698241640645
11,1,9,50.184214876033074,4.771261352433166,0.8621196771442399,-0.37978039139514475,0.1788214208984375,27.62248499832033
11,1,10,50.184214876033074,4.771261352433166,0.6385959942006963,-0.18162230352473743,0.190324911328125,32.198753146718765
11,1,11,50.184214876033074,4.771261352433166,0.7552939437718237,-0.2763315671783322,0.17110501171875,30.337788124765645
11,1,12,50.184214876033074,4.771261352433166,0.6141751457852507,-0.1456206895358871,0.15971049492187503,32.74816648261721
11,1,13,50.184214876033074,4.771261352433166,0.7593903387641314,-0.27376384227897177,0.1661705544921875,30.615188486210954
11,2,0,50.184214876033074,4.771261352433166,0.8761339316102652,-0.4155193856326437,0.15877521875000003,26.24277318687502
11,2,1,50.184214876033074,4.771261352433166,0.8864463607766768,-0.4303496876070194,0.1594065330078125,25.67159667675783
11,2,2,50.184214876033074,4.771261352433166,0.8917121174155218,-0.43888524708472787,0.16969433417968752,25.95440445265627
11,2,3,50.184214876033074,4.771261352433166,0.8867817170922855,-0.4038740205209109,0.17298783828125,26.067532903671893
11,2,4,50.184214876033074,4.771261352433166,0.8824714070933698,-0.3977935206973823,0.1767939203125,25.59678743433596
11,2,5,50.184214876033074,4.771261352433166,0.8855177180341822,-0.40623927689373596,0.1799921212890625,25.80756978488283
11,2,6,50.184214876033074,4.771261352433166,0.8833318056610512,-0.4106731494350647,0.18010179843750002,26.42795376652346
11,2,7,50.184214876033074,4.771261352433166,0.8163847657000438,-0.3206948062259071,0.1825913447265625,29.134738546250016
11,2,8,50.184214876033074,4.771261352433166,0.8777795902012848,-0.38355468539667514,0.16777771875,26.055716701718772
11,2,9,50.184214876033074,4.771261352433166,0.797924428509482,-0.33990523755485935,0.16210158339843753,26.961792413632836
11,2,10,50.184214876033074,4.771261352433166,0.885801816129015,-0.41324263359184643,0.17652129960937502,27.158255129609394
11,2,11,50.184214876033074,4.771261352433166,0.8666374908814168,-0.39500758861316043,0.1617920505859375,26.96310087441408
11,2,12,50.184214876033074,4.771261352433166,0.7976483550789211,-0.32220413968425643,0.17897998613281252,29.888805829648458
11,2,13,50.184214876033074,4.771261352433166,0.6592633528887519,-0.17629276665554183,0.149551126953125,32.032271539765645
11,3,0,50.184214876033074,4.771261352433166,0.7005904115223891,-0.18628580654062601,0.1694120841796875,31.657831454257824
11,3,1,50.184214876033074,4.771261352433166,0.8389211649562975,-0.37509223818637194,0.1584716396484375,27.47905499890627
11,3,2,50.184214876033074,4.771261352433166,0.8834063383965287,-0.4195162413463609,0.1598231017578125,25.848399101914083
11,3,3,50.184214876033074,4.771261352433166,0.8899137732620851,-0.4240988382520594,0.16265060917968752,24.920480105937518
11,3,4,50.184214876033074,4.771261352433166,0.8823113644148288,-0.42257075868166427,0.1448135697265625,24.24884585175783
11,3,5,50.184214876033074,4.771261352433166,0.8607331306870881,-0.4088616790453954,0.15796738535156252,25.814706236796894
11,3,6,50.184214876033074,4.771261352433166,0.8525330937217784,-0.3794602619888,0.16287395136718752,26.257947326445333
11,3,7,50.184214876033074,4.771261352433166,0.8843891042244219,-0.39899044370369385,0.1607789869140625,26.00194296910158
11,3,8,50.184214876033074,4.771261352433166,0.7796452121221522,-0.32952926358687595,0.15305035585937504,26.84292943296877
11,3,9,50.184214876033074,4.771261352433166,0.5340654337283887,-0.15478969358786,0.1677553212890625,31.017072869023455
11,3,10,50.184214876033074,4.771261352433166,0.533509208508356,-0.09132645251366056,0.17619176718750001,31.904162547968774
11,3,11,50.184214876033074,4.771261352433166,0.8494913083994964,-0.34856148682591737,0.159684371484375,26.986573058632832
11,3,12,50.184214876033074,4.771261352433166,0.7884856234031132,-0.3065838887013197,0.1611909126953125,27.61737131996096
11,3,13,50.184214876033074,4.771261352433166,0.6722791172325815,-0.20802702289971986,0.1467266908203125,31.488172156835954
11,4,0,50.184214876033074,4.771261352433166,0.6595703887177162,-0.14136277173729597,0.172740040625,32.92432802902346
11,4,1,50.184214876033074,4.771261352433166,0.6250139774792437,-0.08910859609109462,0.17679783066406252,33.619521253085956
11,4,2,50.184214876033074,4.771261352433166,0.8364706324654393,-0.3452097414348386,0.17311732792968754,28.133759372773454
11,4,3,50.184214876033074,4.771261352433166,0.7166621259916617,-0.21013713546573365,0.163061996484375,29.865981200000014
11,4,4,50.184214876033074,4.771261352433166,0.8597628445537587,-0.3780517902092654,0.1613947962890625,25.83918646988283
11,4,5,50.184214876033074,4.771261352433166,0.8625841346922971,-0.390259559871065,0.1643990736328125,27.342100545195336
11,4,6,50.184214876033074,4.771261352433166,0.7386969534180742,-0.2397458444866681,0.161170207421875,29.642628279804704
11,4,7,50.184214876033074,4.771261352433166,0.8354826996327738,-0.34641014756849486,0.1702115521484375,27.44346620082033
11,4,8,50.184214876033074,4.771261352433166,0.8499489684882378,-0.36998010988535535,0.1674661654296875,26.39173076550783
11,4,9,50.184214876033074,4.771261352433166,0.516158193955488,-0.05573494346292246,0.16892065214843752,32.21424772566408
11,4,10,50.184214876033074,4.771261352433166,0.5369728753620795,-0.08744248463821375,0.17532247832031253,32.45337560925783
11,4,11,50.184214876033074,4.771261352433166,0.6648520231776256,-0.19986092961186325,0.15725915175781252,30.719030871171896
11,4,12,50.184214876033074,4.771261352433166,0.6979837204006848,-0.21592880436521492,0.158170085546875,30.517708158007828
11,4,13,50.184214876033074,4.771261352433166,0.6656244659917552,-0.1613230800350083,0.1579055556640625,31.674180538203142
11,5,0,50.184214876033074,4.771261352433166,0.5899530019467532,-0.037900652842889224,0.17889274921874998,33.95397985074221
11,5,1,50.184214876033074,4.771261352433166,0.6505580981488301,-0.10383837946999745,0.17610451269531252,33.605715656679706
11,5,2,50.184214876033074,4.771261352433166,0.5616193337628693,-0.014576427787836917,0.17795421933593752,34.38898297812502
11,5,3,50.184214876033074,4.771261352433166,0.6075332679047238,-0.0765555977048732,0.16471669101562503,32.097394166914086
11,5,4,50.184214876033074,4.771261352433166,0.7066318841077524,-0.17475920750561996,0.1553288861328125,30.239059418164082
11,5,5,50.184214876033074,4.771261352433166,0.7201554113903692,-0.23862946006449426,0.158664884765625,29.576183840234393
11,5,6,50.184214876033074,4.771261352433166,0.6343890609988061,-0.10310378938274567,0.15866612968750002,32.22452181312502
11,5,7,50.184214876033074,4.771261352433166,0.8246020978989799,-0.3204217325448473,0.1523249103515625,27.14747367980471
11,5,8,50.184214876033074,4.771261352433166,0.8233489413677141,-0.34509744729958275,0.155957417578125,26.041283578203142
11,5,9,50.184214876033074,4.771261352433166,0.5320171466209986,-0.07500558665059279,0.16594088359375,32.0073106476172
11,5,10,50.184214876033074,4.771261352433166,0.42547834328983,-0.0387703007691803,0.18672420703125003,34.26530673101565
11,5,11,50.184214876033074,4.771261352433166,0.47915914419212563,-0.06943344050456852,0.1827184755859375,32.44961712242189
11,5,12,50.184214876033074,4.771261352433166,0.788937538266696,-0.3123489199485009,0.17302354785156251,27.97711124914064
11,5,13,50.184214876033074,4.771261352433166,0.819243708841044,-0.3467349395393772,0.16310737519531252,26.89102871832033
11,6,0,50.184214876033074,4.771261352433166,0.7303794360411724,-0.19691532627948252,0.165301247265625,30.66321433753908
11,6,1,50.184214876033074,4.771261352433166,0.6640914997205909,-0.14017587067941045,0.16496075019531253,32.04169112222658
11,6,2,50.184214876033074,4.771261352433166,0.6182885572150036,-0.06506264817067857,0.1766451337890625,33.37732916796877
11,6,3,50.184214876033074,4.771261352433166,0.7438709808458651,-0.21856985291306028,0.15017974160156253,28.486329470937516
11,6,4,50.184214876033074,4.771261352433166,0.5626940358277953,-0.024288912133438235,0.16408623554687501,33.854450045703146
11,6,5,50.184214876033074,4.771261352433166,0.6490301735710009,-0.1255293762081009,0.15443318828125002,32.39060287085939
11,6,6,50.184214876033074,4.771261352433166,0.643142107472989,-0.11931750743909755,0.1617116271484375,32.08790782625002
11,6,7,50.184214876033074,4.771261352433166,0.8430110369286627,-0.3539305769961045,0.15026138828125002,26.499391719687516
11,6,8,50.184214876033074,4.771261352433166,0.8064295680294451,-0.2797718091178596,0.14613679101562502,26.268181358984393
11,6,9,50.184214876033074,4.771261352433166,0.8202214654944098,-0.3059674955190228,0.15884225624999998,27.129736025234394
11,6,10,50.184214876033074,4.771261352433166,0.43895407779670603,0.005031442887818996,0.17425625117187502,34.216973791953144
11,6,11,50.184214876033074,4.771261352433166,0.7194446384881769,-0.22367262124018444,0.1625393681640625,29.44778111234377
11,6,12,50.184214876033074,4.771261352433166,0.7894722481987142,-0.2849121328759696,0.15759546679687503,26.56711791675783
11,6,13,50.184214876033074,4.771261352433166,0.8506845471654748,-0.3480372106059203,0.16329289062500002,25.905497393046897
11,7,0,50.184214876033074,4.771261352433166,0.8280596170747565,-0.32689822962295595,0.1682218248046875,27.97838633082033
11,7,1,50.184214876033074,4.771261352433166,0.7102014526901306,-0.16898495383037226,0.17204042109375,30.33593892253908
11,7,2,50.184214876033074,4.771261352433166,0.8278643211889826,-0.3268306876467825,0.1574537658203125,26.400362601171892
11,7,3,50.184214876033074,4.771261352433166,0.7875846832247175,-0.27282724562297433,0.15702674160156252,28.07552619218752
11,7,4,50.184214876033074,4.771261352433166,0.6401097870535469,-0.10479686845555328,0.16616126855468752,32.47962493472659
11,7,5,50.184214876033074,4.771261352433166,0.601018259548844,-0.11855872443372471,0.16092165253906252,32.98394310441408
11,7,6,50.184214876033074,4.771261352433166,0.6524971631790812,-0.2400437760364964,0.19028187421874998,32.07606492101564
11,7,7,50.184214876033074,4.771261352433166,0.6061237678288447,-0.1802046988504432,0.18846148925781253,32.35949354820314
11,7,8,50.184214876033074,4.771261352433166,0.8389733014780509,-0.3437343202546431,0.15419997871093752,25.815340439726583
11,7,9,50.184214876033074,4.771261352433166,0.8715948860931724,-0.3873069244468803,0.16056903125,24.810175526914083
11,7,10,50.184214876033074,4.771261352433166,0.7935843577144388,-0.2949189874481115,0.160807365625,26.59272636347658
11,7,11,50.184214876033074,4.771261352433166,0.5993431056955927,-0.10554380072729576,0.161501054296875,30.78855286390627
11,7,12,50.184214876033074,4.771261352433166,0.690917152345289,-0.1911542334957311,0.16054905761718752,28.411386712109394
11,7,13,50.184214876033074,4.771261352433166,0.7091980903936991,-0.1872858063294761,0.162989024609375,28.56933662070314
11,8,0,50.184214876033074,4.771261352433166,0.8127249131540187,-0.3417762866192464,0.15629502148437502,27.163949604335958
11,8,1,50.184214876033074,4.771261352433166,0.6800252293688909,-0.26727139095549624,0.16023515371093752,28.68629031675783
11,8,2,50.184214876033074,4.771261352433166,0.7795646333004848,-0.2751726032960133,0.15498764121093753,28.075225780273456
11,8,3,50.184214876033074,4.771261352433166,0.5926563665437012,-0.13619512841491735,0.16982349824218754,30.569953127773456
11,8,4,50.184214876033074,4.771261352433166,0.6471828979076311,-0.20380364072542742,0.18475363515625004,31.090012881757833
11,8,5,50.184214876033074,4.771261352433166,0.5136453047611927,-0.09258515330657063,0.18600805917968752,33.166633603085955
11,8,6,50.184214876033074,4.771261352433166,0.6345140777569633,-0.1697112675469326,0.17568943945312498,32.32035321371096
11,8,7,50.184214876033074,4.771261352433166,0.6193409034908445,-0.09036494814268292,0.1775135529296875,32.07029701226564
11,8,8,50.184214876033074,4.771261352433166,0.8593403624741198,-0.370194812461623,0.15234604882812502,24.60508097527346
11,8,9,50.184214876033074,4.771261352433166,0.8520145288139355,-0.3592216587123299,0.15922460664062502,25.199382526953144
11,8,10,50.184214876033074,4.771261352433166,0.7588486480522951,-0.23141123810670872,0.15448750976562503,26.807694453359396
11,8,11,50.184214876033074,4.771261352433166,0.8500001342273877,-0.3522703262046555,0.165845259765625,24.915807031718767
11,8,12,50.184214876033074,4.771261352433166,0.8665606191545666,-0.3784659197247796,0.1734466615234375,25.56872896156252
11,8,13,50.184214876033074,4.771261352433166,0.8711384677569958,-0.3878669174272068,0.1718070958984375,25.639479305234396
11,9,0,50.184214876033074,4.771261352433166,0.7470593142149442,-0.2339476998760665,0.17142506289062504,28.53030309933596
11,9,1,50.184214876033074,4.771261352433166,0.6231679527402001,-0.12611415004177182,0.16667647343750003,30.91807045378908
11,9,2,50.184214876033074,4.771261352433166,0.7413901824108236,-0.287147158428791,0.1738751990234375,29.50558704042971
11,9,3,50.184214876033074,4.771261352433166,0.6405846211602317,-0.21148455199739669,0.1902835427734375,30.918230673476582
11,9,4,50.184214876033074,4.771261352433166,0.5087558939219126,-0.14284051066087067,0.20516829550781251,33.685031077812525
11,9,5,50.184214876033074,4.771261352433166,0.5808738960819171,-0.1735499419731974,0.1917618072265625,32.72649676988283
11,9,6,50.184214876033074,4.771261352433166,0.6919836287621451,-0.16415163512520292,0.1707829779296875,31.46249695191408
11,9,7,50.184214876033074,4.771261352433166,0.6880093085065044,-0.1652516171506606,0.16641599609375002,28.90786746875002
11,9,8,50.184214876033074,4.771261352433166,0.7700002057607903,-0.24725679548961138,0.159731770703125,27.427731292343772
11,9,9,50.184214876033074,4.771261352433166,0.7782627902736873,-0.273165118195307,0.16271218789062503,26.315753254531266
11,9,10,50.184214876033074,4.771261352433166,0.8481089148094708,-0.3518728345625628,0.16485279394531252,25.19051036175783
11,9,11,50.184214876033074,4.771261352433166,0.8509116623672212,-0.35218583562317285,0.1649549833984375,25.27333726437502
11,9,12,50.184214876033074,4.771261352433166,0.843004702776691,-0.3337666177959593,0.1544674107421875,25.350069143046895
11,9,13,50.184214876033074,4.771261352433166,0.8562009527421034,-0.35976549362452803,0.167437843359375,25.812783600546894
11,10,0,50.184214876033074,4.771261352433166,0.7543864794146756,-0.2383524237447589,0.15913582753906252,28.742474020507835
11,10,1,50.184214876033074,4.771261352433166,0.5933003130564246,-0.08037646286089016,0.1469678361328125,32.50622807867189
11,10,2,50.184214876033074,4.771261352433166,0.6975791186136522,-0.20305494336686705,0.16428897421875,29.204180429140642
11,10,3,50.184214876033074,4.771261352433166,0.5615287884159046,-0.12351846697876072,0.17455785644531252,30.13352137484377
11,10,4,50.184214876033074,4.771261352433166,0.47966449680474255,-0.09312861104692528,0.190020051171875,32.38946798140627
11,10,5,50.184214876033074,4.771261352433166,0.6794591141478262,-0.2088585157562637,0.1837460703125,30.84495019390627
11,10,6,50.184214876033074,4.771261352433166,0.6233106446949925,-0.09527324647761656,0.16337494316406254,31.001291229804707
11,10,7,50.184214876033074,4.771261352433166,0.6396766819310695,-0.12729308133803646,0.16386536132812501,29.332436288984397
11,10,8,50.184214876033074,4.771261352433166,0.7528757487276649,-0.25430511592060673,0.15837587910156253,27.003382774179705
11,10,9,50.184214876033074,4.771261352433166,0.8597603634954093,-0.3634859067926004,0.1604414427734375,25.273050204101583
11,10,10,50.184214876033074,4.771261352433166,0.8366846390899527,-0.33091054053059027,0.15157221250000003,26.312321882890647
11,10,11,50.184214876033074,4.771261352433166,0.8121391515264381,-0.3001408818878466,0.16904429335937501,27.647686220000022
11,10,12,50.184214876033074,4.771261352433166,0.8306127247183036,-0.32480367178136216,0.17453610195312502,26.26318116957033
11,10,13,50.184214876033074,4.771261352433166,0.8140105895160115,-0.3014573393190133,0.166065221875,27.330317722343764
11,11,0,50.184214876033074,4.771261352433166,0.7148779553089362,-0.19410435089464378,0.1518188564453125,29.314705310234395
11,11,1,50.184214876033074,4.771261352433166,0.6140429451895077,-0.09587646464903879,0.16376556796875,31.009268835078142
11,11,2,50.184214876033074,4.771261352433166,0.6979324745426903,-0.18483702920922102,0.16384642304687502,28.558154621679705
11,11,3,50.184214876033074,4.771261352433166,0.6767810046976911,-0.20531257295194674,0.1654935693359375,28.262976550742206
11,11,4,50.184214876033074,4.771261352433166,0.728907609459474,-0.24131405384578147,0.157993036328125,27.96806551261721
11,11,5,50.184214876033074,4.771261352433166,0.7907678947378305,-0.3223940950699463,0.16000054804687502,26.238166870859395
11,11,6,50.184214876033074,4.771261352433166,0.7504197338470457,-0.26850671814434174,0.14409037402343752,26.74325943570314
11,11,7,50.184214876033074,4.771261352433166,0.7556467787867474,-0.2617238385545937,0.164551719921875,27.76038741851564
11,11,8,50.184214876033074,4.771261352433166,0.8004069983463042,-0.30283134553072344,0.16266021875000003,26.380181596367205
11,11,9,50.184214876033074,4.771261352433166,0.7964873771553599,-0.30190901289534555,0.16034819667968753,26.86993312613283
11,11,10,50.184214876033074,4.771261352433166,0.5705928296711719,-0.0684492692134161,0.16053683828124998,33.28759279132815
11,11,11,50.184214876033074,4.771261352433166,0.5945162085172644,-0.060181924574856466,0.16565380058593754,32.94533683554689
11,11,12,50.184214876033074,4.771261352433166,0.6145324597044449,-0.10155542845593102,0.16909882851562502,31.406506846953143
11,11,13,50.184214876033074,4.771261352433166,0.5737027358832161,-0.14238532837237236,0.1776830935546875,31.82631580730471
11,12,0,50.184214876033074,4.771261352433166,0.8434389746361856,-0.3638179912046787,0.1531724291015625,27.099114037460957
11,12,1,50.184214876033074,4.771261352433166,0.8791312221569187,-0.39898220760008596,0.1592080650390625,26.45465704777346
11,12,2,50.184214876033074,4.771261352433166,0.8608489377791745,-0.37802936026787426,0.16144694687500002,25.470687864453147
11,12,3,50.184214876033074,4.771261352433166,0.8537319658622958,-0.3695815846943442,0.17140940644531252,25.795473198476582
11,12,4,50.184214876033074,4.771261352433166,0.8442720604512105,-0.36179120372125395,0.16128544921875002,25.866857745078143
11,12,5,50.184214876033074,4.771261352433166,0.8766554964182682,-0.4088094997071272,0.166704561328125,24.643927573671895
11,12,6,50.184214876033074,4.771261352433166,0.8808214016212481,-0.40879255949033977,0.16780788847656253,24.277718774609397
11,12,7,50.184214876033074,4.771261352433166,0.8796460043974128,-0.41174730333983756,0.1667530224609375,24.561234187460958
11,12,8,50.184214876033074,4.771261352433166,0.8448300264346656,-0.3562656896380022,0.1641075275390625,25.512725504960954
11,12,9,50.184214876033074,4.771261352433166,0.7627089337313008,-0.27714708198658,0.1629198701171875,27.505918499843766
11,12,10,50.184214876033074,4.771261352433166,0.6905395229980289,-0.1561646805314113,0.1658021421875,31.08098717269533
11,12,11,50.184214876033074,4.771261352433166,0.6516780014744796,-0.11153148935326307,0.1699737646484375,32.316768298203144
11,12,12,50.184214876033074,4.771261352433166,0.5550383906460475,-0.03286162738007385,0.169518624609375,33.36563313078126
11,12,13,50.184214876033074,4.771261352433166,0.5996484517193952,-0.111910486559229,0.17449797578125004,32.83849033144533
11,13,0,50.184214876033074,4.771261352433166,0.8558637673668884,-0.3740130577198645,0.1478388361328125,27.100776316718772
11,13,1,50.184214876033074,4.771261352433166,0.8683001903971651,-0.4056399405518025,0.147991117578125,26.13366357968752
11,13,2,50.184214876033074,4.771261352433166,0.8534717078308995,-0.40260228066860076,0.13750538535156248,25.889962759179706
11,13,3,50.184214876033074,4.771261352433166,0.8638920431850222,-0.37838133447359756,0.1598902849609375,25.990901162304702
11,13,4,50.184214876033074,4.771261352433166,0.8173620324894507,-0.3316956777126921,0.1478042439453125,26.28670008453127
11,13,5,50.184214876033074,4.771261352433166,0.8570979426370939,-0.3731564056930501,0.158849521484375,25.09810365699221
11,13,6,50.184214876033074,4.771261352433166,0.875405374606723,-0.3950894210811294,0.169643859765625,24.854770006601584
11,13,7,50.184214876033074,4.771261352433166,0.8888731816917836,-0.4134462923202666,0.17318416640625003,24.540298814960956
11,13,8,50.184214876033074,4.771261352433166,0.8858335017035641,-0.4098825002359994,0.1684326224609375,24.88037177750002
11,13,9,50.184214876033074,4.771261352433166,0.867140414861231,-0.3811868723103316,0.16123391914062501,26.074862954375018
11,13,10,50.184214876033074,4.771261352433166,0.6428289695404492,-0.10581127350411876,0.17200296328124998,32.696302034609396
11,13,11,50.184214876033074,4.771261352433166,0.4929329235134709,-0.06036481378194919,0.1733555203125,35.79703364679689
11,13,12,50.184214876033074,4.771261352433166,0.6038099719361351,-0.10891491814306922,0.16837230703125,33.340785727578144
11,13,13,50.184214876033074,4.771261352433166,0.6615958083932219,-0.12705574031822003,0.17242695546875003,32.09392941617189
12,0,0,50.48604743083006,5.524924319236353,0.5782264520061142,-0.1362476586336123,0.17337637949218748,28.350069302539083
12,0,1,50.48604743083006,5.524924319236353,0.7159282681815786,-0.2182180988824447,0.15934124531250002,28.43121389843752
12,0,2,50.48604743083006,5.524924319236353,0.8189611588143678,-0.32432540840679835,0.145885084765625,24.782417466054707
12,0,3,50.48604743083006,5.524924319236353,0.8669800724286201,-0.4010495257914445,0.153447783984375,23.905608550390646
12,0,4,50.48604743083006,5.524924319236353,0.7117532642872111,-0.17371620392872855,0.1745731080078125,28.018881856835957
12,0,5,50.48604743083006,5.524924319236353,0.7268636777789212,-0.20499642113408423,0.15416764863281252,26.859672390312518
12,0,6,50.48604743083006,5.524924319236353,0.8565093666300744,-0.387889384030956,0.1539943376953125,25.02257342597658
12,0,7,50.48604743083006,5.524924319236353,0.8655115248052856,-0.3926258534614929,0.1620787259765625,24.059078983554706
12,0,8,50.48604743083006,5.524924319236353,0.8920674336334793,-0.4222485006044072,0.1688148841796875,23.37544828027346
12,0,9,50.48604743083006,5.524924319236353,0.893325746994894,-0.41696142349193643,0.17505301914062502,23.54536793468752
12,0,10,50.48604743083006,5.524924319236353,0.8857939017725784,-0.42672269224206727,0.1479184369140625,23.21731144871096
12,0,11,50.48604743083006,5.524924319236353,0.7397508679746703,-0.2636740151398729,0.156321863671875,26.143637255234395
12,0,12,50.48604743083006,5.524924319236353,0.6540237030097014,-0.13401502034235657,0.14804051503906251,28.75074536187502
12,0,13,50.48604743083006,5.524924319236353,0.7027692826680827,-0.19460232341132983,0.1451485046875,28.660788683164085
12,1,0,50.48604743083006,5.524924319236353,0.699999596309822,-0.19771672719657618,0.17379973574218752,28.852044259296896
12,1,1,50.48604743083006,5.524924319236353,0.6529451567776352,-0.13899362388694414,0.14840766953125,28.638825234335954
12,1,2,50.48604743083006,5.524924319236353,0.7609045283609126,-0.2680676063052387,0.1499382275390625,27.680170761640646
12,1,3,50.48604743083006,5.524924319236353,0.7144367841943939,-0.17401561127550663,0.1720039865234375,27.957537743984396
12,1,4,50.48604743083006,5.524924319236353,0.6751871675947655,-0.13304336456250387,0.16501893417968752,28.95627384183596
12,1,5,50.48604743083006,5.524924319236353,0.7438315007888044,-0.21342155658329562,0.16900302148437502,27.48609131351564
12,1,6,50.48604743083006,5.524924319236353,0.8544938255277826,-0.39399005701994544,0.16371593281250002,24.488374284570334
12,1,7,50.48604743083006,5.524924319236353,0.8899594801995905,-0.4237419562609686,0.156678291015625,23.14396421093752
12,1,8,50.48604743083006,5.524924319236353,0.8669361592051531,-0.40570486075748274,0.1579490669921875,24.226622045937518
12,1,9,50.48604743083006,5.524924319236353,0.838260444005555,-0.35478140482064163,0.18354115078125002,25.410018009453143
12,1,10,50.48604743083006,5.524924319236353,0.8895194349742145,-0.4235841826240627,0.1770521279296875,23.89371891441408
12,1,11,50.48604743083006,5.524924319236353,0.866679096678121,-0.38485841567310825,0.15932792734375,24.466624461992204
12,1,12,50.48604743083006,5.524924319236353,0.6575008622571032,-0.17016537062522513,0.1416144958984375,27.830296608828146
12,1,13,50.48604743083006,5.524924319236353,0.7071016940945558,-0.20546447071381926,0.136613113671875,28.773803645234395
12,2,0,50.48604743083006,5.524924319236353,0.7389944870613998,-0.24095527989919896,0.1440749865234375,26.89251742625002
12,2,1,50.48604743083006,5.524924319236353,0.5539160059122922,-0.02060495288795362,0.1683106591796875,31.604010990898455
12,2,2,50.48604743083006,5.524924319236353,0.5716296075313647,-0.039271596413794345,0.1654212185546875,30.997178924492207
12,2,3,50.48604743083006,5.524924319236353,0.6269855278646143,-0.09376379360950218,0.16521758769531253,30.094147386640643
12,2,4,50.48604743083006,5.524924319236353,0.4494815834902433,-0.012775963413603708,0.184345898046875,30.82215894335939
12,2,5,50.48604743083006,5.524924319236353,0.6554787335976199,-0.11181320145714252,0.16651731171875,29.472608488085957
12,2,6,50.48604743083006,5.524924319236353,0.6983972676084194,-0.17202882986169282,0.17099426757812503,28.981394953671895
12,2,7,50.48604743083006,5.524924319236353,0.8740177050956522,-0.3858408594079985,0.17026065800781254,23.85297638304689
12,2,8,50.48604743083006,5.524924319236353,0.8892663828209527,-0.4235507922758871,0.1515293669921875,23.30877018699221
12,2,9,50.48604743083006,5.524924319236353,0.8713138148083867,-0.3962309622933827,0.1505934576171875,24.092184376484393
12,2,10,50.48604743083006,5.524924319236353,0.8445705622303433,-0.37187186243045744,0.14921175566406253,24.549164304335957
12,2,11,50.48604743083006,5.524924319236353,0.8527581484943922,-0.37182554250634425,0.146300190625,24.651738283437524
12,2,12,50.48604743083006,5.524924319236353,0.8171870301169463,-0.3123284105837414,0.145573625,25.950846240429705
12,2,13,50.48604743083006,5.524924319236353,0.709881546318651,-0.20579343861435045,0.1410790822265625,28.743735750546893
12,3,0,50.48604743083006,5.524924319236353,0.6738427246729082,-0.1728589898307181,0.16707502421875,27.80593654050783
12,3,1,50.48604743083006,5.524924319236353,0.5139719430041017,0.008574158850107549,0.17741450156250002,29.090351016992205
12,3,2,50.48604743083006,5.524924319236353,0.5670319448847259,-0.12641186755748815,0.1916848283203125,28.956674391054708
12,3,3,50.48604743083006,5.524924319236353,0.7219580786876711,-0.27110996155458156,0.18034312441406253,28.11182262722658
12,3,4,50.48604743083006,5.524924319236353,0.5243176682244726,-0.01897591869750974,0.17611042734375004,30.31131849722658
12,3,5,50.48604743083006,5.524924319236353,0.6057039807842816,-0.05563192835144237,0.1671267142578125,30.580754605039083
12,3,6,50.48604743083006,5.524924319236353,0.6696921300722507,-0.14590774735513795,0.16047206093750002,28.489600622890645
12,3,7,50.48604743083006,5.524924319236353,0.8730861742531543,-0.39090091747033906,0.157860458984375,23.232926192421893
12,3,8,50.48604743083006,5.524924319236353,0.8872308262572396,-0.42096182706975294,0.1691086775390625,23.201503106210957
12,3,9,50.48604743083006,5.524924319236353,0.7643506722072506,-0.3183365084840931,0.15623519160156252,24.959052995703146
12,3,10,50.48604743083006,5.524924319236353,0.3644276863950349,-0.007052890350193505,0.17733150390625002,30.66643875875002
12,3,11,50.48604743083006,5.524924319236353,0.5799987264938811,-0.036855839247540476,0.17036064726562503,31.540891109843766
12,3,12,50.48604743083006,5.524924319236353,0.5732738336316474,-0.021385973757904575,0.17068525957031255,32.078141101132836
12,3,13,50.48604743083006,5.524924319236353,0.6150316635579995,-0.07609383530376136,0.164132034765625,31.33779262847658
12,4,0,50.48604743083006,5.524924319236353,0.825334338794799,-0.33056836231626463,0.14951080429687502,24.755473855273454
12,4,1,50.48604743083006,5.524924319236353,0.7908697027505148,-0.3025358755793889,0.16106693496093752,25.444985956250015
12,4,2,50.48604743083006,5.524924319236353,0.7309146716521927,-0.24953428345399356,0.15814669335937503,25.970793591523456
12,4,3,50.48604743083006,5.524924319236353,0.6537621963197342,-0.12800982237348077,0.18138518925781252,28.764784611992205
12,4,4,50.48604743083006,5.524924319236353,0.55820653911661,-0.05458561971566051,0.16951436835937503,30.030299841171892
12,4,5,50.48604743083006,5.524924319236353,0.5992434330652519,-0.08110205574187876,0.16523148437500002,30.122539650429704
12,4,6,50.48604743083006,5.524924319236353,0.6233234205999849,-0.1082518171795924,0.1734158375,28.14441398199221
12,4,7,50.48604743083006,5.524924319236353,0.8820234929892078,-0.4143205854555355,0.16530325742187502,23.151314289101578
12,4,8,50.48604743083006,5.524924319236353,0.8884763042572539,-0.43525953100105697,0.173146459375,23.551656557421893
12,4,9,50.48604743083006,5.524924319236353,0.8821472850949302,-0.4063061124875794,0.169495675,23.548131724296894
12,4,10,50.48604743083006,5.524924319236353,0.7859317676911113,-0.3204601880047352,0.17042459921875,25.658191629570332
12,4,11,50.48604743083006,5.524924319236353,0.6436039693005942,-0.10572719422741057,0.1629593125,30.013917378125022
12,4,12,50.48604743083006,5.524924319236353,0.6795281475444805,-0.2048522323234798,0.15819424843750002,29.594302016562523
12,4,13,50.48604743083006,5.524924319236353,0.6523099965137065,-0.14698475517831594,0.14926190996093752,28.59004501531252
12,5,0,50.48604743083006,5.524924319236353,0.7979135076933668,-0.3274928871761744,0.15333986796875,25.34103008234377
12,5,1,50.48604743083006,5.524924319236353,0.5309666445708132,-0.09405721094808234,0.17031078730468752,27.13002308550783
12,5,2,50.48604743083006,5.524924319236353,0.6670146829464425,-0.1946189888240517,0.16131191660156252,26.780023178164083
12,5,3,50.48604743083006,5.524924319236353,0.5891297168290671,-0.07357683704992078,0.15437399433593751,30.657780219804707
12,5,4,50.48604743083006,5.524924319236353,0.69946015290357,-0.2255337230337711,0.1683647287109375,28.89045692937502
12,5,5,50.48604743083006,5.524924319236353,0.6384312736117982,-0.19342707252942912,0.1946779451171875,29.449002787460955
12,5,6,50.48604743083006,5.524924319236353,0.5599240182093126,-0.05494630353173336,0.181056609375,29.871094878359393
12,5,7,50.48604743083006,5.524924319236353,0.7834658514440178,-0.2718633118970833,0.17375719609375,26.91315906265627
12,5,8,50.48604743083006,5.524924319236353,0.7243252589278478,-0.20157654682168952,0.1638692876953125,26.835492569140648
12,5,9,50.48604743083006,5.524924319236353,0.8637011340565688,-0.38067132549995075,0.152768885546875,23.716208852304707
12,5,10,50.48604743083006,5.524924319236353,0.8941369051386907,-0.43640522890436984,0.16703762363281252,23.840746280234395
12,5,11,50.48604743083006,5.524924319236353,0.713109655272445,-0.18568795781105393,0.1579563,28.178340500820333
12,5,12,50.48604743083006,5.524924319236353,0.8007984697961905,-0.29457424842990043,0.16777733437500003,27.158875980898458
12,5,13,50.48604743083006,5.524924319236353,0.7052587424914234,-0.1562696742828967,0.156510014453125,28.646842894531268
12,6,0,50.48604743083006,5.524924319236353,0.4449756779301415,-0.02751735786230665,0.1841998919921875,28.37533728242189
12,6,1,50.48604743083006,5.524924319236353,0.4858649046711828,-0.10606078749280809,0.1908589498046875,26.48993875812502
12,6,2,50.48604743083006,5.524924319236353,0.5254690417660444,-0.15825241092795989,0.16877607285156251,25.094365197617208
12,6,3,50.48604743083006,5.524924319236353,0.6250299143285567,-0.1438401606174178,0.149996835546875,29.729620894296893
12,6,4,50.48604743083006,5.524924319236353,0.6347987890611619,-0.1719018986805224,0.18105207617187502,30.131685524257833
12,6,5,50.48604743083006,5.524924319236353,0.6506437718863032,-0.10620065655809599,0.1829085732421875,29.87359831097658
12,6,6,50.48604743083006,5.524924319236353,0.6519773914106958,-0.10629818308489765,0.1749103181640625,29.999644474296893
12,6,7,50.48604743083006,5.524924319236353,0.6893104108979949,-0.16204681082376365,0.156243967578125,28.638397981835958
12,6,8,50.48604743083006,5.524924319236353,0.760663477200098,-0.24534595862839648,0.16765305371093753,26.60342102761721
12,6,9,50.48604743083006,5.524924319236353,0.7883618778436843,-0.2946287742363739,0.17194729921875,26.70504036441408
12,6,10,50.48604743083006,5.524924319236353,0.6918660963699987,-0.16706629544832752,0.17561646953125,28.975039572734396
12,6,11,50.48604743083006,5.524924319236353,0.610882016255136,-0.05350350148356099,0.16496904453125003,30.654248710859395
12,6,12,50.48604743083006,5.524924319236353,0.5930761530437376,-0.06555957508651883,0.16053140410156252,31.40762170894533
12,6,13,50.48604743083006,5.524924319236353,0.5529498335027175,0.0036388802888209504,0.169356419140625,32.68735643539064
12,7,0,50.48604743083006,5.524924319236353,0.6224206989751253,-0.18641858724281432,0.1864285712890625,26.15297672785158
12,7,1,50.48604743083006,5.524924319236353,0.5248841542729149,-0.18074054960096736,0.2106137314453125,27.54589998769533
12,7,2,50.48604743083006,5.524924319236353,0.6496677136985346,-0.2320471835370083,0.1753842353515625,26.244101675117207
12,7,3,50.48604743083006,5.524924319236353,0.6135723655800669,-0.09219037760353727,0.16943877675781252,29.289043456953145
12,7,4,50.48604743083006,5.524924319236353,0.6147576481810335,-0.12235561131824507,0.17053324824218752,28.615433159960958
12,7,5,50.48604743083006,5.524924319236353,0.5929629635347204,-0.07040798830164122,0.16703590000000001,30.73711566839846
12,7,6,50.48604743083006,5.524924319236353,0.5725420029029515,-0.07887473556424618,0.1548011498046875,32.537851439492215
12,7,7,50.48604743083006,5.524924319236353,0.6108497078907378,-0.07161300269630269,0.1734220263671875,31.373688514296898
12,7,8,50.48604743083006,5.524924319236353,0.6857633790324037,-0.14260589686959121,0.170156708203125,28.95286249765627
12,7,9,50.48604743083006,5.524924319236353,0.6363013109838698,-0.1160589831179693,0.16836513691406252,29.93760607613283
12,7,10,50.48604743083006,5.524924319236353,0.4924120370421538,0.008255190518682294,0.18354826601562502,30.611643625625018
12,7,11,50.48604743083006,5.524924319236353,0.4974918970316543,0.015123806273928262,0.17677073339843752,31.86107012785158
12,7,12,50.48604743083006,5.524924319236353,0.6033066287115879,-0.10935151927548917,0.168993933984375,31.443717869375018
12,7,13,50.48604743083006,5.524924319236353,0.6479126817720628,-0.1148074227934038,0.157490955859375,30.130176788867207
12,8,0,50.48604743083006,5.524924319236353,0.5771623420837153,-0.1508486472670522,0.186001940234375,26.48240843281252
12,8,1,50.48604743083006,5.524924319236353,0.6981929721733602,-0.26165043970528234,0.18343835625000002,26.098375193515643
12,8,2,50.48604743083006,5.524924319236353,0.4764071073212861,-0.10477964551889285,0.193573358984375,29.61721343187502
12,8,3,50.48604743083006,5.524924319236353,0.7352625882102284,-0.2090144976531606,0.17268230546875002,27.230300582421894
12,8,4,50.48604743083006,5.524924319236353,0.8187374108372685,-0.36991537038468403,0.17164176386718752,25.29368516468752
12,8,5,50.48604743083006,5.524924319236353,0.6102017597807979,-0.11354575072024162,0.1909613923828125,30.827312676640645
12,8,6,50.48604743083006,5.524924319236353,0.5246231479411232,-0.06673748085455497,0.1605044001953125,32.62770798089845
12,8,7,50.48604743083006,5.524924319236353,0.6422714096095896,-0.17936139683806204,0.1613147265625,29.965564411601584
12,8,8,50.48604743083006,5.524924319236353,0.5431982704303319,-0.11141089111135583,0.184392720703125,29.61930296363283
12,8,9,50.48604743083006,5.524924319236353,0.48211408325798055,-0.03275908517060553,0.19378053886718755,28.65791808042971
12,8,10,50.48604743083006,5.524924319236353,0.3993359509239257,0.03141087812565992,0.19815407070312502,29.038760277617207
12,8,11,50.48604743083006,5.524924319236353,0.32578644257308187,0.017481505485134254,0.21222780664062502,29.05858746394533
12,8,12,50.48604743083006,5.524924319236353,0.393779111325886,-0.04634532652922288,0.20738359414062502,29.893705881757832
12,8,13,50.48604743083006,5.524924319236353,0.7217733911207227,-0.23232688066197982,0.15136134375000002,29.22940167828127
12,9,0,50.48604743083006,5.524924319236353,0.7297201476630939,-0.22585258912659778,0.172899121484375,26.665078904023456
12,9,1,50.48604743083006,5.524924319236353,0.5290535928746947,-0.17221479791173644,0.19402685253906254,29.816600157148457
12,9,2,50.48604743083006,5.524924319236353,0.5331746944376661,-0.1186675638762997,0.19039300019531252,29.66692158992189
12,9,3,50.48604743083006,5.524924319236353,0.6976725070236869,-0.1936622364860948,0.1609161240234375,28.85212436914064
12,9,4,50.48604743083006,5.524924319236353,0.5819390234773106,-0.08047876379473123,0.16829213847656252,31.47466029652346
12,9,5,50.48604743083006,5.524924319236353,0.4689054390677301,-0.006446021147100538,0.1776435630859375,32.33477298558596
12,9,6,50.48604743083006,5.524924319236353,0.5604916274770924,-0.1057741109566665,0.18266155625,30.83103778437502
12,9,7,50.48604743083006,5.524924319236353,0.6188237281250046,-0.1954596842967738,0.187724624609375,29.899587279453144
12,9,8,50.48604743083006,5.524924319236353,0.6215786905813689,-0.19778839828243933,0.18447773671875,28.48723738250002
12,9,9,50.48604743083006,5.524924319236353,0.5289787370133794,-0.06938518377348574,0.20071664609375,29.099803978554704
12,9,10,50.48604743083006,5.524924319236353,0.6174838841363794,-0.08189488390237881,0.16832209882812502,28.691577566445332
12,9,11,50.48604743083006,5.524924319236353,0.4874547103939385,-0.008796106483388702,0.16997189511718752,29.604208933906268
12,9,12,50.48604743083006,5.524924319236353,0.5804574573543312,-0.14733145586840035,0.17646319218750003,26.854098080351577
12,9,13,50.48604743083006,5.524924319236353,0.7704479238062795,-0.2409806436349533,0.15065782011718754,27.71748859718752
12,10,0,50.48604743083006,5.524924319236353,0.7432313544163073,-0.26078027462952047,0.1767200390625,26.764922472617208
12,10,1,50.48604743083006,5.524924319236353,0.6474948897990038,-0.21124396909584633,0.17514573632812502,27.498241306484395
12,10,2,50.48604743083006,5.524924319236353,0.4273245824062526,-0.023934669729192636,0.18261881171875002,30.446503858554706
12,10,3,50.48604743083006,5.524924319236353,0.6170631672940623,-0.10557144380980499,0.17552945527343752,31.876464569492207
12,10,4,50.48604743083006,5.524924319236353,0.5032232365162456,-0.03853926053331296,0.18098284609375004,31.91629251347658
12,10,5,50.48604743083006,5.524924319236353,0.639682194546606,-0.1429388350654611,0.165057196875,29.50556033714846
12,10,6,50.48604743083006,5.524924319236353,0.41623412387306946,0.05532564185305987,0.18617954375,32.47647394753908
12,10,7,50.48604743083006,5.524924319236353,0.4090506363427523,0.006473144454893637,0.18885477265625,30.97558264578127
12,10,8,50.48604743083006,5.524924319236353,0.48416388918558884,-0.024133981503468904,0.182010100390625,30.496005066171893
12,10,9,50.48604743083006,5.524924319236353,0.6584835787017314,-0.1172904873816926,0.160259877734375,28.277616624687518
12,10,10,50.48604743083006,5.524924319236353,0.757227926615226,-0.24337151335582471,0.15719516503906253,26.905001210234396
12,10,11,50.48604743083006,5.524924319236353,0.6445861381717982,-0.12847656709481076,0.16262206484375,28.868339936679703
12,10,12,50.48604743083006,5.524924319236353,0.5932306909609943,-0.0767862317668741,0.1605800509765625,30.14514397800783
12,10,13,50.48604743083006,5.524924319236353,0.6050860545835934,-0.0623208081192079,0.160389140625,31.50444780675783
12,11,0,50.48604743083006,5.524924319236353,0.7899896641168085,-0.339933552702513,0.1614126203125,25.406386363203143
12,11,1,50.48604743083006,5.524924319236353,0.6255948686817843,-0.1116085346979463,0.170865711328125,30.296978835195333
12,11,2,50.48604743083006,5.524924319236353,0.4572839115839925,-0.015103067070331735,0.1962882796875,33.47751987921877
12,11,3,50.48604743083006,5.524924319236353,0.34699576523730624,-0.002086575754867169,0.22381223808593753,33.83394192570315
12,11,4,50.48604743083006,5.524924319236353,0.36945004631599654,0.04377961432472377,0.2088759103515625,32.29749520496096
12,11,5,50.48604743083006,5.524924319236353,0.6352959914949634,-0.10865417334563277,0.16365967734375003,29.741911079492205
12,11,6,50.48604743083006,5.524924319236353,0.5744113066111057,-0.07817433115640793,0.17667812031250002,30.25871970898439
12,11,7,50.48604743083006,5.524924319236353,0.567179628812838,-0.04846818205261816,0.17315122714843753,29.954609390468768
12,11,8,50.48604743083006,5.524924319236353,0.7390413115721771,-0.24752779892759763,0.160432511328125,25.131803197929706
12,11,9,50.48604743083006,5.524924319236353,0.8828430298823905,-0.41440791499705537,0.167772540234375,23.631679615507828
12,11,10,50.48604743083006,5.524924319236353,0.8414815653554008,-0.347199743219794,0.17831836015625002,25.56663942980471
12,11,11,50.48604743083006,5.524924319236353,0.6209317206003103,-0.09263547462200032,0.18342338457031251,31.097176036953144
12,11,12,50.48604743083006,5.524924319236353,0.5785680830113694,-0.08031477766168718,0.1803460158203125,30.742082478710955
12,11,13,50.48604743083006,5.524924319236353,0.7031445234948822,-0.17360831972101431,0.16246225117187502,29.35405259515627
12,12,0,50.48604743083006,5.524924319236353,0.6170655758892689,-0.1320906201732988,0.17517135078125,30.070274653203143
12,12,1,50.48604743083006,5.524924319236353,0.7567930407965331,-0.2573344513244309,0.1602508578125,27.21273649917971
12,12,2,50.48604743083006,5.524924319236353,0.5656943037853295,-0.1374770039699091,0.18691994375,29.32734263808596
12,12,3,50.48604743083006,5.524924319236353,0.6923558451431782,-0.21705348271779545,0.16449207949218753,27.604553744960956
12,12,4,50.48604743083006,5.524924319236353,0.6015658121365123,-0.12060325537661598,0.1622884017578125,28.631148040976584
12,12,5,50.48604743083006,5.524924319236353,0.6829092794246372,-0.16612567723379829,0.15728117617187498,28.02797432410158
12,12,6,50.48604743083006,5.524924319236353,0.8412413293652417,-0.37082179116769487,0.13822572578125,24.188429677929705
12,12,7,50.48604743083006,5.524924319236353,0.8336354173624707,-0.3562608818488605,0.1654799109375,24.220259989179706
12,12,8,50.48604743083006,5.524924319236353,0.8656598194642456,-0.39305509801722305,0.1663599552734375,24.140323716757827
12,12,9,50.48604743083006,5.524924319236353,0.8225384458252656,-0.3139501141204128,0.1678989076171875,26.023298918281267
12,12,10,50.48604743083006,5.524924319236353,0.7168634887911027,-0.16707720561908304,0.16912310292968752,28.49686391539064
12,12,11,50.48604743083006,5.524924319236353,0.610886787973496,-0.055156318653710394,0.1665382537109375,30.641310971093766
12,12,12,50.48604743083006,5.524924319236353,0.7285260675356195,-0.19826424916149643,0.161669553515625,28.212080096679706
12,12,13,50.48604743083006,5.524924319236353,0.7146685656815943,-0.20281941859294417,0.1479619259765625,28.038555499296894
12,13,0,50.48604743083006,5.524924319236353,0.6897694299037972,-0.2226707637910349,0.171205609765625,28.863079390273455
12,13,1,50.48604743083006,5.524924319236353,0.7016580752143713,-0.23933680464808738,0.16270304179687503,28.596220149101583
12,13,2,50.48604743083006,5.524924319236353,0.8230214512918351,-0.3374392951352914,0.15911264218750001,24.877521202226582
12,13,3,50.48604743083006,5.524924319236353,0.8241731839709977,-0.3630700817401119,0.1433829087890625,25.22361575468752
12,13,4,50.48604743083006,5.524924319236353,0.5628420039720576,-0.1195994647088163,0.179910997265625,28.69972206722658
12,13,5,50.48604743083006,5.524924319236353,0.6388065009046138,-0.1589372380798309,0.16657093906250003,29.01444026421877
12,13,6,50.48604743083006,5.524924319236353,0.7569157361490793,-0.2935657914752816,0.1668876583984375,26.13929797203127
12,13,7,50.48604743083006,5.524924319236353,0.7164798661807388,-0.2403631780522732,0.1715158158203125,26.581050353750022
12,13,8,50.48604743083006,5.524924319236353,0.7261896397082821,-0.18843273109015507,0.16708172285156253,28.439371750859394
12,13,9,50.48604743083006,5.524924319236353,0.6443392717075203,-0.11785027386990837,0.16704092246093752,28.95019216953127
12,13,10,50.48604743083006,5.524924319236353,0.5239807217709642,0.01544534692161087,0.17262337363281252,32.202758638906275
12,13,11,50.48604743083006,5.524924319236353,0.5045092674134031,0.0470718137276766,0.1739380509765625,33.86953072378908
12,13,12,50.48604743083006,5.524924319236353,0.6975825967493642,-0.15553349774270803,0.1694270966796875,29.079903358203143
12,13,13,50.48604743083006,5.524924319236353,0.6455414869301292,-0.16383445587491313,0.141718546484375,30.296691774921896
13,0,0,50.425680919870665,3.640766902228386,0.7501697852689787,-0.3238814806982786,0.11961407551020409,28.180102917382833
13,0,1,50.425680919870665,3.640766902228386,0.7255978532032582,-0.2593763503038398,0.12226644520547945,27.15189307285158
13,0,2,50.425680919870665,3.640766902228386,0.8037906528790212,-0.37035020038510136,0.1350178099173554,25.828638673789083
13,0,3,50.425680919870665,3.640766902228386,0.7912498186631253,-0.3813545419631162,0.1513277533783784,26.846247315664083
13,0,4,50.425680919870665,3.640766902228386,0.7704736957408137,-0.32037032902084905,0.17225572773437503,29.010181090859394
13,0,5,50.425680919870665,3.640766902228386,0.7239468725814987,-0.24047465652988553,0.15936521191406253,29.162743612460957
13,0,6,50.425680919870665,3.640766902228386,0.6276726068461218,-0.11896834616023069,0.1639570404296875,30.93732351957033
13,0,7,50.425680919870665,3.640766902228386,0.47053457711589763,-0.028804172203557597,0.17210402304687503,31.862725731289082
13,0,8,50.425680919870665,3.640766902228386,0.6343451336172103,-0.10657077950874598,0.1582685326171875,30.560920742890644
13,0,9,50.425680919870665,3.640766902228386,0.8312814578120044,-0.40301205241721927,0.14910648515625002,24.084734161015643
13,0,10,50.425680919870665,3.640766902228386,0.8168864256213778,-0.3757964622458054,0.1483416443359375,23.98725383281252
13,0,11,50.425680919870665,3.640766902228386,0.8525217710865067,-0.4061834850194188,0.15053068847656254,23.946237592812516
13,0,12,50.425680919870665,3.640766902228386,0.7800742426998902,-0.2886207710968741,0.13515605234375,28.078804019960955
13,0,13,50.425680919870665,3.640766902228386,0.6547761911084098,-0.3384651622873065,0.11000579941406252,30.593285119765646
13,1,0,50.425680919870665,3.640766902228386,0.6244891215371741,-0.19804018114948307,0.13686884561752993,30.039018462500017
13,1,1,50.425680919870665,3.640766902228386,0.7557392798684064,-0.38508554359229985,0.13611676258503402,26.666941457890644
13,1,2,50.425680919870665,3.640766902228386,0.4661538120335293,-0.08084795132993246,0.143131388,29.663990904804706
13,1,3,50.425680919870665,3.640766902228386,0.7156482886864975,-0.35675544600317916,0.11534546293103451,26.77496958218752
13,1,4,50.425680919870665,3.640766902228386,0.7452377826469909,-0.29863397857430474,0.1473049076171875,27.015319140898455
13,1,5,50.425680919870665,3.640766902228386,0.6974216415595033,-0.24073859036644418,0.1410120134765625,29.89153624015627
13,1,6,50.425680919870665,3.640766902228386,0.5288875785268724,-0.13235908243302355,0.1355620779296875,31.557654094648456
13,1,7,50.425680919870665,3.640766902228386,0.5360112921735165,-0.09183150912845628,0.1386377521484375,31.35609772777346
13,1,8,50.425680919870665,3.640766902228386,0.45165454943488775,-0.03686631791971935,0.1459992677734375,34.64758422957033
13,1,9,50.425680919870665,3.640766902228386,0.6482175471358048,-0.18729034200224226,0.15293951445312498,30.546153828359394
13,1,10,50.425680919870665,3.640766902228386,0.713814283338041,-0.2534182850116346,0.14317275917968753,29.487615732148456
13,1,11,50.425680919870665,3.640766902228386,0.5992230020177931,-0.15301005766855041,0.1349486564453125,29.874092321679704
13,1,12,50.425680919870665,3.640766902228386,0.5387100552512982,-0.10322513578663492,0.1323236017578125,31.095186642500018
13,1,13,50.425680919870665,3.640766902228386,0.5472386493538289,-0.1056916703569515,0.14115830390625,30.749178875703144
13,2,0,50.425680919870665,3.640766902228386,0.6687280583254511,-0.22070864854055777,0.15200429570312501,30.251863641523457
13,2,1,50.425680919870665,3.640766902228386,0.7211324316638956,-0.2895456158931455,0.140809293359375,28.076000175429705
13,2,2,50.425680919870665,3.640766902228386,0.6574169658895211,-0.2803750034158434,0.10671588719008265,27.688295234960954
13,2,3,50.425680919870665,3.640766902228386,0.817845882441376,-0.37301932779676356,0.143282571875,26.701348635781272
13,2,4,50.425680919870665,3.640766902228386,0.8143661605362792,-0.37719456000003904,0.15565536601562502,26.045128850703144
13,2,5,50.425680919870665,3.640766902228386,0.6995106673361282,-0.24164426716485632,0.16668264472656252,29.86307054234377
13,2,6,50.425680919870665,3.640766902228386,0.5276334950185166,-0.022605832405116783,0.1593078912109375,33.33197364476564
13,2,7,50.425680919870665,3.640766902228386,0.5642557290543747,-0.09952102397131837,0.159510453125,34.60599386902345
13,2,8,50.425680919870665,3.640766902228386,0.6034246430010884,-0.07482862191443837,0.16729032402343752,34.03584543523439
13,2,9,50.425680919870665,3.640766902228386,0.583932752070149,-0.10377267871075652,0.166940631640625,32.45585233859377
13,2,10,50.425680919870665,3.640766902228386,0.6220250024463663,-0.1287186439662254,0.163896078125,31.467710767578147
13,2,11,50.425680919870665,3.640766902228386,0.6303247747294835,-0.13363556786789763,0.15729469414062502,32.71283804152346
13,2,12,50.425680919870665,3.640766902228386,0.6787663651514522,-0.1856429748498722,0.16147367675781252,30.82417504109377
13,2,13,50.425680919870665,3.640766902228386,0.577982277988857,-0.15630710336344683,0.1620991212890625,31.019529570898456
13,3,0,50.425680919870665,3.640766902228386,0.6748082048226749,-0.24653000398816635,0.14485116372549023,28.70892802343752
13,3,1,50.425680919870665,3.640766902228386,0.6884309848638412,-0.24852616066672603,0.1431495248046875,30.489088916328143
13,3,2,50.425680919870665,3.640766902228386,0.7055028571809472,-0.25537470099245113,0.13854550546875,28.182933465195333
13,3,3,50.425680919870665,3.640766902228386,0.7949770104222909,-0.32795438289076945,0.16512416464843752,27.795909458398455
13,3,4,50.425680919870665,3.640766902228386,0.6366545879103701,-0.10354200909086463,0.17508963613281253,32.692423383007835
13,3,5,50.425680919870665,3.640766902228386,0.6166907696636317,-0.1412896633919589,0.170505301171875,31.91109204945314
13,3,6,50.425680919870665,3.640766902228386,0.5560169500331309,-0.07131133814134052,0.16380910605468751,33.13237996906252
13,3,7,50.425680919870665,3.640766902228386,0.633339355273625,-0.1462119012495382,0.17337192617187502,31.57025804339846
13,3,8,50.425680919870665,3.640766902228386,0.70028712324785,-0.23242968024254482,0.17606082597656253,30.189571562187517
13,3,9,50.425680919870665,3.640766902228386,0.5183989662843032,-0.10056734642623465,0.17644439101562504,31.621067711796897
13,3,10,50.425680919870665,3.640766902228386,0.5536464692977506,-0.10755606722815553,0.16377725546875,32.778568168320334
13,3,11,50.425680919870665,3.640766902228386,0.5985000795786779,-0.16993529469278768,0.14511103554687502,34.28920616773439
13,3,12,50.425680919870665,3.640766902228386,0.6570340914340369,-0.19185519583918387,0.15626703671875003,31.688393359648455
13,3,13,50.425680919870665,3.640766902228386,0.6087881926509486,-0.1330907607154555,0.16872844121093752,33.58988061089846
13,4,0,50.425680919870665,3.640766902228386,0.6836818321110231,-0.2745465666835672,0.1544389828,27.554471740976584
13,4,1,50.425680919870665,3.640766902228386,0.7584764730184264,-0.3032622832699787,0.149946046484375,27.545459383554707
13,4,2,50.425680919870665,3.640766902228386,0.8434337241326015,-0.41802351249439135,0.167147746484375,26.333424150898455
13,4,3,50.425680919870665,3.640766902228386,0.8886831058828446,-0.5069963666282993,0.1612628701171875,25.52252560917971
13,4,4,50.425680919870665,3.640766902228386,0.8056221862141306,-0.3618099868076846,0.17915083554687503,27.70673385066408
13,4,5,50.425680919870665,3.640766902228386,0.6973712675358421,-0.18942886880766202,0.177451716015625,30.23370541027346
13,4,6,50.425680919870665,3.640766902228386,0.6500140881899656,-0.21369447356565793,0.1812086123046875,30.597103688984397
13,4,7,50.425680919870665,3.640766902228386,0.6523175102750189,-0.2397229723337563,0.1802427548828125,29.617714118398457
13,4,8,50.425680919870665,3.640766902228386,0.613722909050348,-0.2547302217093138,0.1811340193359375,31.32574944863283
13,4,9,50.425680919870665,3.640766902228386,0.6555395282837144,-0.23693006740664244,0.17232317324218752,33.154169846562525
13,4,10,50.425680919870665,3.640766902228386,0.5676103963720729,-0.14961063502141897,0.15627990996093752,36.143802457109395
13,4,11,50.425680919870665,3.640766902228386,0.47905855412484455,-0.09187707365911518,0.1760622888671875,32.895234804101584
13,4,12,50.425680919870665,3.640766902228386,0.5997747609853975,-0.11762383412071886,0.16054619726562502,32.47654070574221
13,4,13,50.425680919870665,3.640766902228386,0.5529037390643464,-0.10726310096520958,0.15477743164062502,35.242319709570324
13,5,0,50.425680919870665,3.640766902228386,0.7109221724181745,-0.2532807197578366,0.16268591699218748,28.65069484285158
13,5,1,50.425680919870665,3.640766902228386,0.8543822111388323,-0.43445283659267614,0.16697087363281252,25.443256918789082
13,5,2,50.425680919870665,3.640766902228386,0.8784601394598949,-0.4683285609404426,0.190166491015625,25.71589742035158
13,5,3,50.425680919870665,3.640766902228386,0.87635646004339,-0.4802611758147949,0.1797336896484375,26.51890514246096
13,5,4,50.425680919870665,3.640766902228386,0.803829753857024,-0.3514767256258946,0.1684964212890625,27.447738725820333
13,5,5,50.425680919870665,3.640766902228386,0.7723191013774753,-0.3256123263112157,0.15574042636718752,26.36213685406252
13,5,6,50.425680919870665,3.640766902228386,0.7335371322309665,-0.3091305830463742,0.17174219238281252,25.81435909414064
13,5,7,50.425680919870665,3.640766902228386,0.6939705318814435,-0.2850805214879948,0.18337663203125001,27.465750089023455
13,5,8,50.425680919870665,3.640766902228386,0.6245431173900209,-0.22513316592030047,0.16732315019531252,29.92750556000002
13,5,9,50.425680919870665,3.640766902228386,0.46126431709707016,-0.11335706978309475,0.18881316230468748,31.840835716484392
13,5,10,50.425680919870665,3.640766902228386,0.491159755122753,-0.08375845229800491,0.1814076134765625,33.45201824562501
13,5,11,50.425680919870665,3.640766902228386,0.3735848631076538,-0.02046196010684638,0.18920476777343753,30.826398089257832
13,5,12,50.425680919870665,3.640766902228386,0.5209212942365831,-0.024246989171664894,0.1655461240234375,34.66118955136721
13,5,13,50.425680919870665,3.640766902228386,0.48388665667466213,-0.03817661344322615,0.1512209607421875,36.90293668812502
13,6,0,50.425680919870665,3.640766902228386,0.742796600931453,-0.31402384623326435,0.165628851953125,29.25391529046877
13,6,1,50.425680919870665,3.640766902228386,0.7711522662436494,-0.3093462566484413,0.16195417226562503,27.785087953671894
13,6,2,50.425680919870665,3.640766902228386,0.8732494820958512,-0.46905548692194177,0.17370699687500002,25.181891877734394
13,6,3,50.425680919870665,3.640766902228386,0.8776940529122539,-0.4815542388938522,0.1590363421875,24.656044187539084
13,6,4,50.425680919870665,3.640766902228386,0.7148974664906776,-0.2095079978387697,0.16610608066406252,29.301513889296892
13,6,5,50.425680919870665,3.640766902228386,0.7843917843732264,-0.3147247924417248,0.16075325878906252,26.05849384296877
13,6,6,50.425680919870665,3.640766902228386,0.8233647557683128,-0.3743290567025752,0.16653470644531254,26.252633373476577
13,6,7,50.425680919870665,3.640766902228386,0.7306501462590602,-0.30609310613782603,0.15786051953125002,26.86419192066408
13,6,8,50.425680919870665,3.640766902228386,0.6759027271017961,-0.244569594534503,0.168217010546875,28.19703947351564
13,6,9,50.425680919870665,3.640766902228386,0.6971154925658846,-0.2792153734334743,0.16439756894531252,31.972763277500015
13,6,10,50.425680919870665,3.640766902228386,0.5257080409519808,-0.10431797517313911,0.1812142009765625,33.1571005316797
13,6,11,50.425680919870665,3.640766902228386,0.5231125891137809,-0.13183478927010922,0.1876243984375,31.486062597617206
13,6,12,50.425680919870665,3.640766902228386,0.4789204603008894,-0.025709114934901217,0.16937887480468752,34.87075690261721
13,6,13,50.425680919870665,3.640766902228386,0.5986763300112261,-0.13192880771726406,0.164538600390625,33.58118869285158
13,7,0,50.425680919870665,3.640766902228386,0.6911689230427652,-0.2640614802373651,0.16965538847656253,30.359618057187518
13,7,1,50.425680919870665,3.640766902228386,0.5232550054990845,-0.12670026237652054,0.17920316171875,28.913461806171895
13,7,2,50.425680919870665,3.640766902228386,0.8294180881584543,-0.41067374032885273,0.177814828515625,28.528026644609398
13,7,3,50.425680919870665,3.640766902228386,0.7605948747061639,-0.2882854147094708,0.16884747109375,28.69524259179689
13,7,4,50.425680919870665,3.640766902228386,0.7086638511055362,-0.20438435567861185,0.16022920234375002,29.130098851132832
13,7,5,50.425680919870665,3.640766902228386,0.8220024124927929,-0.3691448021464886,0.160845828515625,25.688833644804706
13,7,6,50.425680919870665,3.640766902228386,0.715558919242633,-0.2517494510184466,0.15614393671875,29.58938861281252
13,7,7,50.425680919870665,3.640766902228386,0.6685484531775736,-0.17495359380347042,0.1606250955078125,28.31714415675783
13,7,8,50.425680919870665,3.640766902228386,0.5356946044049111,-0.06399304277209908,0.15962705019531254,31.554790167734396
13,7,9,50.425680919870665,3.640766902228386,0.5210171664013195,-0.06787932967150061,0.1521419923828125,33.06385934937502
13,7,10,50.425680919870665,3.640766902228386,0.5976534421400637,-0.1459191748612092,0.1620774822265625,32.10937058855471
13,7,11,50.425680919870665,3.640766902228386,0.7105094449598571,-0.2632565168463435,0.1812707728515625,31.006011034765642
13,7,12,50.425680919870665,3.640766902228386,0.6347221567472279,-0.19278753817233749,0.17356713906250001,33.68848915273439
13,7,13,50.425680919870665,3.640766902228386,0.44895378648536677,-0.02282565433276245,0.187993765234375,34.714889849960954
13,8,0,50.425680919870665,3.640766902228386,0.691510575055037,-0.2832405599963332,0.17956546679687502,30.610655604218767
13,8,1,50.425680919870665,3.640766902228386,0.6512187693909286,-0.18093500610637403,0.1713272505859375,31.278064064140644
13,8,2,50.425680919870665,3.640766902228386,0.5517151329208281,-0.11299618473133766,0.1748901896484375,31.863513478085956
13,8,3,50.425680919870665,3.640766902228386,0.5435262622299257,-0.09567077546498262,0.176622319921875,31.68688462425783
13,8,4,50.425680919870665,3.640766902228386,0.6022211874960088,-0.08267075702857156,0.17239916660156251,32.85999314867189
13,8,5,50.425680919870665,3.640766902228386,0.735929741414891,-0.262672950778483,0.16281735996093752,30.820029356679708
13,8,6,50.425680919870665,3.640766902228386,0.8044267184288847,-0.36072066860671625,0.1620437080078125,25.95293577218752
13,8,7,50.425680919870665,3.640766902228386,0.7525538387337687,-0.30302283587920353,0.1671304341796875,28.948129341054702
13,8,8,50.425680919870665,3.640766902228386,0.6898660102911809,-0.2064650828078101,0.164534052734375,28.18055687316408
13,8,9,50.425680919870665,3.640766902228386,0.5080473153655034,-0.03041676565616141,0.15673293476562503,32.672896608593774
13,8,10,50.425680919870665,3.640766902228386,0.6074939722797785,-0.15006629349320819,0.151094358203125,32.01342569902346
13,8,11,50.425680919870665,3.640766902228386,0.7248118702554136,-0.28304558625479065,0.17269238886718752,30.345912598085956
13,8,12,50.425680919870665,3.640766902228386,0.5919403518591637,-0.09421583011092549,0.17825715468750003,32.90405356273439
13,8,13,50.425680919870665,3.640766902228386,0.6068253613314395,-0.17185597310721823,0.172629694140625,32.81067886402346
13,9,0,50.425680919870665,3.640766902228386,0.6257199063836367,-0.20613264757589303,0.1651936087890625,31.822303639296898
13,9,1,50.425680919870665,3.640766902228386,0.6540995086327335,-0.21843070776269355,0.16989652832031252,32.879059291484396
13,9,2,50.425680919870665,3.640766902228386,0.3747233117048804,-0.0025126444149795087,0.18802046132812503,33.13310095765627
13,9,3,50.425680919870665,3.640766902228386,0.6496024036534958,-0.20306893482716826,0.17337263496093752,32.98372947816408
13,9,4,50.425680919870665,3.640766902228386,0.49446983612405127,0.046387603747680646,0.17385896113281252,33.97902085273439
13,9,5,50.425680919870665,3.640766902228386,0.7456045790200874,-0.28927409215884203,0.1611206859375,30.882074430664083
13,9,6,50.425680919870665,3.640766902228386,0.8323768128403738,-0.3843822509813929,0.174959084765625,26.174613061484393
13,9,7,50.425680919870665,3.640766902228386,0.8266084979828263,-0.37411482647486516,0.1749549876953125,25.264064549960956
13,9,8,50.425680919870665,3.640766902228386,0.7628532540408838,-0.3067283802512219,0.1660800087890625,26.085417426289084
13,9,9,50.425680919870665,3.640766902228386,0.56500174383751,-0.10693664772481093,0.1537424525390625,33.08917406000002
13,9,10,50.425680919870665,3.640766902228386,0.6110544138559428,-0.1802395242328632,0.14675244296875,32.4188082116797
13,9,11,50.425680919870665,3.640766902228386,0.757878536487508,-0.29319780932560047,0.17092090488281253,29.797961266835955
13,9,12,50.425680919870665,3.640766902228386,0.7178413639098826,-0.2238078538084729,0.17649827128906254,31.93753497371096
13,9,13,50.425680919870665,3.640766902228386,0.5621249880800843,-0.17082921629234793,0.17672326738281252,32.429389386875016
13,10,0,50.425680919870665,3.640766902228386,0.6974918452672236,-0.2364228113430326,0.15966000585937504,29.700200554179705
13,10,1,50.425680919870665,3.640766902228386,0.42281920402102036,0.00345276986050814,0.163451745703125,33.972471873007834
13,10,2,50.425680919870665,3.640766902228386,0.47755394136166684,-0.04095526466726024,0.167158178125,34.70324721933596
13,10,3,50.425680919870665,3.640766902228386,0.6096088369754084,-0.1671974232919059,0.177228694140625,34.053276002070334
13,10,4,50.425680919870665,3.640766902228386,0.5406130281728017,-0.037756778829859935,0.17352796875,35.46675411265627
13,10,5,50.425680919870665,3.640766902228386,0.5929313012686581,-0.11842813992151222,0.17819605,31.46809128933596
13,10,6,50.425680919870665,3.640766902228386,0.5619979273705509,-0.07226910678302575,0.17997630273437504,31.20481028785158
13,10,7,50.425680919870665,3.640766902228386,0.7809781835052565,-0.3358790678803768,0.15823542734375,26.886515863789082
13,10,8,50.425680919870665,3.640766902228386,0.8487281955460121,-0.4085111763037447,0.17698225429687503,26.643556059335957
13,10,9,50.425680919870665,3.640766902228386,0.4891804419616099,-0.10274482046119889,0.1617735451171875,36.95821248031252
13,10,10,50.425680919870665,3.640766902228386,0.5186402360409457,-0.08573209781618472,0.14974762890625,35.90794572546877
13,10,11,50.425680919870665,3.640766902228386,0.7402576500830086,-0.3091954729446379,0.17062592011718752,30.4765116708594
13,10,12,50.425680919870665,3.640766902228386,0.6171989673902911,-0.1241828987984769,0.16614055527343752,32.818035618007826
13,10,13,50.425680919870665,3.640766902228386,0.47484662176858927,-0.06026426008986985,0.141392867578125,36.15572547218752
13,11,0,50.425680919870665,3.640766902228386,0.6198366551970279,-0.17670057635489775,0.145515292578125,30.989508406953146
13,11,1,50.425680919870665,3.640766902228386,0.5391643410621243,-0.09909265486023927,0.1489466193359375,33.05961352765627
13,11,2,50.425680919870665,3.640766902228386,0.5361683204281196,-0.09500578916739787,0.14929226621093752,34.63676272484377
13,11,3,50.425680919870665,3.640766902228386,0.479463413552265,-0.06941222931542382,0.15962795859375,35.75690529089846
13,11,4,50.425680919870665,3.640766902228386,0.6336600590944363,-0.14867619687033784,0.1719032744140625,34.01248006414065
13,11,5,50.425680919870665,3.640766902228386,0.6460054047675803,-0.13706513187378094,0.172824700390625,31.658145217812518
13,11,6,50.425680919870665,3.640766902228386,0.5849435076972145,-0.05861158976064191,0.182499109765625,30.74630827296877
13,11,7,50.425680919870665,3.640766902228386,0.7102060345407368,-0.19503236458317846,0.17038909511718753,29.416771926992208
13,11,8,50.425680919870665,3.640766902228386,0.5306190388300385,-0.14311322207032517,0.15799858437499997,34.23436430386721
13,11,9,50.425680919870665,3.640766902228386,0.26155147819962227,0.049248493794995164,0.14380082382812504,41.932072459062525
13,11,10,50.425680919870665,3.640766902228386,0.47446240429007497,-0.05861070258776885,0.1392179298828125,37.97184233328127
13,11,11,50.425680919870665,3.640766902228386,0.6894292154268553,-0.2457780079042485,0.14838435800781252,33.492186656445334
13,11,12,50.425680919870665,3.640766902228386,0.5148913466812335,-0.0841035317684915,0.14195409375,34.23975836667971
13,11,13,50.425680919870665,3.640766902228386,0.3717521423843212,0.009595448505307625,0.12539933964843752,37.15981557792971
13,12,0,50.425680919870665,3.640766902228386,0.4671600918714392,-0.09233287053878142,0.1439190693359375,32.28020483035158
13,12,1,50.425680919870665,3.640766902228386,0.48717580429116164,-0.09140331521637798,0.1643832064453125,32.47168738437502
13,12,2,50.425680919870665,3.640766902228386,0.527463232109002,-0.14432267699196888,0.17395955625,33.88902411910158
13,12,3,50.425680919870665,3.640766902228386,0.5759377671396377,-0.12544833023997135,0.1511956416015625,33.84865543367189
13,12,4,50.425680919870665,3.640766902228386,0.6007861418042237,-0.23258653906968646,0.17804132148437501,31.011004548359395
13,12,5,50.425680919870665,3.640766902228386,0.6082271819008607,-0.16259114948432868,0.17684976210937503,30.15977737613283
13,12,6,50.425680919870665,3.640766902228386,0.49066204109071926,-0.06174172185782172,0.1804697455078125,30.86858927363283
13,12,7,50.425680919870665,3.640766902228386,0.6285568270549469,-0.1749583330312272,0.15411893886718753,29.773434303007832
13,12,8,50.425680919870665,3.640766902228386,0.5959261564799272,-0.16605857899082518,0.15718099433593752,32.207778855781264
13,12,9,50.425680919870665,3.640766902228386,0.5588792603743624,-0.12501316572768023,0.14661886210937503,34.65745109199221
13,12,10,50.425680919870665,3.640766902228386,0.5060572772392411,-0.07070000591378553,0.136139363671875,37.387928358007834
13,12,11,50.425680919870665,3.640766902228386,0.5479490494501615,-0.14237533549217216,0.1448969708984375,35.68426569007814
13,12,12,50.425680919870665,3.640766902228386,0.5185497043910436,-0.12973311998479764,0.1807124849609375,31.196832682578147
13,12,13,50.425680919870665,3.640766902228386,0.5218457450752857,-0.06764928737894371,0.15137949589843752,33.31725346097658
13,13,0,50.425680919870665,3.640766902228386,0.5850981437377254,-0.14200824681632568,0.153030563671875,30.49019042667971
13,13,1,50.425680919870665,3.640766902228386,0.564200009800528,-0.1234555318155536,0.15562802480468751,32.459283710234395
13,13,2,50.425680919870665,3.640766902228386,0.5552542170912411,-0.11628563868101748,0.1703602568359375,33.724665423007835
13,13,3,50.425680919870665,3.640766902228386,0.5359138474727045,-0.0679571002050669,0.16402368632812503,34.31654365191408
13,13,4,50.425680919870665,3.640766902228386,0.4002088101813296,-0.0011921556033098711,0.1935315966796875,32.73014176777346
13,13,5,50.425680919870665,3.640766902228386,0.3722975848865851,0.0259419312153227,0.19818141542968754,31.81385872660158
13,13,6,50.425680919870665,3.640766902228386,0.4361021143841176,-0.05131089724219913,0.1897299642578125,31.508813793242204
13,13,7,50.425680919870665,3.640766902228386,0.584771541325595,-0.1822632946431367,0.17054987460937499,30.471117608046892
13,13,8,50.425680919870665,3.640766902228386,0.5343260877511389,-0.08111728980102992,0.16017306250000002,32.56705147753908
13,13,9,50.425680919870665,3.640766902228386,0.5681147795060146,-0.12186745293549747,0.152929692578125,32.32369779968752
13,13,10,50.425680919870665,3.640766902228386,0.4459027300266062,-0.03436217976528136,0.1435239728515625,37.029203153515645
13,13,11,50.425680919870665,3.640766902228386,0.5123094384717157,-0.08687716399191715,0.15320438671875003,35.96065132683596
13,13,12,50.425680919870665,3.640766902228386,0.5600011476583726,-0.15781886923129046,0.1897309845703125,28.875730069765645
13,13,13,50.425680919870665,3.640766902228386,0.5751950123683427,-0.16110529314873728,0.1773566193359375,28.798651048437517
14,0,0,50.78787998562705,4.206014127330777,0.6776230470451494,-0.2529654843295034,0.196307178515625,30.95211046156252
14,0,1,50.78787998562705,4.206014127330777,0.5084943503443857,-0.07025983236600078,0.170569597265625,34.115568081406266
14,0,2,50.78787998562705,4.206014127330777,0.5910380663460293,-0.11831087108520713,0.17304243281250004,33.53600006515627
14,0,3,50.78787998562705,4.206014127330777,0.653465379402408,-0.21018804666389446,0.1733720625,30.73335718156252
14,0,4,50.78787998562705,4.206014127330777,0.6582053134702224,-0.21051581535615896,0.1895667396484375,30.762223428593767
14,0,5,50.78787998562705,4.206014127330777,0.5853827060454443,-0.12249896416942019,0.180373653515625,31.85530221910158
14,0,6,50.78787998562705,4.206014127330777,0.5102102552972813,-0.049892284898844945,0.18106902968750002,31.85051565593752
14,0,7,50.78787998562705,4.206014127330777,0.6921669534093383,-0.1898688705164791,0.1687103375,28.819512986914084
14,0,8,50.78787998562705,4.206014127330777,0.6451485053009054,-0.22777000312892204,0.18387384101562504,29.16293721125002
14,0,9,50.78787998562705,4.206014127330777,0.5608010156768558,-0.13145931613785228,0.18062908203125,29.50239599832033
14,0,10,50.78787998562705,4.206014127330777,0.6782357958170072,-0.27202198567260516,0.18639947949218752,27.455195617109393
14,0,11,50.78787998562705,4.206014127330777,0.6472092641469744,-0.22999559799838454,0.17959629277343753,28.192673487031268
14,0,12,50.78787998562705,4.206014127330777,0.4956193901732524,-0.08026308414344435,0.18535319609375,31.391479575429706
14,0,13,50.78787998562705,4.206014127330777,0.5302286383380136,-0.1389177915989343,0.18879814179687499,33.39417893843752
14,1,0,50.78787998562705,4.206014127330777,0.7132399469238794,-0.23839463626614787,0.180236895703125,30.703496237304705
14,1,1,50.78787998562705,4.206014127330777,0.5237401228397112,-0.06826744279149646,0.16054554218750003,35.66119405507814
14,1,2,50.78787998562705,4.206014127330777,0.5572794074286191,-0.13122691232499992,0.18017313203125002,33.0428572186719
14,1,3,50.78787998562705,4.206014127330777,0.5296778311206045,-0.1195581847478511,0.19492507578125,32.75179145304689
14,1,4,50.78787998562705,4.206014127330777,0.5630074481222467,-0.10434593824442179,0.175528317578125,32.777246355898455
14,1,5,50.78787998562705,4.206014127330777,0.48330529098147856,-0.06257646896117222,0.1860431623046875,31.917721139023456
14,1,6,50.78787998562705,4.206014127330777,0.5122615368691652,-0.08143921625381542,0.1907826138671875,31.180870796210957
14,1,7,50.78787998562705,4.206014127330777,0.7268080935242143,-0.2853857946935445,0.1813728396484375,27.566501569179707
14,1,8,50.78787998562705,4.206014127330777,0.6993148906907993,-0.29666304084633727,0.19071202656250003,27.60271789437502
14,1,9,50.78787998562705,4.206014127330777,0.6767870774095919,-0.23512545283696903,0.18018996328125003,28.817009554296895
14,1,10,50.78787998562705,4.206014127330777,0.5626893856804127,-0.1185338403318787,0.166992982421875,31.213054925937517
14,1,11,50.78787998562705,4.206014127330777,0.6649059090194391,-0.24102458023017115,0.1815798154296875,30.408498413515645
14,1,12,50.78787998562705,4.206014127330777,0.5490326046027338,-0.10709232107222957,0.1747163087890625,31.232287964257836
14,1,13,50.78787998562705,4.206014127330777,0.5897662733170945,-0.0802206738240587,0.1751116958984375,32.430871418984395
14,2,0,50.78787998562705,4.206014127330777,0.6289124616302096,-0.17989927000133538,0.173286082421875,33.081316619492206
14,2,1,50.78787998562705,4.206014127330777,0.6810250965514267,-0.21729663725108556,0.17224057480468752,31.26514635183596
14,2,2,50.78787998562705,4.206014127330777,0.7336181696319405,-0.3007947348704356,0.182574387890625,29.457948386679703
14,2,3,50.78787998562705,4.206014127330777,0.5372717351841565,-0.13440808377513275,0.18622831640625,32.28416359179689
14,2,4,50.78787998562705,4.206014127330777,0.6493916563631095,-0.25356309374344305,0.19768116093750002,30.77897306175783
14,2,5,50.78787998562705,4.206014127330777,0.7123118579981023,-0.2893881013236239,0.1801557517578125,27.99119723000002
14,2,6,50.78787998562705,4.206014127330777,0.8155399124730025,-0.38150662740329644,0.175245892578125,26.118736445468766
14,2,7,50.78787998562705,4.206014127330777,0.7868084171694426,-0.33316054828053343,0.1723704197265625,26.335453600273453
14,2,8,50.78787998562705,4.206014127330777,0.6651737830099792,-0.1859971043859787,0.17203262734375,29.29481136570314
14,2,9,50.78787998562705,4.206014127330777,0.6462269372108165,-0.17394869545789782,0.17569018593750002,30.35262847332033
14,2,10,50.78787998562705,4.206014127330777,0.5248619713583738,-0.07622684757366174,0.158194391015625,33.04770386421876
14,2,11,50.78787998562705,4.206014127330777,0.5918781987097901,-0.10733769316765908,0.17318963945312502,31.441488145390643
14,2,12,50.78787998562705,4.206014127330777,0.6127542471146447,-0.1340070369569685,0.18011616777343753,29.794790252187518
14,2,13,50.78787998562705,4.206014127330777,0.6199787910709869,-0.11076707792492792,0.1743933560546875,28.885049514921896
14,3,0,50.78787998562705,4.206014127330777,0.6003536231209344,-0.12785783669273576,0.172185113671875,33.25267157527345
14,3,1,50.78787998562705,4.206014127330777,0.6342560842424412,-0.17487517532045155,0.180592594140625,31.672751912656267
14,3,2,50.78787998562705,4.206014127330777,0.6711923907275208,-0.21731117371070618,0.17749294003906252,31.046446478398455
14,3,3,50.78787998562705,4.206014127330777,0.5728385506253633,-0.12072085099997214,0.17816738203125002,32.24322746164064
14,3,4,50.78787998562705,4.206014127330777,0.5859153805335896,-0.12533594245595187,0.17614797148437503,30.82386127753908
14,3,5,50.78787998562705,4.206014127330777,0.7097200259555487,-0.23704398429063703,0.1738117927734375,28.967969879023457
14,3,6,50.78787998562705,4.206014127330777,0.7748537370719757,-0.29254137547380266,0.164619134375,26.771151012968772
14,3,7,50.78787998562705,4.206014127330777,0.6721448315319974,-0.23928010581070916,0.1795206666015625,28.16826001214846
14,3,8,50.78787998562705,4.206014127330777,0.6566600396392307,-0.18214663895015673,0.16845350488281252,28.705022668554705
14,3,9,50.78787998562705,4.206014127330777,0.6314220022520824,-0.1547179154650601,0.1595475548828125,31.060866250273456
14,3,10,50.78787998562705,4.206014127330777,0.6137664345070966,-0.13873613546296526,0.17195428535156249,29.970424408789082
14,3,11,50.78787998562705,4.206014127330777,0.5558577152648805,-0.07186154314491075,0.17249365332031252,30.620348895312517
14,3,12,50.78787998562705,4.206014127330777,0.6335434986325756,-0.17846767456216717,0.19294597695312501,28.35312015242189
14,3,13,50.78787998562705,4.206014127330777,0.5554219024376387,-0.1035815178886754,0.17686934472656252,29.732504848671894
14,4,0,50.78787998562705,4.206014127330777,0.7009540555910936,-0.28174167441379894,0.18849782343750002,29.94524989039064
14,4,1,50.78787998562705,4.206014127330777,0.5832007542887279,-0.19190528918867272,0.187476298828125,30.912062215507834
14,4,2,50.78787998562705,4.206014127330777,0.5906208263559989,-0.12814683130663662,0.181883937109375,32.74638403859377
14,4,3,50.78787998562705,4.206014127330777,0.6373222027154153,-0.1723345402167789,0.17195012109375002,32.029407612851585
14,4,4,50.78787998562705,4.206014127330777,0.6369047255628233,-0.1471241195642986,0.17046871328125002,31.199623175468773
14,4,5,50.78787998562705,4.206014127330777,0.6766054307782805,-0.1729196750419053,0.1597805970703125,28.20909600500002
14,4,6,50.78787998562705,4.206014127330777,0.6819173327520509,-0.25716078979210516,0.1762159666015625,27.338075025546896
14,4,7,50.78787998562705,4.206014127330777,0.5346952432791623,-0.12548766537674855,0.17733797910156252,30.858081532460957
14,4,8,50.78787998562705,4.206014127330777,0.5738896070308899,-0.09698845978043336,0.16811013203125003,31.157645617343768
14,4,9,50.78787998562705,4.206014127330777,0.6071662664683399,-0.1270181820761541,0.17630479179687503,30.72273595144533
14,4,10,50.78787998562705,4.206014127330777,0.4931688105019587,-0.07962893188229371,0.18859242832031253,30.57981999019533
14,4,11,50.78787998562705,4.206014127330777,0.5613913879758978,-0.16828936262136213,0.18335326582031253,30.135510769296893
14,4,12,50.78787998562705,4.206014127330777,0.46918941991619106,-0.08990654467694742,0.20330884843750002,30.31876871269533
14,4,13,50.78787998562705,4.206014127330777,0.5713514303540634,-0.13660796629952668,0.181921208203125,29.57077642578127
14,5,0,50.78787998562705,4.206014127330777,0.5170783862391086,-0.1326938340945824,0.19144072695312503,32.46194736253908
14,5,1,50.78787998562705,4.206014127330777,0.6102024926270047,-0.19870802211498512,0.18072197382812502,31.04284153542971
14,5,2,50.78787998562705,4.206014127330777,0.7121719630876471,-0.3217149485228332,0.194150839453125,30.45914118640627
14,5,3,50.78787998562705,4.206014127330777,0.623041750175026,-0.22167002047561038,0.187364042578125,31.72087790128908
14,5,4,50.78787998562705,4.206014127330777,0.6232426820627387,-0.17488584331336843,0.17888009824218754,31.012239575117206
14,5,5,50.78787998562705,4.206014127330777,0.7512686872632826,-0.23119994161967009,0.15551766425781252,26.926564109843767
14,5,6,50.78787998562705,4.206014127330777,0.8176741059657366,-0.3392206994013539,0.1743037326171875,25.892406109414082
14,5,7,50.78787998562705,4.206014127330777,0.7465635710924979,-0.3233770719757997,0.1726271322265625,26.900254701992203
14,5,8,50.78787998562705,4.206014127330777,0.643314292880831,-0.2034930570863197,0.1838789421875,29.133590305156268
14,5,9,50.78787998562705,4.206014127330777,0.602990877414191,-0.16061219348842956,0.1927191171875,29.822801994218768
14,5,10,50.78787998562705,4.206014127330777,0.5756002588643194,-0.18222486553395445,0.19814238652343752,30.017755974804707
14,5,11,50.78787998562705,4.206014127330777,0.6532014804158401,-0.20013512766167468,0.18457842128906252,28.005683760078142
14,5,12,50.78787998562705,4.206014127330777,0.513364857460451,-0.11191092120435989,0.1930897701171875,29.85011945093752
14,5,13,50.78787998562705,4.206014127330777,0.4862958471976083,-0.08468762097958776,0.1944224259765625,30.130630744648457
14,6,0,50.78787998562705,4.206014127330777,0.6381215753527223,-0.2709846982754526,0.18641652070312503,29.77374806656252
14,6,1,50.78787998562705,4.206014127330777,0.6581356794092503,-0.2592158871908378,0.1874163884765625,29.503343964804706
14,6,2,50.78787998562705,4.206014127330777,0.7087898025862576,-0.3176533724895279,0.19742500234375,29.52968007593752
14,6,3,50.78787998562705,4.206014127330777,0.6160771124427593,-0.2511562382576763,0.19476466210937501,30.59528119003908
14,6,4,50.78787998562705,4.206014127330777,0.6809463294495821,-0.24157081575041506,0.18088003515625,29.70614203425783
14,6,5,50.78787998562705,4.206014127330777,0.6399710611063535,-0.16658011981121582,0.172661894921875,28.472670742578142
14,6,6,50.78787998562705,4.206014127330777,0.6516978457343969,-0.20679150699701482,0.1786021306640625,29.355594709648457
14,6,7,50.78787998562705,4.206014127330777,0.6097325688291151,-0.17499676117901275,0.17731611601562502,28.568996153867207
14,6,8,50.78787998562705,4.206014127330777,0.6622210205268078,-0.21624259866068796,0.1849213609375,28.741459295820334
14,6,9,50.78787998562705,4.206014127330777,0.7207485435293741,-0.30888027802121176,0.18045391835937502,27.004170520976583
14,6,10,50.78787998562705,4.206014127330777,0.580213579511961,-0.12315365103785646,0.18656803886718748,28.62783015828127
14,6,11,50.78787998562705,4.206014127330777,0.6978154625260723,-0.24421329669335717,0.18278349375000003,27.82718567656252
14,6,12,50.78787998562705,4.206014127330777,0.531282355027631,-0.11031389288777886,0.1819461720703125,29.71219032746096
14,6,13,50.78787998562705,4.206014127330777,0.5810703332876903,-0.1135344605503954,0.1831056736328125,30.065948721640645
14,7,0,50.78787998562705,4.206014127330777,0.5571321427021939,-0.10652396502533615,0.17816924667968753,31.760732548554703
14,7,1,50.78787998562705,4.206014127330777,0.5689255638109133,-0.166569862648212,0.19177935351562503,30.55311003312502
14,7,2,50.78787998562705,4.206014127330777,0.5946901515065744,-0.21140701039716148,0.189122837890625,29.53643600609377
14,7,3,50.78787998562705,4.206014127330777,0.5397049821004307,-0.13338498544861035,0.18494150761718753,30.858114911562517
14,7,4,50.78787998562705,4.206014127330777,0.6976708951357906,-0.31052008886881965,0.1937094640625,28.468004344179704
14,7,5,50.78787998562705,4.206014127330777,0.7134283627294611,-0.2521581404451143,0.172250837890625,28.00794018734377
14,7,6,50.78787998562705,4.206014127330777,0.6197778916969652,-0.1316340851729797,0.171465705078125,29.50314369019533
14,7,7,50.78787998562705,4.206014127330777,0.6264583329317244,-0.1496314548049157,0.17076296191406254,29.612967610156268
14,7,8,50.78787998562705,4.206014127330777,0.5098640027738992,-0.058492240028222356,0.1828842119140625,30.27112338312502
14,7,9,50.78787998562705,4.206014127330777,0.7868139120174272,-0.37382342000189633,0.17306528281250003,25.68085603953127
14,7,10,50.78787998562705,4.206014127330777,0.5592101985322449,-0.12236143500439252,0.18813220292968752,29.840593055351583
14,7,11,50.78787998562705,4.206014127330777,0.637489165190045,-0.1839920981012928,0.17823354609375003,28.549249077382832
14,7,12,50.78787998562705,4.206014127330777,0.5451894611833761,-0.1163112306408877,0.1452220314453125,31.01958965328127
14,7,13,50.78787998562705,4.206014127330777,0.6218733261284866,-0.1599795323488371,0.1541173748046875,30.837760335429707
14,8,0,50.78787998562705,4.206014127330777,0.5471502111519798,-0.1029796845058129,0.1830171451171875,31.081935139179706
14,8,1,50.78787998562705,4.206014127330777,0.6030721751288941,-0.1174924511059682,0.17264457695312502,30.037449644726582
14,8,2,50.78787998562705,4.206014127330777,0.6435455673484163,-0.17793057127356787,0.17528297656250003,28.61985255300783
14,8,3,50.78787998562705,4.206014127330777,0.5906226617403694,-0.18609866536819294,0.180561545703125,29.856067606835957
14,8,4,50.78787998562705,4.206014127330777,0.4830223777478018,-0.13501815531744715,0.1984031314453125,30.75133516566408
14,8,5,50.78787998562705,4.206014127330777,0.4470096530713311,-0.0770112644194739,0.18473611171875004,31.298912650976575
14,8,6,50.78787998562705,4.206014127330777,0.6502233732096157,-0.18065895937877877,0.17333857226562502,29.288582825351583
14,8,7,50.78787998562705,4.206014127330777,0.5556299530187974,-0.07968176430033624,0.17107760371093753,30.55353060980471
14,8,8,50.78787998562705,4.206014127330777,0.6561991990829115,-0.20810740869286962,0.1757318619140625,29.42511670238283
14,8,9,50.78787998562705,4.206014127330777,0.7022070873219909,-0.2586357181176096,0.1641658041015625,26.552764903085954
14,8,10,50.78787998562705,4.206014127330777,0.690273169872045,-0.2348136359593976,0.18054507109375,28.43690169734377
14,8,11,50.78787998562705,4.206014127330777,0.6741883507802189,-0.20298659309802553,0.17893308671875002,29.185568242109397
14,8,12,50.78787998562705,4.206014127330777,0.563992546175456,-0.13281905093152918,0.1388689572265625,31.35325382832033
14,8,13,50.78787998562705,4.206014127330777,0.6386874251684516,-0.17578620402704834,0.15207705859375,29.699032285625016
14,9,0,50.78787998562705,4.206014127330777,0.6646206116514903,-0.242642769149099,0.18694355175781252,29.124618002656263
14,9,1,50.78787998562705,4.206014127330777,0.5232596416578001,-0.057801216590647915,0.16603517812500002,30.640469817734395
14,9,2,50.78787998562705,4.206014127330777,0.5594827020716235,-0.16607405518429208,0.19118672109375,30.032803273789078
14,9,3,50.78787998562705,4.206014127330777,0.6342086512693252,-0.17780476840799936,0.17412752460937503,30.075334925000018
14,9,4,50.78787998562705,4.206014127330777,0.45042558035681485,-0.10738052878356152,0.20684103652343752,30.471791865898453
14,9,5,50.78787998562705,4.206014127330777,0.5594803367054382,-0.21512736742552246,0.19906155195312503,30.19148752261721
14,9,6,50.78787998562705,4.206014127330777,0.5720858608809916,-0.144663220580544,0.1810281048828125,29.530554608398454
14,9,7,50.78787998562705,4.206014127330777,0.5539185389508343,-0.12344406197283603,0.17929507421875002,29.88381899187502
14,9,8,50.78787998562705,4.206014127330777,0.6665992929182843,-0.22209234725584498,0.175149616015625,28.767641863085956
14,9,9,50.78787998562705,4.206014127330777,0.629803392973243,-0.20044625812878714,0.18383702675781252,29.049701947109394
14,9,10,50.78787998562705,4.206014127330777,0.5822763405017183,-0.15417527242023127,0.17845186406250002,29.56078939859377
14,9,11,50.78787998562705,4.206014127330777,0.5924731075642493,-0.11407889354262249,0.16679853925781252,30.58014042957033
14,9,12,50.78787998562705,4.206014127330777,0.5369236170182633,-0.10409420884984497,0.1526860978515625,32.39324649570314
14,9,13,50.78787998562705,4.206014127330777,0.5710184466511761,-0.1190508501446487,0.16044788105468752,31.213789266171897
14,10,0,50.78787998562705,4.206014127330777,0.7083616293003756,-0.28020366548202735,0.17694941855468752,27.242009971250024
14,10,1,50.78787998562705,4.206014127330777,0.588561136232054,-0.13749353942332304,0.185205005078125,29.804183131367207
14,10,2,50.78787998562705,4.206014127330777,0.5630868416270608,-0.15148100199955572,0.19011143652343754,30.403952179882832
14,10,3,50.78787998562705,4.206014127330777,0.61250952904388,-0.09273230744964422,0.16861603398437502,30.39435902609377
14,10,4,50.78787998562705,4.206014127330777,0.6215531876143642,-0.1733169320498828,0.1769274169921875,29.73489479234377
14,10,5,50.78787998562705,4.206014127330777,0.8022464096492478,-0.39438729336182143,0.1855484447265625,26.435637635703145
14,10,6,50.78787998562705,4.206014127330777,0.6740148885888697,-0.2355468928055956,0.1712256677734375,27.939559759882833
14,10,7,50.78787998562705,4.206014127330777,0.4888741314721182,-0.12552459823143688,0.19298887519531252,29.0600160894922
14,10,8,50.78787998562705,4.206014127330777,0.44210173946737547,-0.08566032108835056,0.1973945365234375,31.22240107437502
14,10,9,50.78787998562705,4.206014127330777,0.6095528963481606,-0.16152238338557268,0.1931876197265625,29.64602627234377
14,10,10,50.78787998562705,4.206014127330777,0.5912410734367942,-0.15836074670896394,0.18207643750000002,29.749414701523456
14,10,11,50.78787998562705,4.206014127330777,0.5834154216740108,-0.15724693152943692,0.18572709218750003,29.753466924453143
14,10,12,50.78787998562705,4.206014127330777,0.5620432422745284,-0.1060643323568215,0.17251589609375,31.148820182890645
14,10,13,50.78787998562705,4.206014127330777,0.6566832610374522,-0.2426594873651381,0.16987750273437502,30.88242157332033
14,11,0,50.78787998562705,4.206014127330777,0.6018462283177997,-0.22870818063157158,0.178631535546875,29.03257846800783
14,11,1,50.78787998562705,4.206014127330777,0.6142013446873376,-0.1316659580006167,0.1829189236328125,29.44081155593752
14,11,2,50.78787998562705,4.206014127330777,0.6251600141478092,-0.18665984160106264,0.19052496386718754,29.265704789140646
14,11,3,50.78787998562705,4.206014127330777,0.802752065919758,-0.362421110863418,0.17425163281250003,26.42035000718752
14,11,4,50.78787998562705,4.206014127330777,0.7350892520426334,-0.2818160608487831,0.16618970839843752,27.311805672617204
14,11,5,50.78787998562705,4.206014127330777,0.6246317545959209,-0.22414931995338594,0.18695194355468753,29.575950186523453
14,11,6,50.78787998562705,4.206014127330777,0.7250034862495978,-0.23950804993256197,0.16985551796875,27.371434099648454
14,11,7,50.78787998562705,4.206014127330777,0.7757156004863828,-0.30703233863257623,0.17650722421875,27.22345786660158
14,11,8,50.78787998562705,4.206014127330777,0.5419528332005008,-0.13128655469380074,0.19076023183593752,30.92914563968752
14,11,9,50.78787998562705,4.206014127330777,0.5493881336615172,-0.10740476270752593,0.1814727056640625,29.690073334765646
14,11,10,50.78787998562705,4.206014127330777,0.6506624285683544,-0.1823212998597864,0.17463968144531253,29.39936138761721
14,11,11,50.78787998562705,4.206014127330777,0.6378971094848793,-0.19256226294586615,0.1802433748046875,30.325164148554705
14,11,12,50.78787998562705,4.206014127330777,0.6406442572120292,-0.1992178637855427,0.1930024150390625,31.540363720039082
14,11,13,50.78787998562705,4.206014127330777,0.5699461990010619,-0.12138029109550776,0.1722377486328125,33.11918854812502
14,12,0,50.78787998562705,4.206014127330777,0.6414621244645169,-0.1536021860574101,0.18416573945312503,29.854812552617208
14,12,1,50.78787998562705,4.206014127330777,0.666214095634435,-0.1900687773152178,0.173976156640625,28.37489000246096
14,12,2,50.78787998562705,4.206014127330777,0.7216418633241454,-0.24228728071109545,0.1792548599609375,28.081087150507834
14,12,3,50.78787998562705,4.206014127330777,0.5521646745542449,-0.16790761995296935,0.2068863595703125,29.996526866210953
14,12,4,50.78787998562705,4.206014127330777,0.6599908078351935,-0.2362516071128105,0.18304041796875,26.955370274492207
14,12,5,50.78787998562705,4.206014127330777,0.682900662266024,-0.2751121291998164,0.19752031328125003,28.978891521054706
14,12,6,50.78787998562705,4.206014127330777,0.6710375412811544,-0.2583400607976072,0.18119340332031253,28.940478850976582
14,12,7,50.78787998562705,4.206014127330777,0.6582907971364544,-0.23550026167679233,0.20125035546874998,30.710726150703145
14,12,8,50.78787998562705,4.206014127330777,0.6497551759993843,-0.16250589467679344,0.17900385839843752,29.344759853281268
14,12,9,50.78787998562705,4.206014127330777,0.5708962596045125,-0.10986476795699032,0.18387108750000003,30.236215518710956
14,12,10,50.78787998562705,4.206014127330777,0.5524812082448891,-0.07991437569351631,0.17864417578125003,30.75042057828127
14,12,11,50.78787998562705,4.206014127330777,0.5992324259309489,-0.14834194418445107,0.19139745664062502,30.20098053910158
14,12,12,50.78787998562705,4.206014127330777,0.6191962175475325,-0.17828338579357128,0.1897355298828125,30.86364249078127
14,12,13,50.78787998562705,4.206014127330777,0.46904868689305007,-0.057413505775318584,0.16477245175781252,34.89361491136721
14,13,0,50.78787998562705,4.206014127330777,0.5488857866905419,-0.08716559052535364,0.16106114140625002,34.042714854335955
14,13,1,50.78787998562705,4.206014127330777,0.5854623025843033,-0.10924952644591883,0.16927322929687502,31.56276109718752
14,13,2,50.78787998562705,4.206014127330777,0.5104405657016788,-0.085098659557001,0.18823811015625003,30.765474553085955
14,13,3,50.78787998562705,4.206014127330777,0.5866407519233688,-0.14267171841268367,0.19280942128906253,29.833463279257835
14,13,4,50.78787998562705,4.206014127330777,0.7853370415645435,-0.3667108073222916,0.170853416015625,26.174573006562518
14,13,5,50.78787998562705,4.206014127330777,0.6398046985276736,-0.20159072945928636,0.16733577968750002,29.215068692070332
14,13,6,50.78787998562705,4.206014127330777,0.5830752463606272,-0.11062731584568972,0.166038666015625,30.224252448710956
14,13,7,50.78787998562705,4.206014127330777,0.5845334973958112,-0.111576177225195,0.1800153923828125,29.62348202714845
14,13,8,50.78787998562705,4.206014127330777,0.6214999101730909,-0.1691446184580947,0.174550327734375,30.63853382984377
14,13,9,50.78787998562705,4.206014127330777,0.6629516504341282,-0.22037487416896864,0.18409375859375002,30.329710382187518
14,13,10,50.78787998562705,4.206014127330777,0.5742055776782244,-0.11134291790336255,0.1820605302734375,30.56118109988283
14,13,11,50.78787998562705,4.206014127330777,0.6096561297591,-0.13199022360991636,0.1946244443359375,30.195793426718765
14,13,12,50.78787998562705,4.206014127330777,0.6230861949681091,-0.19615844403921484,0.189021627734375,30.28634425343752
14,13,13,50.78787998562705,4.206014127330777,0.3890631715967324,-0.06026961769849146,0.171213118359375,34.53764014484376
